system,variant,parameter,selected_position,test_index,relative_error,history_stratum
sei,without_sensitivity,overall,0,0,0.009663540338570675,high
sei,without_sensitivity,overall,1,4,0.00977708851134713,medium
sei,without_sensitivity,overall,2,9,0.04785162967718562,low
sei,without_sensitivity,overall,3,10,0.007630169962908987,high
sei,without_sensitivity,overall,4,12,0.012448862061799336,low
sei,without_sensitivity,overall,5,14,0.008091443391742803,medium
sei,without_sensitivity,overall,6,16,0.029443366528715056,low
sei,without_sensitivity,overall,7,20,0.01092809030420771,low
sei,without_sensitivity,overall,8,21,0.019506917707992195,medium
sei,without_sensitivity,overall,9,27,0.007857140019050312,low
sei,without_sensitivity,overall,10,34,0.018375125615635857,medium
sei,without_sensitivity,overall,11,35,0.012085907420678582,medium
sei,without_sensitivity,overall,12,37,0.008985604175377493,medium
sei,without_sensitivity,overall,13,42,0.014929188028819795,high
sei,without_sensitivity,overall,14,46,0.024588025084704982,high
sei,without_sensitivity,overall,15,51,0.01006096041725196,medium
sei,without_sensitivity,overall,16,61,0.02026086902591608,low
sei,without_sensitivity,overall,17,62,0.05955838303377513,low
sei,without_sensitivity,overall,18,68,0.008291908698141752,high
sei,without_sensitivity,overall,19,71,0.012261570603091762,low
sei,without_sensitivity,overall,20,78,0.01905075193002066,medium
sei,without_sensitivity,overall,21,79,0.004663533839284873,high
sei,without_sensitivity,overall,22,80,0.009443522085078931,medium
sei,without_sensitivity,overall,23,87,0.017559574906043467,high
sei,without_sensitivity,overall,24,88,0.007585580086318467,low
sei,without_sensitivity,overall,25,94,0.005640325944232827,medium
sei,without_sensitivity,overall,26,97,0.01977330314588175,medium
sei,without_sensitivity,overall,27,103,0.020461579027805224,low
sei,without_sensitivity,overall,28,104,0.017363194371034358,high
sei,without_sensitivity,overall,29,109,0.011516039103099868,high
sei,without_sensitivity,overall,30,110,0.007472044176056749,high
sei,without_sensitivity,overall,31,112,0.01373569786838213,medium
sei,without_sensitivity,overall,32,115,0.021318695959811576,low
sei,without_sensitivity,overall,33,118,0.00823670762879556,low
sei,without_sensitivity,overall,34,122,0.013049352889140572,high
sei,without_sensitivity,overall,35,124,0.005471123795208735,high
sei,without_sensitivity,overall,36,125,0.011061703252737014,high
sei,without_sensitivity,overall,37,138,0.012002953338195163,medium
sei,without_sensitivity,overall,38,145,0.007155714592892927,medium
sei,without_sensitivity,overall,39,146,0.06847156929770809,high
sei,without_sensitivity,overall,40,147,0.005367676224746666,medium
sei,without_sensitivity,overall,41,156,0.010728923990324971,high
sei,without_sensitivity,overall,42,161,0.004411754605150617,high
sei,without_sensitivity,overall,43,169,0.08156162090429077,low
sei,without_sensitivity,overall,44,170,0.006631365595829453,high
sei,without_sensitivity,overall,45,176,0.031144230485293887,low
sei,without_sensitivity,overall,46,182,0.03853520896780873,low
sei,without_sensitivity,overall,47,185,0.026803267761193933,medium
sei,without_sensitivity,overall,48,187,0.011449472972921704,low
sei,without_sensitivity,overall,49,188,0.01016304503401667,high
sei,without_sensitivity,overall,50,189,0.007632599422970463,high
sei,without_sensitivity,overall,51,191,0.013914061188231033,medium
sei,without_sensitivity,overall,52,197,0.017310814840515342,high
sei,without_sensitivity,overall,53,201,0.00845160016228581,high
sei,without_sensitivity,overall,54,203,0.015609416086844255,low
sei,without_sensitivity,overall,55,205,0.022392352661837568,high
sei,without_sensitivity,overall,56,207,0.01327743406854631,low
sei,without_sensitivity,overall,57,217,0.009459068511399509,high
sei,without_sensitivity,overall,58,220,0.010193631580229479,high
sei,without_sensitivity,overall,59,223,0.03754286025983237,low
sei,without_sensitivity,overall,60,234,0.007116788394228408,high
sei,without_sensitivity,overall,61,241,0.01164286719142312,low
sei,without_sensitivity,overall,62,243,0.005223900043027327,high
sei,without_sensitivity,overall,63,248,0.005362194162016897,high
sei,without_sensitivity,overall,64,250,0.06097891776164206,low
sei,without_sensitivity,overall,65,251,0.006734636954846443,high
sei,without_sensitivity,overall,66,256,0.005842590257402282,high
sei,without_sensitivity,overall,67,259,0.008761170786619534,high
sei,without_sensitivity,overall,68,261,0.005579261037737662,high
sei,without_sensitivity,overall,69,265,0.005950501029889939,high
sei,without_sensitivity,overall,70,272,0.00756131170250294,high
sei,without_sensitivity,overall,71,287,0.009678653116845164,medium
sei,without_sensitivity,overall,72,291,0.02916613339930327,low
sei,without_sensitivity,overall,73,292,0.019773249194853383,high
sei,without_sensitivity,overall,74,294,0.007951455991687457,medium
sei,without_sensitivity,overall,75,303,0.008072787337755967,medium
sei,without_sensitivity,overall,76,305,0.012156922705661849,high
sei,without_sensitivity,overall,77,313,0.013662744942330104,low
sei,without_sensitivity,overall,78,314,0.03596788345723125,low
sei,without_sensitivity,overall,79,316,0.004406049886489401,high
sei,without_sensitivity,overall,80,323,0.00913744562268479,medium
sei,without_sensitivity,overall,81,325,0.01810212998480807,high
sei,without_sensitivity,overall,82,328,0.027952992704640772,low
sei,without_sensitivity,overall,83,331,0.008111519787162357,medium
sei,without_sensitivity,overall,84,332,0.03507917211853066,low
sei,without_sensitivity,overall,85,339,0.00988193099469026,medium
sei,without_sensitivity,overall,86,351,0.012401803523971336,medium
sei,without_sensitivity,overall,87,362,0.01886033259306065,low
sei,without_sensitivity,overall,88,363,0.019253828218818256,medium
sei,without_sensitivity,overall,89,369,0.01698818582638861,low
sei,without_sensitivity,overall,90,388,0.007963104668260293,medium
sei,without_sensitivity,overall,91,392,0.021223909635968128,medium
sei,without_sensitivity,overall,92,394,0.007529747759174967,high
sei,without_sensitivity,overall,93,396,0.0058551544746179756,high
sei,without_sensitivity,overall,94,402,0.028941325745924836,low
sei,without_sensitivity,overall,95,407,0.026045848457826738,low
sei,without_sensitivity,overall,96,411,0.023616976418223173,low
sei,without_sensitivity,overall,97,413,0.020944103446967358,medium
sei,without_sensitivity,overall,98,417,0.01688321512421224,medium
sei,without_sensitivity,overall,99,419,0.013068014849371553,high
sei,without_sensitivity,overall,100,422,0.010768325328216501,medium
sei,without_sensitivity,overall,101,423,0.021578523259900523,medium
sei,without_sensitivity,overall,102,424,0.009831572811532324,medium
sei,without_sensitivity,overall,103,425,0.0544663452514941,low
sei,without_sensitivity,overall,104,429,0.013372524923052714,medium
sei,without_sensitivity,overall,105,436,0.01122324027657461,high
sei,without_sensitivity,overall,106,441,0.00953240550424247,low
sei,without_sensitivity,overall,107,448,0.0148677603720987,high
sei,without_sensitivity,overall,108,453,0.03913344664711776,low
sei,without_sensitivity,overall,109,460,0.009142890717096877,medium
sei,without_sensitivity,overall,110,467,0.009723350238509714,medium
sei,without_sensitivity,overall,111,469,0.06480290968692037,low
sei,without_sensitivity,overall,112,472,0.015033658697044082,medium
sei,without_sensitivity,overall,113,475,0.009419579000081574,high
sei,without_sensitivity,overall,114,477,0.0033208898916198878,medium
sei,without_sensitivity,overall,115,478,0.014335013432136699,high
sei,without_sensitivity,overall,116,481,0.011094405672159831,low
sei,without_sensitivity,overall,117,484,0.008126980237462987,medium
sei,without_sensitivity,overall,118,485,0.014160762846720708,medium
sei,without_sensitivity,overall,119,492,0.01264611134949864,medium
sei,without_sensitivity,overall,120,499,0.021202678627182565,low
sei,without_sensitivity,overall,121,502,0.014099171933175746,medium
sei,without_sensitivity,overall,122,515,0.022039533692488133,high
sei,without_sensitivity,overall,123,518,0.011261299882075361,medium
sei,without_sensitivity,overall,124,523,0.014045463157856463,high
sei,without_sensitivity,overall,125,528,0.007436317096528149,medium
sei,without_sensitivity,overall,126,536,0.007185403325588861,medium
sei,without_sensitivity,overall,127,537,0.007958336718288024,high
sei,without_sensitivity,overall,128,539,0.006255688189562233,high
sei,without_sensitivity,overall,129,541,0.009145889479984553,medium
sei,without_sensitivity,overall,130,546,0.010547005433366795,low
sei,without_sensitivity,overall,131,550,0.020781241156630197,low
sei,without_sensitivity,overall,132,551,0.030436146729432303,high
sei,without_sensitivity,overall,133,552,0.013925018859582498,medium
sei,without_sensitivity,overall,134,558,0.005912418043712507,low
sei,without_sensitivity,overall,135,559,0.04815305855850671,low
sei,without_sensitivity,overall,136,561,0.02006395957670118,high
sei,without_sensitivity,overall,137,564,0.008991489125461962,medium
sei,without_sensitivity,overall,138,572,0.04187425551732727,high
sei,without_sensitivity,overall,139,576,0.007715627867497387,medium
sei,without_sensitivity,overall,140,577,0.024025312449468848,medium
sei,without_sensitivity,overall,141,582,0.01032458606592605,medium
sei,without_sensitivity,overall,142,583,0.022591081041887992,high
sei,without_sensitivity,overall,143,594,0.009047712721069048,high
sei,without_sensitivity,overall,144,597,0.008275850667612834,low
sei,without_sensitivity,overall,145,599,0.006350452246576306,medium
sei,without_sensitivity,overall,146,600,0.010673220140663025,low
sei,without_sensitivity,overall,147,601,0.011293490797237349,low
sei,without_sensitivity,overall,148,603,0.01161729841694347,medium
sei,without_sensitivity,overall,149,607,0.03391762244145203,medium
sei,without_sensitivity,overall,150,610,0.004836740748375964,high
sei,without_sensitivity,overall,151,613,0.01001653575602679,low
sei,without_sensitivity,overall,152,616,0.059169009421317004,low
sei,without_sensitivity,overall,153,623,0.030008567271957567,low
sei,without_sensitivity,overall,154,624,0.010859120228088525,high
sei,without_sensitivity,overall,155,629,0.013075238794104407,low
sei,without_sensitivity,overall,156,633,0.004694791743524688,medium
sei,without_sensitivity,overall,157,634,0.0992603111223279,low
sei,without_sensitivity,overall,158,635,0.013550582872202219,medium
sei,without_sensitivity,overall,159,638,0.02012717727492701,low
sei,without_sensitivity,overall,160,645,0.018870887516996525,high
sei,without_sensitivity,overall,161,646,0.023908014007603572,high
sei,without_sensitivity,overall,162,653,0.02383491041250303,low
sei,without_sensitivity,overall,163,658,0.004036111343687552,medium
sei,without_sensitivity,overall,164,662,0.006033397696853951,high
sei,without_sensitivity,overall,165,664,0.008500390880989693,medium
sei,without_sensitivity,overall,166,671,0.0069153074406650104,medium
sei,without_sensitivity,overall,167,672,0.062366902090245355,low
sei,without_sensitivity,overall,168,673,0.018105747606911617,high
sei,without_sensitivity,overall,169,676,0.00890626381807098,low
sei,without_sensitivity,overall,170,687,0.011078526685351935,low
sei,without_sensitivity,overall,171,689,0.004886423471559823,high
sei,without_sensitivity,overall,172,690,0.01321022420324313,high
sei,without_sensitivity,overall,173,691,0.01861725639086022,low
sei,without_sensitivity,overall,174,694,0.010001562412667168,high
sei,without_sensitivity,overall,175,698,0.016945562193486884,low
sei,without_sensitivity,overall,176,699,0.01105538259375519,low
sei,without_sensitivity,overall,177,700,0.019257395775746918,high
sei,without_sensitivity,overall,178,706,0.021987673763108517,high
sei,without_sensitivity,overall,179,720,0.01592657280529168,low
sei,without_sensitivity,overall,180,726,0.043137138413497686,low
sei,without_sensitivity,overall,181,735,0.03635626309940168,low
sei,without_sensitivity,overall,182,741,0.01992167970433732,high
sei,without_sensitivity,overall,183,744,0.027296990594680763,medium
sei,without_sensitivity,overall,184,748,0.01615907131056639,medium
sei,without_sensitivity,overall,185,754,0.007156288324999043,high
sei,without_sensitivity,overall,186,757,0.008078700854006776,high
sei,without_sensitivity,overall,187,759,0.015337093989201014,low
sei,without_sensitivity,overall,188,760,0.06555250056998863,low
sei,without_sensitivity,overall,189,761,0.0067440878050223215,medium
sei,without_sensitivity,overall,190,763,0.02105866545773787,high
sei,without_sensitivity,overall,191,766,0.02790014087583583,medium
sei,without_sensitivity,overall,192,769,0.014774213773662262,high
sei,without_sensitivity,overall,193,771,0.00824591843488944,high
sei,without_sensitivity,overall,194,775,0.030633317678511015,low
sei,without_sensitivity,overall,195,776,0.007215606937323455,high
sei,without_sensitivity,overall,196,783,0.010022824787091657,medium
sei,without_sensitivity,overall,197,788,0.0053931273542423075,medium
sei,without_sensitivity,overall,198,799,0.05881974469770587,low
sei,without_sensitivity,overall,199,801,0.008318091646888147,high
sei,without_sensitivity,overall,200,803,0.009569344642009935,medium
sei,without_sensitivity,overall,201,806,0.006721361776194779,medium
sei,without_sensitivity,overall,202,812,0.025844207525741,high
sei,without_sensitivity,overall,203,815,0.01537385513631418,high
sei,without_sensitivity,overall,204,816,0.017260357030069975,high
sei,without_sensitivity,overall,205,817,0.005401300641393378,medium
sei,without_sensitivity,overall,206,819,0.003787510305371322,high
sei,without_sensitivity,overall,207,828,0.009528623745649034,high
sei,without_sensitivity,overall,208,836,0.009034569660368153,medium
sei,without_sensitivity,overall,209,837,0.006984200209649302,medium
sei,without_sensitivity,overall,210,844,0.06232803991809673,high
sei,without_sensitivity,overall,211,847,0.015607537852712619,medium
sei,without_sensitivity,overall,212,848,0.013045064089872362,medium
sei,without_sensitivity,overall,213,851,0.008883118329630336,high
sei,without_sensitivity,overall,214,855,0.01097066299269516,medium
sei,without_sensitivity,overall,215,859,0.011631144873861254,medium
sei,without_sensitivity,overall,216,860,0.014106867503768087,low
sei,without_sensitivity,overall,217,863,0.007597654705190104,medium
sei,without_sensitivity,overall,218,871,0.0066587079759397975,medium
sei,without_sensitivity,overall,219,874,0.015389245947469337,low
sei,without_sensitivity,overall,220,879,0.00746193084408311,medium
sei,without_sensitivity,overall,221,880,0.008483621820636628,high
sei,without_sensitivity,overall,222,881,0.012408405362042503,low
sei,without_sensitivity,overall,223,882,0.01465123813543422,low
sei,without_sensitivity,overall,224,883,0.004309301434737586,medium
sei,without_sensitivity,overall,225,888,0.004602112053726565,high
sei,without_sensitivity,overall,226,892,0.006185252893359118,medium
sei,without_sensitivity,overall,227,893,0.007600079154614531,high
sei,without_sensitivity,overall,228,902,0.007132424565506391,low
sei,without_sensitivity,overall,229,906,0.006383928501570849,medium
sei,without_sensitivity,overall,230,909,0.00830866375499349,high
sei,without_sensitivity,overall,231,911,0.008102689503886335,low
sei,without_sensitivity,overall,232,912,0.00643545047901219,high
sei,without_sensitivity,overall,233,914,0.015753856256896508,medium
sei,without_sensitivity,overall,234,923,0.01022759944854954,high
sei,without_sensitivity,overall,235,928,0.03960722556238851,low
sei,without_sensitivity,overall,236,932,0.0075784510504847994,medium
sei,without_sensitivity,overall,237,935,0.01282766690099977,medium
sei,without_sensitivity,overall,238,941,0.009324494258380134,medium
sei,without_sensitivity,overall,239,949,0.020745184196400198,low
sei,without_sensitivity,overall,240,950,0.013879400895919053,low
sei,without_sensitivity,overall,241,958,0.009508023279349522,low
sei,without_sensitivity,overall,242,963,0.026069872657353603,high
sei,without_sensitivity,overall,243,965,0.015062031818382952,medium
sei,without_sensitivity,overall,244,967,0.013259817436523285,high
sei,without_sensitivity,overall,245,968,0.023328240754290575,low
sei,without_sensitivity,overall,246,984,0.014209570223974654,low
sei,without_sensitivity,overall,247,987,0.0094399959884649,low
sei,without_sensitivity,overall,248,989,0.015267147373700739,low
sei,without_sensitivity,overall,249,992,0.01053939026552949,high
sei,without_sensitivity,overall,250,999,0.009026081749219638,high
sei,without_sensitivity,overall,251,1000,0.012281921762349282,medium
sei,without_sensitivity,overall,252,1002,0.008714889399348249,high
sei,without_sensitivity,overall,253,1005,0.02922996173679083,low
sei,without_sensitivity,overall,254,1006,0.0069732606577809116,medium
sei,without_sensitivity,overall,255,1013,0.007715337695015654,low
sei,without_sensitivity,overall,256,1016,0.019153561126086006,low
sei,without_sensitivity,overall,257,1026,0.03141865942453384,high
sei,without_sensitivity,overall,258,1043,0.009327192742551858,low
sei,without_sensitivity,overall,259,1047,0.011453793197577337,high
sei,without_sensitivity,overall,260,1048,0.009710000368862855,low
sei,without_sensitivity,overall,261,1050,0.07365322884236318,low
sei,without_sensitivity,overall,262,1057,0.010396674150353917,low
sei,without_sensitivity,overall,263,1059,0.035814919194341904,medium
sei,without_sensitivity,overall,264,1060,0.013903304927341417,medium
sei,without_sensitivity,overall,265,1064,0.006029475575297457,high
sei,without_sensitivity,overall,266,1065,0.025333650285829155,medium
sei,without_sensitivity,overall,267,1067,0.020033596852528375,low
sei,without_sensitivity,overall,268,1068,0.01904576832398562,low
sei,without_sensitivity,overall,269,1072,0.004782961928363575,low
sei,without_sensitivity,overall,270,1073,0.030712922657670734,low
sei,without_sensitivity,overall,271,1076,0.009021329474972138,medium
sei,without_sensitivity,overall,272,1078,0.009930492844733825,medium
sei,without_sensitivity,overall,273,1083,0.010898284872149491,medium
sei,without_sensitivity,overall,274,1085,0.012354565213785246,low
sei,without_sensitivity,overall,275,1088,0.011643881041297321,high
sei,without_sensitivity,overall,276,1090,0.01108789118396671,high
sei,without_sensitivity,overall,277,1094,0.019385797055890233,low
sei,without_sensitivity,overall,278,1095,0.017488420286948053,high
sei,without_sensitivity,overall,279,1102,0.013226540568822841,medium
sei,without_sensitivity,overall,280,1103,0.03269583774259991,low
sei,without_sensitivity,overall,281,1108,0.007892616927942395,high
sei,without_sensitivity,overall,282,1110,0.006451066291739168,high
sei,without_sensitivity,overall,283,1111,0.009121246356800427,high
sei,without_sensitivity,overall,284,1112,0.008409927111733018,medium
sei,without_sensitivity,overall,285,1136,0.011552064333715861,low
sei,without_sensitivity,overall,286,1141,0.00444794203065196,high
sei,without_sensitivity,overall,287,1143,0.006213797355353309,low
sei,without_sensitivity,overall,288,1146,0.006926572983147205,high
sei,without_sensitivity,overall,289,1148,0.07217637840460592,low
sei,without_sensitivity,overall,290,1153,0.016176789647430273,high
sei,without_sensitivity,overall,291,1155,0.008682087965342514,medium
sei,without_sensitivity,overall,292,1158,0.006078556571593243,high
sei,without_sensitivity,overall,293,1165,0.012017163985697497,low
sei,without_sensitivity,overall,294,1168,0.017861144619931053,low
sei,without_sensitivity,overall,295,1170,0.010904778040905646,medium
sei,without_sensitivity,overall,296,1172,0.010611844149975647,low
sei,without_sensitivity,overall,297,1174,0.01002558352883655,medium
sei,without_sensitivity,overall,298,1176,0.015009800720380764,high
sei,without_sensitivity,overall,299,1180,0.0300357368270638,medium
sei,without_sensitivity,overall,300,1181,0.010070534965399336,medium
sei,without_sensitivity,overall,301,1193,0.012295287568007586,low
sei,without_sensitivity,overall,302,1196,0.016829479696140025,low
sei,without_sensitivity,overall,303,1198,0.02202769073413083,low
sei,without_sensitivity,overall,304,1199,0.007484039414630618,high
sei,without_sensitivity,overall,305,1201,0.00515165294196039,high
sei,without_sensitivity,overall,306,1204,0.041444979127159935,medium
sei,without_sensitivity,overall,307,1210,0.013596254688325099,low
sei,without_sensitivity,overall,308,1214,0.0054424220086669904,high
sei,without_sensitivity,overall,309,1217,0.031119220594634456,high
sei,without_sensitivity,overall,310,1219,0.005987947825085972,medium
sei,without_sensitivity,overall,311,1220,0.0033597607887657856,high
sei,without_sensitivity,overall,312,1226,0.013004272665529929,low
sei,without_sensitivity,overall,313,1241,0.013922189328700275,medium
sei,without_sensitivity,overall,314,1242,0.010964013913394447,high
sei,without_sensitivity,overall,315,1245,0.019997765631336397,low
sei,without_sensitivity,overall,316,1247,0.04123621567350298,low
sei,without_sensitivity,overall,317,1255,0.010425410842638861,medium
sei,without_sensitivity,overall,318,1256,0.009786935859977834,high
sei,without_sensitivity,overall,319,1257,0.025198812829571066,low
sei,without_sensitivity,overall,320,1259,0.007454077293259593,high
sei,without_sensitivity,overall,321,1261,0.01123728262379584,medium
sei,without_sensitivity,overall,322,1262,0.007985071957597229,high
sei,without_sensitivity,overall,323,1267,0.00652388244975974,high
sei,without_sensitivity,overall,324,1268,0.024200565129326248,medium
sei,without_sensitivity,overall,325,1269,0.007312468010315564,medium
sei,without_sensitivity,overall,326,1270,0.22956008627686122,low
sei,without_sensitivity,overall,327,1271,0.018010862917140706,medium
sei,without_sensitivity,overall,328,1273,0.008762454682972503,low
sei,without_sensitivity,overall,329,1276,0.023303793096309932,medium
sei,without_sensitivity,overall,330,1284,0.015883530333726636,low
sei,without_sensitivity,overall,331,1288,0.008852142722893412,high
sei,without_sensitivity,overall,332,1289,0.016514139014202307,low
sei,without_sensitivity,overall,333,1293,0.0071494581607778815,medium
sei,without_sensitivity,overall,334,1298,0.021627405726810132,low
sei,without_sensitivity,overall,335,1299,0.008611307133965483,low
sei,without_sensitivity,overall,336,1302,0.004050535301796701,medium
sei,without_sensitivity,overall,337,1317,0.010094486719357967,low
sei,without_sensitivity,overall,338,1321,0.00800131078115433,medium
sei,without_sensitivity,overall,339,1323,0.012720267051103566,low
sei,without_sensitivity,overall,340,1326,0.02437454857863141,low
sei,without_sensitivity,overall,341,1329,0.00806299339787563,medium
sei,without_sensitivity,overall,342,1330,0.02580849039059949,low
sei,without_sensitivity,overall,343,1332,0.004544269447038088,high
sei,without_sensitivity,overall,344,1334,0.014057068715756103,low
sei,without_sensitivity,overall,345,1341,0.05237906043686145,low
sei,without_sensitivity,overall,346,1342,0.01562795051524062,high
sei,without_sensitivity,overall,347,1345,0.03946963981933477,low
sei,without_sensitivity,overall,348,1348,0.008313346398959393,medium
sei,without_sensitivity,overall,349,1349,0.022010050331401482,medium
sei,without_sensitivity,overall,350,1351,0.005438719529846437,medium
sei,without_sensitivity,overall,351,1355,0.009321160300637626,high
sei,without_sensitivity,overall,352,1356,0.0035705894058252175,high
sei,without_sensitivity,overall,353,1357,0.07384358783141787,low
sei,without_sensitivity,overall,354,1370,0.008206751823670103,medium
sei,without_sensitivity,overall,355,1371,0.009532963923443109,medium
sei,without_sensitivity,overall,356,1374,0.006893584026286291,high
sei,without_sensitivity,overall,357,1375,0.00983754525801922,medium
sei,without_sensitivity,overall,358,1381,0.007081098023801639,medium
sei,without_sensitivity,overall,359,1385,0.007558876778663513,high
sei,without_sensitivity,overall,360,1388,0.02875382967082543,low
sei,without_sensitivity,overall,361,1395,0.018971888474003423,high
sei,without_sensitivity,overall,362,1402,0.014514446646234972,high
sei,without_sensitivity,overall,363,1404,0.005644151203722138,medium
sei,without_sensitivity,overall,364,1411,0.018033713729089657,low
sei,without_sensitivity,overall,365,1414,0.026209334829110278,medium
sei,without_sensitivity,overall,366,1423,0.009504992676999226,medium
sei,without_sensitivity,overall,367,1433,0.02552647156978227,high
sei,without_sensitivity,overall,368,1435,0.08186428737707242,low
sei,without_sensitivity,overall,369,1437,0.010491216038693699,high
sei,without_sensitivity,overall,370,1445,0.007320027556237206,medium
sei,without_sensitivity,overall,371,1448,0.025795250402931933,high
sei,without_sensitivity,overall,372,1455,0.010315180181226449,medium
sei,without_sensitivity,overall,373,1473,0.008463335806720294,medium
sei,without_sensitivity,overall,374,1475,0.04383951742081066,low
sei,without_sensitivity,overall,375,1477,0.006559582468549825,medium
sei,without_sensitivity,overall,376,1494,0.01080836189182662,medium
sei,without_sensitivity,overall,377,1496,0.013677634175467914,medium
sei,without_sensitivity,overall,378,1500,0.09196063250956074,low
sei,without_sensitivity,overall,379,1503,0.00549746743639159,high
sei,without_sensitivity,overall,380,1505,0.021750412832610002,low
sei,without_sensitivity,overall,381,1507,0.008534159499670683,medium
sei,without_sensitivity,overall,382,1511,0.020917950728878774,medium
sei,without_sensitivity,overall,383,1512,0.008246482898878159,medium
sei,without_sensitivity,overall,384,1516,0.005612645793252691,medium
sei,without_sensitivity,overall,385,1521,0.011322572911206646,medium
sei,without_sensitivity,overall,386,1522,0.014536069675794416,low
sei,without_sensitivity,overall,387,1528,0.023823458854077228,low
sei,without_sensitivity,overall,388,1529,0.009397502167432875,high
sei,without_sensitivity,overall,389,1530,0.023385274437482905,medium
sei,without_sensitivity,overall,390,1532,0.005940784554165655,high
sei,without_sensitivity,overall,391,1538,0.012021443126711375,low
sei,without_sensitivity,overall,392,1542,0.00950633462389115,high
sei,without_sensitivity,overall,393,1543,0.015072053056073743,low
sei,without_sensitivity,overall,394,1545,0.06960482509840227,low
sei,without_sensitivity,overall,395,1553,0.024912492604717798,medium
sei,without_sensitivity,overall,396,1555,0.014092197702133694,medium
sei,without_sensitivity,overall,397,1562,0.038029574306162196,low
sei,without_sensitivity,overall,398,1566,0.023829279333565618,low
sei,without_sensitivity,overall,399,1567,0.01323196033903334,high
sei,without_sensitivity,overall,400,1568,0.00978229936489729,medium
sei,without_sensitivity,overall,401,1572,0.027185820706730212,medium
sei,without_sensitivity,overall,402,1578,0.007115314840070535,high
sei,without_sensitivity,overall,403,1583,0.005443889314938846,high
sei,without_sensitivity,overall,404,1584,0.0180352508549275,low
sei,without_sensitivity,overall,405,1586,0.005300990139910628,medium
sei,without_sensitivity,overall,406,1593,0.009102736375049799,high
sei,without_sensitivity,overall,407,1602,0.009985569180379428,medium
sei,without_sensitivity,overall,408,1603,0.02521362347686596,low
sei,without_sensitivity,overall,409,1608,0.005675446734719119,medium
sei,without_sensitivity,overall,410,1615,0.0035053486842219366,medium
sei,without_sensitivity,overall,411,1616,0.011085622326698028,medium
sei,without_sensitivity,overall,412,1620,0.004938692381496659,medium
sei,without_sensitivity,overall,413,1624,0.015849363894555567,high
sei,without_sensitivity,overall,414,1628,0.012513689369185555,medium
sei,without_sensitivity,overall,415,1636,0.012850195762031292,medium
sei,without_sensitivity,overall,416,1638,0.027719258233218712,low
sei,without_sensitivity,overall,417,1642,0.011230606029679579,low
sei,without_sensitivity,overall,418,1643,0.02119645129348205,high
sei,without_sensitivity,overall,419,1649,0.013423878376507832,high
sei,without_sensitivity,overall,420,1657,0.04224335736064125,low
sei,without_sensitivity,overall,421,1658,0.004272131147216146,medium
sei,without_sensitivity,overall,422,1660,0.024494589462249975,low
sei,without_sensitivity,overall,423,1666,0.011794375767407307,medium
sei,without_sensitivity,overall,424,1667,0.009492354019868714,low
sei,without_sensitivity,overall,425,1676,0.11021342160231429,low
sei,without_sensitivity,overall,426,1682,0.008720602062898196,low
sei,without_sensitivity,overall,427,1684,0.023973368367679587,medium
sei,without_sensitivity,overall,428,1688,0.012752594941737257,low
sei,without_sensitivity,overall,429,1691,0.008624406129979795,high
sei,without_sensitivity,overall,430,1694,0.014305373216030402,medium
sei,without_sensitivity,overall,431,1696,0.014494331795435293,high
sei,without_sensitivity,overall,432,1710,0.023176390064309722,low
sei,without_sensitivity,overall,433,1714,0.018123112071767453,medium
sei,without_sensitivity,overall,434,1726,0.011251015925937831,high
sei,without_sensitivity,overall,435,1732,0.010250244974171076,medium
sei,without_sensitivity,overall,436,1738,0.008650117371824138,low
sei,without_sensitivity,overall,437,1742,0.0064042727657604845,medium
sei,without_sensitivity,overall,438,1745,0.022610445707217038,high
sei,without_sensitivity,overall,439,1746,0.004839238836267488,medium
sei,without_sensitivity,overall,440,1751,0.008523913303751731,medium
sei,without_sensitivity,overall,441,1753,0.011115608667272826,high
sei,without_sensitivity,overall,442,1754,0.008954096459266753,medium
sei,without_sensitivity,overall,443,1759,0.00998502346629904,low
sei,without_sensitivity,overall,444,1760,0.009178780073547499,low
sei,without_sensitivity,overall,445,1765,0.004412248389756393,high
sei,without_sensitivity,overall,446,1766,0.03461590169176467,medium
sei,without_sensitivity,overall,447,1768,0.005205236764365622,high
sei,without_sensitivity,overall,448,1776,0.0074221652295973235,medium
sei,without_sensitivity,overall,449,1780,0.006890704572777277,low
sei,without_sensitivity,overall,450,1788,0.008407774803304575,low
sei,without_sensitivity,overall,451,1790,0.010732845136370725,low
sei,without_sensitivity,overall,452,1795,0.014242846188455347,low
sei,without_sensitivity,overall,453,1797,0.027174486413936376,low
sei,without_sensitivity,overall,454,1799,0.006453232598018863,high
sei,without_sensitivity,overall,455,1801,0.017327028104075746,low
sei,without_sensitivity,overall,456,1809,0.05252873388278754,low
sei,without_sensitivity,overall,457,1820,0.028036580281600085,medium
sei,without_sensitivity,overall,458,1827,0.006698234656882075,medium
sei,without_sensitivity,overall,459,1831,0.004543421752615567,high
sei,without_sensitivity,overall,460,1833,0.032219945722267856,low
sei,without_sensitivity,overall,461,1841,0.007188638984188681,medium
sei,without_sensitivity,overall,462,1848,0.0376470391437834,low
sei,without_sensitivity,overall,463,1849,0.023964086968836205,medium
sei,without_sensitivity,overall,464,1858,0.018040105615114512,medium
sei,without_sensitivity,overall,465,1860,0.0065685481173940324,high
sei,without_sensitivity,overall,466,1863,0.005957906127191721,low
sei,without_sensitivity,overall,467,1871,0.003215570837196754,high
sei,without_sensitivity,overall,468,1872,0.01836306789318848,low
sei,without_sensitivity,overall,469,1877,0.027698425096542734,low
sei,without_sensitivity,overall,470,1878,0.011520721352106309,high
sei,without_sensitivity,overall,471,1883,0.029525110806565804,medium
sei,without_sensitivity,overall,472,1889,0.01710908291305341,low
sei,without_sensitivity,overall,473,1890,0.008594975260017379,high
sei,without_sensitivity,overall,474,1891,0.014093750537688769,high
sei,without_sensitivity,overall,475,1892,0.010166243873000524,high
sei,without_sensitivity,overall,476,1899,0.012786146231732572,high
sei,without_sensitivity,overall,477,1906,0.010462207477190781,high
sei,without_sensitivity,overall,478,1915,0.0069566171985517705,high
sei,without_sensitivity,overall,479,1927,0.00854211285479902,low
sei,without_sensitivity,overall,480,1928,0.034176501265985475,medium
sei,without_sensitivity,overall,481,1930,0.008035896025462742,high
sei,without_sensitivity,overall,482,1934,0.012285993728085412,medium
sei,without_sensitivity,overall,483,1935,0.010603104893743878,high
sei,without_sensitivity,overall,484,1940,0.04821331635640517,high
sei,without_sensitivity,overall,485,1947,0.05486186565112071,high
sei,without_sensitivity,overall,486,1952,0.015082029121472105,high
sei,without_sensitivity,overall,487,1957,0.0046650031683061755,high
sei,without_sensitivity,overall,488,1962,0.010186718297567439,low
sei,without_sensitivity,overall,489,1963,0.008011016008325827,low
sei,without_sensitivity,overall,490,1969,0.012842019452243211,high
sei,without_sensitivity,overall,491,1971,0.0057683474192105795,high
sei,without_sensitivity,overall,492,1973,0.0632665887589355,high
sei,without_sensitivity,overall,493,1977,0.012833874016045386,low
sei,without_sensitivity,overall,494,1982,0.03632003989056552,low
sei,without_sensitivity,overall,495,1986,0.08668259944057335,low
sei,without_sensitivity,overall,496,1991,0.006584232378991615,high
sei,without_sensitivity,overall,497,1992,0.03758130802684634,low
sei,without_sensitivity,overall,498,1994,0.007168429966705636,medium
sei,without_sensitivity,overall,499,1995,0.009203772529551749,high
sei,without_sensitivity,overall,500,1999,0.01582556029306839,medium
sei,without_sensitivity,overall,501,2000,0.020666180405040764,medium
sei,without_sensitivity,overall,502,2011,0.011494758030985144,high
sei,without_sensitivity,overall,503,2013,0.008628050375099472,high
sei,without_sensitivity,overall,504,2023,0.019123002609483426,low
sei,without_sensitivity,overall,505,2028,0.0495551494480299,low
sei,without_sensitivity,overall,506,2032,0.0871703362204852,low
sei,without_sensitivity,overall,507,2035,0.004873953775344716,medium
sei,without_sensitivity,overall,508,2038,0.0061733911748135355,high
sei,without_sensitivity,overall,509,2044,0.008304766377520416,high
sei,without_sensitivity,b,0,0,0.009275910342274728,high
sei,without_sensitivity,b,1,4,0.009583435791211813,medium
sei,without_sensitivity,b,2,9,0.04595542813598124,low
sei,without_sensitivity,b,3,10,0.007275532829537632,high
sei,without_sensitivity,b,4,12,0.010203639374283624,low
sei,without_sensitivity,b,5,14,0.007703347238619141,medium
sei,without_sensitivity,b,6,16,0.028036507015574034,low
sei,without_sensitivity,b,7,20,0.009340115343673665,low
sei,without_sensitivity,b,8,21,0.016914888820247803,medium
sei,without_sensitivity,b,9,27,0.006639178735332953,low
sei,without_sensitivity,b,10,34,0.01604953512111991,medium
sei,without_sensitivity,b,11,35,0.01059802744980851,medium
sei,without_sensitivity,b,12,37,0.008304463152146519,medium
sei,without_sensitivity,b,13,42,0.013355038806787907,high
sei,without_sensitivity,b,14,46,0.024190572863839178,high
sei,without_sensitivity,b,15,51,0.0077268108115448875,medium
sei,without_sensitivity,b,16,61,0.0193677265114995,low
sei,without_sensitivity,b,17,62,0.05526816011421635,low
sei,without_sensitivity,b,18,68,0.005812739097381052,high
sei,without_sensitivity,b,19,71,0.01045787193275551,low
sei,without_sensitivity,b,20,78,0.017999080526710353,medium
sei,without_sensitivity,b,21,79,0.0035807257705699124,high
sei,without_sensitivity,b,22,80,0.00926660968499862,medium
sei,without_sensitivity,b,23,87,0.017408390675807812,high
sei,without_sensitivity,b,24,88,0.007127148054075726,low
sei,without_sensitivity,b,25,94,0.004746720380247115,medium
sei,without_sensitivity,b,26,97,0.019733392678579334,medium
sei,without_sensitivity,b,27,103,0.018884926126941877,low
sei,without_sensitivity,b,28,104,0.01724490837501568,high
sei,without_sensitivity,b,29,109,0.011447899440163346,high
sei,without_sensitivity,b,30,110,0.007065014308886621,high
sei,without_sensitivity,b,31,112,0.011808966451507454,medium
sei,without_sensitivity,b,32,115,0.016837166205869714,low
sei,without_sensitivity,b,33,118,0.006316384234500485,low
sei,without_sensitivity,b,34,122,0.012515025004899864,high
sei,without_sensitivity,b,35,124,0.004806818880155869,high
sei,without_sensitivity,b,36,125,0.010833550941187646,high
sei,without_sensitivity,b,37,138,0.01058043904076982,medium
sei,without_sensitivity,b,38,145,0.006784830775630418,medium
sei,without_sensitivity,b,39,146,0.07156098765629168,high
sei,without_sensitivity,b,40,147,0.004977332290317961,medium
sei,without_sensitivity,b,41,156,0.010433263058833289,high
sei,without_sensitivity,b,42,161,0.00395463027344311,high
sei,without_sensitivity,b,43,169,0.07903777176165912,low
sei,without_sensitivity,b,44,170,0.006348716089407416,high
sei,without_sensitivity,b,45,176,0.0288624254405623,low
sei,without_sensitivity,b,46,182,0.03446507324678987,low
sei,without_sensitivity,b,47,185,0.024910605740278053,medium
sei,without_sensitivity,b,48,187,0.009684826268679204,low
sei,without_sensitivity,b,49,188,0.00918336317693432,high
sei,without_sensitivity,b,50,189,0.006150505827275136,high
sei,without_sensitivity,b,51,191,0.011869130590153338,medium
sei,without_sensitivity,b,52,197,0.01591768395992851,high
sei,without_sensitivity,b,53,201,0.00769120111947707,high
sei,without_sensitivity,b,54,203,0.012794208799365651,low
sei,without_sensitivity,b,55,205,0.02145865314798491,high
sei,without_sensitivity,b,56,207,0.012701684650179897,low
sei,without_sensitivity,b,57,217,0.008407875471916602,high
sei,without_sensitivity,b,58,220,0.009286262618020874,high
sei,without_sensitivity,b,59,223,0.027105756783713283,low
sei,without_sensitivity,b,60,234,0.00682180042742188,high
sei,without_sensitivity,b,61,241,0.010438672393376022,low
sei,without_sensitivity,b,62,243,0.004513974318888269,high
sei,without_sensitivity,b,63,248,0.004906943660213429,high
sei,without_sensitivity,b,64,250,0.058598960310271044,low
sei,without_sensitivity,b,65,251,0.006462413911662088,high
sei,without_sensitivity,b,66,256,0.004799017913986022,high
sei,without_sensitivity,b,67,259,0.008407974712075803,high
sei,without_sensitivity,b,68,261,0.004692638005075951,high
sei,without_sensitivity,b,69,265,0.005529101985529299,high
sei,without_sensitivity,b,70,272,0.006801162101333197,high
sei,without_sensitivity,b,71,287,0.009023890762103023,medium
sei,without_sensitivity,b,72,291,0.02385670894453095,low
sei,without_sensitivity,b,73,292,0.01979609264807702,high
sei,without_sensitivity,b,74,294,0.005951281072363589,medium
sei,without_sensitivity,b,75,303,0.0071673889038100964,medium
sei,without_sensitivity,b,76,305,0.01218983245203814,high
sei,without_sensitivity,b,77,313,0.011968311735523436,low
sei,without_sensitivity,b,78,314,0.03388991176016945,low
sei,without_sensitivity,b,79,316,0.004269224673725251,high
sei,without_sensitivity,b,80,323,0.008953597655237493,medium
sei,without_sensitivity,b,81,325,0.017767037247398674,high
sei,without_sensitivity,b,82,328,0.025154180808818254,low
sei,without_sensitivity,b,83,331,0.007407360897745118,medium
sei,without_sensitivity,b,84,332,0.02782363299572058,low
sei,without_sensitivity,b,85,339,0.008222733087092838,medium
sei,without_sensitivity,b,86,351,0.01138873221358815,medium
sei,without_sensitivity,b,87,362,0.01622675588010768,low
sei,without_sensitivity,b,88,363,0.018264984358154532,medium
sei,without_sensitivity,b,89,369,0.015583252438645622,low
sei,without_sensitivity,b,90,388,0.007048867218980695,medium
sei,without_sensitivity,b,91,392,0.02106076579974111,medium
sei,without_sensitivity,b,92,394,0.0056861274843852515,high
sei,without_sensitivity,b,93,396,0.0052832798840952,high
sei,without_sensitivity,b,94,402,0.02757445720290997,low
sei,without_sensitivity,b,95,407,0.022492193112444697,low
sei,without_sensitivity,b,96,411,0.018396672288446297,low
sei,without_sensitivity,b,97,413,0.020321235430941234,medium
sei,without_sensitivity,b,98,417,0.01667608675120166,medium
sei,without_sensitivity,b,99,419,0.012571092057677067,high
sei,without_sensitivity,b,100,422,0.01046775908047653,medium
sei,without_sensitivity,b,101,423,0.021548254397719322,medium
sei,without_sensitivity,b,102,424,0.009588186547104739,medium
sei,without_sensitivity,b,103,425,0.050510186044128456,low
sei,without_sensitivity,b,104,429,0.01297517154529986,medium
sei,without_sensitivity,b,105,436,0.010988205673488629,high
sei,without_sensitivity,b,106,441,0.007800428283887299,low
sei,without_sensitivity,b,107,448,0.01430622622006216,high
sei,without_sensitivity,b,108,453,0.03695692799537551,low
sei,without_sensitivity,b,109,460,0.00795739172662738,medium
sei,without_sensitivity,b,110,467,0.00934702722701247,medium
sei,without_sensitivity,b,111,469,0.06348896121908527,low
sei,without_sensitivity,b,112,472,0.01241475457484842,medium
sei,without_sensitivity,b,113,475,0.0088619292365814,high
sei,without_sensitivity,b,114,477,0.0026932508925484587,medium
sei,without_sensitivity,b,115,478,0.014461664030129358,high
sei,without_sensitivity,b,116,481,0.009241236671525054,low
sei,without_sensitivity,b,117,484,0.0075543644700216146,medium
sei,without_sensitivity,b,118,485,0.013079312569572867,medium
sei,without_sensitivity,b,119,492,0.01086567037832676,medium
sei,without_sensitivity,b,120,499,0.020190856042561846,low
sei,without_sensitivity,b,121,502,0.012589332529359745,medium
sei,without_sensitivity,b,122,515,0.021591274141084745,high
sei,without_sensitivity,b,123,518,0.008804867014428622,medium
sei,without_sensitivity,b,124,523,0.013923994452534028,high
sei,without_sensitivity,b,125,528,0.006472351288139907,medium
sei,without_sensitivity,b,126,536,0.006084751817947139,medium
sei,without_sensitivity,b,127,537,0.007475713385827959,high
sei,without_sensitivity,b,128,539,0.005171176063634012,high
sei,without_sensitivity,b,129,541,0.008988900545881747,medium
sei,without_sensitivity,b,130,546,0.008983868976367415,low
sei,without_sensitivity,b,131,550,0.01820407946900816,low
sei,without_sensitivity,b,132,551,0.030942460478817047,high
sei,without_sensitivity,b,133,552,0.012042247753073089,medium
sei,without_sensitivity,b,134,558,0.005069072042669428,low
sei,without_sensitivity,b,135,559,0.04374448817634337,low
sei,without_sensitivity,b,136,561,0.01909815303831297,high
sei,without_sensitivity,b,137,564,0.008500108273520268,medium
sei,without_sensitivity,b,138,572,0.041638922129615244,high
sei,without_sensitivity,b,139,576,0.0072952737695611255,medium
sei,without_sensitivity,b,140,577,0.0239454067299184,medium
sei,without_sensitivity,b,141,582,0.00985831463475128,medium
sei,without_sensitivity,b,142,583,0.022702630286545823,high
sei,without_sensitivity,b,143,594,0.006929596464476525,high
sei,without_sensitivity,b,144,597,0.00651371285500343,low
sei,without_sensitivity,b,145,599,0.006071460410098039,medium
sei,without_sensitivity,b,146,600,0.008623531874405023,low
sei,without_sensitivity,b,147,601,0.007212126221503806,low
sei,without_sensitivity,b,148,603,0.010059799273017206,medium
sei,without_sensitivity,b,149,607,0.02989752519928001,medium
sei,without_sensitivity,b,150,610,0.004641009130095585,high
sei,without_sensitivity,b,151,613,0.008850545027963288,low
sei,without_sensitivity,b,152,616,0.052436114753803775,low
sei,without_sensitivity,b,153,623,0.02440693992852653,low
sei,without_sensitivity,b,154,624,0.01023721131345121,high
sei,without_sensitivity,b,155,629,0.011613967849690647,low
sei,without_sensitivity,b,156,633,0.004176710462064205,medium
sei,without_sensitivity,b,157,634,0.08744457905515662,low
sei,without_sensitivity,b,158,635,0.011497748452220485,medium
sei,without_sensitivity,b,159,638,0.01843607523363403,low
sei,without_sensitivity,b,160,645,0.018778956460327553,high
sei,without_sensitivity,b,161,646,0.022712926199186242,high
sei,without_sensitivity,b,162,653,0.02188112023364223,low
sei,without_sensitivity,b,163,658,0.003604088527011777,medium
sei,without_sensitivity,b,164,662,0.0058521044351345745,high
sei,without_sensitivity,b,165,664,0.008263301009012639,medium
sei,without_sensitivity,b,166,671,0.0067847647099795174,medium
sei,without_sensitivity,b,167,672,0.05187976010838048,low
sei,without_sensitivity,b,168,673,0.01793193017631545,high
sei,without_sensitivity,b,169,676,0.006786797941016053,low
sei,without_sensitivity,b,170,687,0.005702890310504263,low
sei,without_sensitivity,b,171,689,0.003991830416137383,high
sei,without_sensitivity,b,172,690,0.01309335607607152,high
sei,without_sensitivity,b,173,691,0.01800445608858441,low
sei,without_sensitivity,b,174,694,0.009719158440258483,high
sei,without_sensitivity,b,175,698,0.015260743297678252,low
sei,without_sensitivity,b,176,699,0.010145265504760581,low
sei,without_sensitivity,b,177,700,0.01824251451466588,high
sei,without_sensitivity,b,178,706,0.021957070280603112,high
sei,without_sensitivity,b,179,720,0.014923538284518437,low
sei,without_sensitivity,b,180,726,0.040274043500478876,low
sei,without_sensitivity,b,181,735,0.032189779256026424,low
sei,without_sensitivity,b,182,741,0.019438250332463963,high
sei,without_sensitivity,b,183,744,0.026352021640891676,medium
sei,without_sensitivity,b,184,748,0.014733558516838467,medium
sei,without_sensitivity,b,185,754,0.005830734745970746,high
sei,without_sensitivity,b,186,757,0.006414807051265198,high
sei,without_sensitivity,b,187,759,0.014175615351117764,low
sei,without_sensitivity,b,188,760,0.0638404037965523,low
sei,without_sensitivity,b,189,761,0.006499973582573398,medium
sei,without_sensitivity,b,190,763,0.02045169798004318,high
sei,without_sensitivity,b,191,766,0.027692989430143113,medium
sei,without_sensitivity,b,192,769,0.01353166425554185,high
sei,without_sensitivity,b,193,771,0.007825367920587231,high
sei,without_sensitivity,b,194,775,0.02985911375667147,low
sei,without_sensitivity,b,195,776,0.0070245632931999315,high
sei,without_sensitivity,b,196,783,0.009538340474618306,medium
sei,without_sensitivity,b,197,788,0.004671333012862441,medium
sei,without_sensitivity,b,198,799,0.05317974296285678,low
sei,without_sensitivity,b,199,801,0.007489728808878487,high
sei,without_sensitivity,b,200,803,0.008584723036930133,medium
sei,without_sensitivity,b,201,806,0.0061960787156826146,medium
sei,without_sensitivity,b,202,812,0.025610852889362937,high
sei,without_sensitivity,b,203,815,0.014259242776563567,high
sei,without_sensitivity,b,204,816,0.017247253124385943,high
sei,without_sensitivity,b,205,817,0.005075145789911198,medium
sei,without_sensitivity,b,206,819,0.003672007340046912,high
sei,without_sensitivity,b,207,828,0.008977027246915308,high
sei,without_sensitivity,b,208,836,0.008420125286284306,medium
sei,without_sensitivity,b,209,837,0.006822038391172863,medium
sei,without_sensitivity,b,210,844,0.06358687524605901,high
sei,without_sensitivity,b,211,847,0.015388510271049656,medium
sei,without_sensitivity,b,212,848,0.012066384216033978,medium
sei,without_sensitivity,b,213,851,0.008768320934055699,high
sei,without_sensitivity,b,214,855,0.010820982000031723,medium
sei,without_sensitivity,b,215,859,0.010573867036315956,medium
sei,without_sensitivity,b,216,860,0.013362767439269108,low
sei,without_sensitivity,b,217,863,0.00599480791659823,medium
sei,without_sensitivity,b,218,871,0.006566560676836479,medium
sei,without_sensitivity,b,219,874,0.014522215018607489,low
sei,without_sensitivity,b,220,879,0.006952964568132844,medium
sei,without_sensitivity,b,221,880,0.007274044657227736,high
sei,without_sensitivity,b,222,881,0.01196271802056191,low
sei,without_sensitivity,b,223,882,0.011503829379323203,low
sei,without_sensitivity,b,224,883,0.003862824311398495,medium
sei,without_sensitivity,b,225,888,0.003874594860938795,high
sei,without_sensitivity,b,226,892,0.005716180139819566,medium
sei,without_sensitivity,b,227,893,0.006696862907048286,high
sei,without_sensitivity,b,228,902,0.006189167904102799,low
sei,without_sensitivity,b,229,906,0.0061476908143872164,medium
sei,without_sensitivity,b,230,909,0.007226931378346143,high
sei,without_sensitivity,b,231,911,0.007255407853768751,low
sei,without_sensitivity,b,232,912,0.006080391844375002,high
sei,without_sensitivity,b,233,914,0.013218427634974316,medium
sei,without_sensitivity,b,234,923,0.009963964993820325,high
sei,without_sensitivity,b,235,928,0.03320432855990931,low
sei,without_sensitivity,b,236,932,0.006963562184849286,medium
sei,without_sensitivity,b,237,935,0.012234963664398394,medium
sei,without_sensitivity,b,238,941,0.008951373521939674,medium
sei,without_sensitivity,b,239,949,0.018994598572262638,low
sei,without_sensitivity,b,240,950,0.00912841114772093,low
sei,without_sensitivity,b,241,958,0.008220574634414227,low
sei,without_sensitivity,b,242,963,0.024890171347513382,high
sei,without_sensitivity,b,243,965,0.014423087784689188,medium
sei,without_sensitivity,b,244,967,0.012543047374451393,high
sei,without_sensitivity,b,245,968,0.022404514821397558,low
sei,without_sensitivity,b,246,984,0.013702767480653973,low
sei,without_sensitivity,b,247,987,0.005928598301275443,low
sei,without_sensitivity,b,248,989,0.011300054045976128,low
sei,without_sensitivity,b,249,992,0.010512647276469151,high
sei,without_sensitivity,b,250,999,0.008939907203616116,high
sei,without_sensitivity,b,251,1000,0.01210949466681567,medium
sei,without_sensitivity,b,252,1002,0.008706092565236492,high
sei,without_sensitivity,b,253,1005,0.0279786528204209,low
sei,without_sensitivity,b,254,1006,0.005583114714112039,medium
sei,without_sensitivity,b,255,1013,0.006328819041999618,low
sei,without_sensitivity,b,256,1016,0.015258928320348452,low
sei,without_sensitivity,b,257,1026,0.03125242948721486,high
sei,without_sensitivity,b,258,1043,0.008004775359216305,low
sei,without_sensitivity,b,259,1047,0.011044236882256558,high
sei,without_sensitivity,b,260,1048,0.007869292978417623,low
sei,without_sensitivity,b,261,1050,0.07074850673171444,low
sei,without_sensitivity,b,262,1057,0.009473647266143168,low
sei,without_sensitivity,b,263,1059,0.03585476045471536,medium
sei,without_sensitivity,b,264,1060,0.012546533085110407,medium
sei,without_sensitivity,b,265,1064,0.005477354809633513,high
sei,without_sensitivity,b,266,1065,0.024237148356676272,medium
sei,without_sensitivity,b,267,1067,0.01897504476083516,low
sei,without_sensitivity,b,268,1068,0.018534518939863964,low
sei,without_sensitivity,b,269,1072,0.003964075341136476,low
sei,without_sensitivity,b,270,1073,0.029456096774083177,low
sei,without_sensitivity,b,271,1076,0.008399922392246727,medium
sei,without_sensitivity,b,272,1078,0.009324589241236608,medium
sei,without_sensitivity,b,273,1083,0.01018899680053219,medium
sei,without_sensitivity,b,274,1085,0.011094182414107992,low
sei,without_sensitivity,b,275,1088,0.010888415338498492,high
sei,without_sensitivity,b,276,1090,0.008179958661525362,high
sei,without_sensitivity,b,277,1094,0.01637418397380932,low
sei,without_sensitivity,b,278,1095,0.0168186367289088,high
sei,without_sensitivity,b,279,1102,0.012171702521744435,medium
sei,without_sensitivity,b,280,1103,0.03185656224843613,low
sei,without_sensitivity,b,281,1108,0.006962784408867547,high
sei,without_sensitivity,b,282,1110,0.0049676884906842255,high
sei,without_sensitivity,b,283,1111,0.008775807447843056,high
sei,without_sensitivity,b,284,1112,0.008314098121466534,medium
sei,without_sensitivity,b,285,1136,0.01089771340725806,low
sei,without_sensitivity,b,286,1141,0.0038969908790607655,high
sei,without_sensitivity,b,287,1143,0.005675766098197506,low
sei,without_sensitivity,b,288,1146,0.006045560249868922,high
sei,without_sensitivity,b,289,1148,0.06569433321782794,low
sei,without_sensitivity,b,290,1153,0.016104425670987403,high
sei,without_sensitivity,b,291,1155,0.008002654088206707,medium
sei,without_sensitivity,b,292,1158,0.004699048977913082,high
sei,without_sensitivity,b,293,1165,0.010468153101615136,low
sei,without_sensitivity,b,294,1168,0.015128429313661361,low
sei,without_sensitivity,b,295,1170,0.009860591442852097,medium
sei,without_sensitivity,b,296,1172,0.007760783735540895,low
sei,without_sensitivity,b,297,1174,0.00923528313731721,medium
sei,without_sensitivity,b,298,1176,0.014283260894097408,high
sei,without_sensitivity,b,299,1180,0.027131702173914387,medium
sei,without_sensitivity,b,300,1181,0.009524020059149646,medium
sei,without_sensitivity,b,301,1193,0.010474091800919213,low
sei,without_sensitivity,b,302,1196,0.016362915354240132,low
sei,without_sensitivity,b,303,1198,0.018076078682190886,low
sei,without_sensitivity,b,304,1199,0.004497947709255562,high
sei,without_sensitivity,b,305,1201,0.0045866942423649915,high
sei,without_sensitivity,b,306,1204,0.03758299541391351,medium
sei,without_sensitivity,b,307,1210,0.012571684373235184,low
sei,without_sensitivity,b,308,1214,0.004885874166594492,high
sei,without_sensitivity,b,309,1217,0.03207546709032582,high
sei,without_sensitivity,b,310,1219,0.005798719063076235,medium
sei,without_sensitivity,b,311,1220,0.002936666388731987,high
sei,without_sensitivity,b,312,1226,0.011971519844342686,low
sei,without_sensitivity,b,313,1241,0.013294402585498404,medium
sei,without_sensitivity,b,314,1242,0.010395287628085254,high
sei,without_sensitivity,b,315,1245,0.01902630021587411,low
sei,without_sensitivity,b,316,1247,0.03243049836301835,low
sei,without_sensitivity,b,317,1255,0.010270834192489276,medium
sei,without_sensitivity,b,318,1256,0.008832270137204204,high
sei,without_sensitivity,b,319,1257,0.024413159954451102,low
sei,without_sensitivity,b,320,1259,0.006567492292041116,high
sei,without_sensitivity,b,321,1261,0.010862321531395004,medium
sei,without_sensitivity,b,322,1262,0.007919713359385584,high
sei,without_sensitivity,b,323,1267,0.00587595340904766,high
sei,without_sensitivity,b,324,1268,0.021618846114742626,medium
sei,without_sensitivity,b,325,1269,0.006540797742132546,medium
sei,without_sensitivity,b,326,1270,0.2246605251642491,low
sei,without_sensitivity,b,327,1271,0.016002138645301197,medium
sei,without_sensitivity,b,328,1273,0.008341165475050488,low
sei,without_sensitivity,b,329,1276,0.021366357970775098,medium
sei,without_sensitivity,b,330,1284,0.01408316087138369,low
sei,without_sensitivity,b,331,1288,0.008132943709712584,high
sei,without_sensitivity,b,332,1289,0.015131158327046139,low
sei,without_sensitivity,b,333,1293,0.006892675167818776,medium
sei,without_sensitivity,b,334,1298,0.02102495582764022,low
sei,without_sensitivity,b,335,1299,0.007486937306840876,low
sei,without_sensitivity,b,336,1302,0.003660192388036552,medium
sei,without_sensitivity,b,337,1317,0.007033827196538193,low
sei,without_sensitivity,b,338,1321,0.005644310985840852,medium
sei,without_sensitivity,b,339,1323,0.010020950860632611,low
sei,without_sensitivity,b,340,1326,0.021337288191711306,low
sei,without_sensitivity,b,341,1329,0.007244779737763122,medium
sei,without_sensitivity,b,342,1330,0.025343141217666336,low
sei,without_sensitivity,b,343,1332,0.003206873625518552,high
sei,without_sensitivity,b,344,1334,0.013496986022940279,low
sei,without_sensitivity,b,345,1341,0.043803005261298315,low
sei,without_sensitivity,b,346,1342,0.015577448447035316,high
sei,without_sensitivity,b,347,1345,0.03769194241829852,low
sei,without_sensitivity,b,348,1348,0.008134363325529874,medium
sei,without_sensitivity,b,349,1349,0.021973493378146323,medium
sei,without_sensitivity,b,350,1351,0.005054723663161578,medium
sei,without_sensitivity,b,351,1355,0.008880891854994938,high
sei,without_sensitivity,b,352,1356,0.003276119604012584,high
sei,without_sensitivity,b,353,1357,0.0676112380787086,low
sei,without_sensitivity,b,354,1370,0.006236133277075246,medium
sei,without_sensitivity,b,355,1371,0.00882697119573158,medium
sei,without_sensitivity,b,356,1374,0.006355499724482441,high
sei,without_sensitivity,b,357,1375,0.009549129376793569,medium
sei,without_sensitivity,b,358,1381,0.005965765828324261,medium
sei,without_sensitivity,b,359,1385,0.007299974332916847,high
sei,without_sensitivity,b,360,1388,0.024984891260737836,low
sei,without_sensitivity,b,361,1395,0.0187385122444625,high
sei,without_sensitivity,b,362,1402,0.014107288576753396,high
sei,without_sensitivity,b,363,1404,0.0048233731906662785,medium
sei,without_sensitivity,b,364,1411,0.015578622811901484,low
sei,without_sensitivity,b,365,1414,0.026202823122102804,medium
sei,without_sensitivity,b,366,1423,0.008735242169426418,medium
sei,without_sensitivity,b,367,1433,0.02518731548493965,high
sei,without_sensitivity,b,368,1435,0.07883209776526559,low
sei,without_sensitivity,b,369,1437,0.009770257608945156,high
sei,without_sensitivity,b,370,1445,0.006348961259088561,medium
sei,without_sensitivity,b,371,1448,0.02529140515550049,high
sei,without_sensitivity,b,372,1455,0.01018482904055299,medium
sei,without_sensitivity,b,373,1473,0.007601417205888397,medium
sei,without_sensitivity,b,374,1475,0.041093884528180746,low
sei,without_sensitivity,b,375,1477,0.004723256157818156,medium
sei,without_sensitivity,b,376,1494,0.010615230928371957,medium
sei,without_sensitivity,b,377,1496,0.013482454695377418,medium
sei,without_sensitivity,b,378,1500,0.07685687000167302,low
sei,without_sensitivity,b,379,1503,0.005060809733568354,high
sei,without_sensitivity,b,380,1505,0.020511968133408574,low
sei,without_sensitivity,b,381,1507,0.007585711037814298,medium
sei,without_sensitivity,b,382,1511,0.020878258453298174,medium
sei,without_sensitivity,b,383,1512,0.008050069536244405,medium
sei,without_sensitivity,b,384,1516,0.004935077261842363,medium
sei,without_sensitivity,b,385,1521,0.010420980119127624,medium
sei,without_sensitivity,b,386,1522,0.01261510033184152,low
sei,without_sensitivity,b,387,1528,0.02193799077179775,low
sei,without_sensitivity,b,388,1529,0.008662265994848995,high
sei,without_sensitivity,b,389,1530,0.018054386935276386,medium
sei,without_sensitivity,b,390,1532,0.0037908226008501753,high
sei,without_sensitivity,b,391,1538,0.0100192949875832,low
sei,without_sensitivity,b,392,1542,0.008608908690630596,high
sei,without_sensitivity,b,393,1543,0.012031404601789015,low
sei,without_sensitivity,b,394,1545,0.06793199079071427,low
sei,without_sensitivity,b,395,1553,0.02382620382112883,medium
sei,without_sensitivity,b,396,1555,0.013030610400730846,medium
sei,without_sensitivity,b,397,1562,0.0358242796858563,low
sei,without_sensitivity,b,398,1566,0.022934912349132426,low
sei,without_sensitivity,b,399,1567,0.01283619941773093,high
sei,without_sensitivity,b,400,1568,0.00911704038715575,medium
sei,without_sensitivity,b,401,1572,0.02567693024214233,medium
sei,without_sensitivity,b,402,1578,0.006250988554266142,high
sei,without_sensitivity,b,403,1583,0.00462868852973962,high
sei,without_sensitivity,b,404,1584,0.0171826540510712,low
sei,without_sensitivity,b,405,1586,0.004129303226430953,medium
sei,without_sensitivity,b,406,1593,0.008329460882995585,high
sei,without_sensitivity,b,407,1602,0.009030907806345537,medium
sei,without_sensitivity,b,408,1603,0.02450561986158113,low
sei,without_sensitivity,b,409,1608,0.005132612834087989,medium
sei,without_sensitivity,b,410,1615,0.0024598650224561926,medium
sei,without_sensitivity,b,411,1616,0.010662661205369777,medium
sei,without_sensitivity,b,412,1620,0.0034238433343595762,medium
sei,without_sensitivity,b,413,1624,0.015221504538276408,high
sei,without_sensitivity,b,414,1628,0.010759609249357283,medium
sei,without_sensitivity,b,415,1636,0.012564162851954074,medium
sei,without_sensitivity,b,416,1638,0.024418812284817286,low
sei,without_sensitivity,b,417,1642,0.010420257653275677,low
sei,without_sensitivity,b,418,1643,0.021343422143103297,high
sei,without_sensitivity,b,419,1649,0.013181380466495078,high
sei,without_sensitivity,b,420,1657,0.03825980997928263,low
sei,without_sensitivity,b,421,1658,0.003907524801615396,medium
sei,without_sensitivity,b,422,1660,0.02313633204984675,low
sei,without_sensitivity,b,423,1666,0.009927477905919904,medium
sei,without_sensitivity,b,424,1667,0.008504469647542943,low
sei,without_sensitivity,b,425,1676,0.10608672085077424,low
sei,without_sensitivity,b,426,1682,0.008153508652323947,low
sei,without_sensitivity,b,427,1684,0.01799551739799257,medium
sei,without_sensitivity,b,428,1688,0.010560174507130357,low
sei,without_sensitivity,b,429,1691,0.008201608614435267,high
sei,without_sensitivity,b,430,1694,0.014213687007974918,medium
sei,without_sensitivity,b,431,1696,0.013506277385868133,high
sei,without_sensitivity,b,432,1710,0.02178999609444842,low
sei,without_sensitivity,b,433,1714,0.0178487837464456,medium
sei,without_sensitivity,b,434,1726,0.011082981677574192,high
sei,without_sensitivity,b,435,1732,0.009707327172114326,medium
sei,without_sensitivity,b,436,1738,0.007890671024110188,low
sei,without_sensitivity,b,437,1742,0.005737474335436628,medium
sei,without_sensitivity,b,438,1745,0.023463678287979284,high
sei,without_sensitivity,b,439,1746,0.00442451974797027,medium
sei,without_sensitivity,b,440,1751,0.00751665232498119,medium
sei,without_sensitivity,b,441,1753,0.010868682344632381,high
sei,without_sensitivity,b,442,1754,0.007778752616957094,medium
sei,without_sensitivity,b,443,1759,0.004188242780150896,low
sei,without_sensitivity,b,444,1760,0.007979860820882378,low
sei,without_sensitivity,b,445,1765,0.00365883076101513,high
sei,without_sensitivity,b,446,1766,0.03232696288532064,medium
sei,without_sensitivity,b,447,1768,0.004579274240800041,high
sei,without_sensitivity,b,448,1776,0.006991456227970523,medium
sei,without_sensitivity,b,449,1780,0.005931761708818547,low
sei,without_sensitivity,b,450,1788,0.007795470368008693,low
sei,without_sensitivity,b,451,1790,0.008765194294084198,low
sei,without_sensitivity,b,452,1795,0.013265954625392384,low
sei,without_sensitivity,b,453,1797,0.025678467385645512,low
sei,without_sensitivity,b,454,1799,0.006238800180202946,high
sei,without_sensitivity,b,455,1801,0.014271820982844984,low
sei,without_sensitivity,b,456,1809,0.046716072510567086,low
sei,without_sensitivity,b,457,1820,0.028275446171387754,medium
sei,without_sensitivity,b,458,1827,0.006167063525794517,medium
sei,without_sensitivity,b,459,1831,0.004244106306954045,high
sei,without_sensitivity,b,460,1833,0.031827715017238106,low
sei,without_sensitivity,b,461,1841,0.006487803888640438,medium
sei,without_sensitivity,b,462,1848,0.034939701914764545,low
sei,without_sensitivity,b,463,1849,0.023294125180266925,medium
sei,without_sensitivity,b,464,1858,0.01419106621584408,medium
sei,without_sensitivity,b,465,1860,0.005329522262111174,high
sei,without_sensitivity,b,466,1863,0.004862174707245407,low
sei,without_sensitivity,b,467,1871,0.002889458409935418,high
sei,without_sensitivity,b,468,1872,0.017995230876187582,low
sei,without_sensitivity,b,469,1877,0.019455777746691636,low
sei,without_sensitivity,b,470,1878,0.010918317808659872,high
sei,without_sensitivity,b,471,1883,0.029838070479360497,medium
sei,without_sensitivity,b,472,1889,0.014928471027521522,low
sei,without_sensitivity,b,473,1890,0.008326494965020796,high
sei,without_sensitivity,b,474,1891,0.014154867106503665,high
sei,without_sensitivity,b,475,1892,0.009549830563156827,high
sei,without_sensitivity,b,476,1899,0.011864139398902952,high
sei,without_sensitivity,b,477,1906,0.010405365077590769,high
sei,without_sensitivity,b,478,1915,0.006611349131590444,high
sei,without_sensitivity,b,479,1927,0.007352458866216761,low
sei,without_sensitivity,b,480,1928,0.0341033752142049,medium
sei,without_sensitivity,b,481,1930,0.0075818717355584184,high
sei,without_sensitivity,b,482,1934,0.007787277938248546,medium
sei,without_sensitivity,b,483,1935,0.00906444686907706,high
sei,without_sensitivity,b,484,1940,0.04879088425883164,high
sei,without_sensitivity,b,485,1947,0.05396707188311655,high
sei,without_sensitivity,b,486,1952,0.014997874920124084,high
sei,without_sensitivity,b,487,1957,0.003412278474590031,high
sei,without_sensitivity,b,488,1962,0.008824172692956713,low
sei,without_sensitivity,b,489,1963,0.007255151078313655,low
sei,without_sensitivity,b,490,1969,0.012668113176036786,high
sei,without_sensitivity,b,491,1971,0.0054359407362652695,high
sei,without_sensitivity,b,492,1973,0.06568834325236524,high
sei,without_sensitivity,b,493,1977,0.010526030567060227,low
sei,without_sensitivity,b,494,1982,0.03507667572672418,low
sei,without_sensitivity,b,495,1986,0.07598432039602429,low
sei,without_sensitivity,b,496,1991,0.004435673720826926,high
sei,without_sensitivity,b,497,1992,0.03364372618682932,low
sei,without_sensitivity,b,498,1994,0.006811762027721419,medium
sei,without_sensitivity,b,499,1995,0.008314667921220485,high
sei,without_sensitivity,b,500,1999,0.01572944287880705,medium
sei,without_sensitivity,b,501,2000,0.01962356804343875,medium
sei,without_sensitivity,b,502,2011,0.010609907377482542,high
sei,without_sensitivity,b,503,2013,0.007491963363524009,high
sei,without_sensitivity,b,504,2023,0.017952867250636932,low
sei,without_sensitivity,b,505,2028,0.04106617520676407,low
sei,without_sensitivity,b,506,2032,0.07909848299726202,low
sei,without_sensitivity,b,507,2035,0.00445967990306972,medium
sei,without_sensitivity,b,508,2038,0.004504842953156043,high
sei,without_sensitivity,b,509,2044,0.007819361925013155,high
sei,without_sensitivity,a,0,0,0.01424162241428052,high
sei,without_sensitivity,a,1,4,0.02672076826269042,medium
sei,without_sensitivity,a,2,9,0.8207333813977344,low
sei,without_sensitivity,a,3,10,0.015349914532844046,high
sei,without_sensitivity,a,4,12,0.30633457178649287,low
sei,without_sensitivity,a,5,14,0.03645197099200929,medium
sei,without_sensitivity,a,6,16,0.4432693991669767,low
sei,without_sensitivity,a,7,20,0.1705944429524555,low
sei,without_sensitivity,a,8,21,0.2790700145056957,medium
sei,without_sensitivity,a,9,27,0.11133202251181216,low
sei,without_sensitivity,a,10,34,0.13683113572197234,medium
sei,without_sensitivity,a,11,35,0.057529932234070866,medium
sei,without_sensitivity,a,12,37,0.03532275259333247,medium
sei,without_sensitivity,a,13,42,0.05517947320912233,high
sei,without_sensitivity,a,14,46,0.0324159347671216,high
sei,without_sensitivity,a,15,51,0.07289359615877208,medium
sei,without_sensitivity,a,16,61,0.2633796423142681,low
sei,without_sensitivity,a,17,62,1.3972750531185487,low
sei,without_sensitivity,a,18,68,0.023730163317226664,high
sei,without_sensitivity,a,19,71,0.13873679428070756,low
sei,without_sensitivity,a,20,78,0.04578471733203333,medium
sei,without_sensitivity,a,21,79,0.014083484193861632,high
sei,without_sensitivity,a,22,80,0.025780524803746777,medium
sei,without_sensitivity,a,23,87,0.019596398488254282,high
sei,without_sensitivity,a,24,88,0.08956657736764856,low
sei,without_sensitivity,a,25,94,0.02728629690484829,medium
sei,without_sensitivity,a,26,97,0.025802347169430435,medium
sei,without_sensitivity,a,27,103,0.12615800515157083,low
sei,without_sensitivity,a,28,104,0.030633530318559088,high
sei,without_sensitivity,a,29,109,0.01231485179996186,high
sei,without_sensitivity,a,30,110,0.01748827299622566,high
sei,without_sensitivity,a,31,112,0.1676558018299276,medium
sei,without_sensitivity,a,32,115,0.2198268018775745,low
sei,without_sensitivity,a,33,118,0.15269926765779324,low
sei,without_sensitivity,a,34,122,0.01839924112591798,high
sei,without_sensitivity,a,35,124,0.011903233933200886,high
sei,without_sensitivity,a,36,125,0.02088454372644545,high
sei,without_sensitivity,a,37,138,0.11027389484346528,medium
sei,without_sensitivity,a,38,145,0.022913595075752677,medium
sei,without_sensitivity,a,39,146,0.033565613677753334,high
sei,without_sensitivity,a,40,147,0.03262588579369508,medium
sei,without_sensitivity,a,41,156,0.020820630153911238,high
sei,without_sensitivity,a,42,161,0.009328904173295084,high
sei,without_sensitivity,a,43,169,1.3926465211098005,low
sei,without_sensitivity,a,44,170,0.012239983012273878,high
sei,without_sensitivity,a,45,176,0.582417142209827,low
sei,without_sensitivity,a,46,182,0.9751277767655099,low
sei,without_sensitivity,a,47,185,0.23790490530021782,medium
sei,without_sensitivity,a,48,187,0.11984945892811529,low
sei,without_sensitivity,a,49,188,0.03262774731723433,high
sei,without_sensitivity,a,50,189,0.038412446041593794,high
sei,without_sensitivity,a,51,191,0.08474032899220713,medium
sei,without_sensitivity,a,52,197,0.03486589214790668,high
sei,without_sensitivity,a,53,201,0.014880837473547504,high
sei,without_sensitivity,a,54,203,0.18746056810453024,low
sei,without_sensitivity,a,55,205,0.049130519100368655,high
sei,without_sensitivity,a,56,207,0.08430243355794728,low
sei,without_sensitivity,a,57,217,0.02734453159929402,high
sei,without_sensitivity,a,58,220,0.0465191592489483,high
sei,without_sensitivity,a,59,223,1.5489661678151805,low
sei,without_sensitivity,a,60,234,0.013196233695236164,high
sei,without_sensitivity,a,61,241,0.11119702854132331,low
sei,without_sensitivity,a,62,243,0.017818865848673746,high
sei,without_sensitivity,a,63,248,0.01365700952136539,high
sei,without_sensitivity,a,64,250,1.3523964788228262,low
sei,without_sensitivity,a,65,251,0.012847113346899221,high
sei,without_sensitivity,a,66,256,0.017358922001494442,high
sei,without_sensitivity,a,67,259,0.013686707392501373,high
sei,without_sensitivity,a,68,261,0.018035150279678083,high
sei,without_sensitivity,a,69,265,0.013150451228669698,high
sei,without_sensitivity,a,70,272,0.014056629613774832,high
sei,without_sensitivity,a,71,287,0.032880513753564475,medium
sei,without_sensitivity,a,72,291,1.0135043738743925,low
sei,without_sensitivity,a,73,292,0.019265418791590532,high
sei,without_sensitivity,a,74,294,0.0519720787114462,medium
sei,without_sensitivity,a,75,303,0.04624771736273233,medium
sei,without_sensitivity,a,76,305,0.010482955914756342,high
sei,without_sensitivity,a,77,313,0.26226280624967,low
sei,without_sensitivity,a,78,314,0.2593279523821341,low
sei,without_sensitivity,a,79,316,0.007134494624079752,high
sei,without_sensitivity,a,80,323,0.020314399439148374,medium
sei,without_sensitivity,a,81,325,0.021780835130618747,high
sei,without_sensitivity,a,82,328,0.3839129109304064,low
sei,without_sensitivity,a,83,331,0.04916495315501788,medium
sei,without_sensitivity,a,84,332,1.1448973551246948,low
sei,without_sensitivity,a,85,339,0.06198422881673176,medium
sei,without_sensitivity,a,86,351,0.07615759046953366,medium
sei,without_sensitivity,a,87,362,0.19214411289932348,low
sei,without_sensitivity,a,88,363,0.14106586929495213,medium
sei,without_sensitivity,a,89,369,0.13350012049272864,low
sei,without_sensitivity,a,90,388,0.050481551044254884,medium
sei,without_sensitivity,a,91,392,0.028199254054852952,medium
sei,without_sensitivity,a,92,394,0.02976683124622423,high
sei,without_sensitivity,a,93,396,0.01381603645145177,high
sei,without_sensitivity,a,94,402,0.163543725721004,low
sei,without_sensitivity,a,95,407,0.47751998525664907,low
sei,without_sensitivity,a,96,411,0.512021173586418,low
sei,without_sensitivity,a,97,413,0.10720808306195484,medium
sei,without_sensitivity,a,98,417,0.04594465293317129,medium
sei,without_sensitivity,a,99,419,0.018329701645212696,high
sei,without_sensitivity,a,100,422,0.03262502456681216,medium
sei,without_sensitivity,a,101,423,0.02714405491523362,medium
sei,without_sensitivity,a,102,424,0.019735552278753614,medium
sei,without_sensitivity,a,103,425,1.3307509205266181,low
sei,without_sensitivity,a,104,429,0.09410089885100942,medium
sei,without_sensitivity,a,105,436,0.023529302409159597,high
sei,without_sensitivity,a,106,441,0.08211807087343471,low
sei,without_sensitivity,a,107,448,0.028842614105263273,high
sei,without_sensitivity,a,108,453,0.7364777745387395,low
sei,without_sensitivity,a,109,460,0.03910724523720149,medium
sei,without_sensitivity,a,110,467,0.03323639567414829,medium
sei,without_sensitivity,a,111,469,0.9565561290698492,low
sei,without_sensitivity,a,112,472,0.12639463625352512,medium
sei,without_sensitivity,a,113,475,0.01691954513848436,high
sei,without_sensitivity,a,114,477,0.022265448399841122,medium
sei,without_sensitivity,a,115,478,0.012084089883561742,high
sei,without_sensitivity,a,116,481,0.12264903033932026,low
sei,without_sensitivity,a,117,484,0.028536413257020454,medium
sei,without_sensitivity,a,118,485,0.06309144339432123,medium
sei,without_sensitivity,a,119,492,0.16323376515449725,medium
sei,without_sensitivity,a,120,499,0.13278661617783932,low
sei,without_sensitivity,a,121,502,0.0638260334594803,medium
sei,without_sensitivity,a,122,515,0.04873122969876621,high
sei,without_sensitivity,a,123,518,0.06472548500021373,medium
sei,without_sensitivity,a,124,523,0.01834030557707923,high
sei,without_sensitivity,a,125,528,0.051506355226750775,medium
sei,without_sensitivity,a,126,536,0.031140495380072478,medium
sei,without_sensitivity,a,127,537,0.01859536459383533,high
sei,without_sensitivity,a,128,539,0.021319928995743392,high
sei,without_sensitivity,a,129,541,0.0225078769387943,medium
sei,without_sensitivity,a,130,546,0.1811028499682825,low
sei,without_sensitivity,a,131,550,0.16399366774959184,low
sei,without_sensitivity,a,132,551,0.01718588858108367,high
sei,without_sensitivity,a,133,552,0.16288410889393087,medium
sei,without_sensitivity,a,134,558,0.09807052505385756,low
sei,without_sensitivity,a,135,559,1.016447656150138,low
sei,without_sensitivity,a,136,561,0.06689001280877728,high
sei,without_sensitivity,a,137,564,0.048752962350852115,medium
sei,without_sensitivity,a,138,572,0.04695953874269383,high
sei,without_sensitivity,a,139,576,0.03395334672778831,medium
sei,without_sensitivity,a,140,577,0.037026735804416275,medium
sei,without_sensitivity,a,141,582,0.03768619953461708,medium
sei,without_sensitivity,a,142,583,0.020618593809423262,high
sei,without_sensitivity,a,143,594,0.044607699556540245,high
sei,without_sensitivity,a,144,597,0.1705046338907746,low
sei,without_sensitivity,a,145,599,0.024032983349960377,medium
sei,without_sensitivity,a,146,600,0.11505485262596563,low
sei,without_sensitivity,a,147,601,0.26762731000407053,low
sei,without_sensitivity,a,148,603,0.07859630122001364,medium
sei,without_sensitivity,a,149,607,0.4335620056938462,medium
sei,without_sensitivity,a,150,610,0.009391770340972019,high
sei,without_sensitivity,a,151,613,0.10126515753762276,low
sei,without_sensitivity,a,152,616,2.032151211963339,low
sei,without_sensitivity,a,153,623,0.971447825498432,low
sei,without_sensitivity,a,154,624,0.01838793633293114,high
sei,without_sensitivity,a,155,629,0.15827868012155163,low
sei,without_sensitivity,a,156,633,0.017778757321242025,medium
sei,without_sensitivity,a,157,634,2.1954041255415344,low
sei,without_sensitivity,a,158,635,0.13652838563294445,medium
sei,without_sensitivity,a,159,638,0.3662644207306224,low
sei,without_sensitivity,a,160,645,0.029271385798635984,high
sei,without_sensitivity,a,161,646,0.033939623818620666,high
sei,without_sensitivity,a,162,653,0.32257849371074504,low
sei,without_sensitivity,a,163,658,0.015693900342783385,medium
sei,without_sensitivity,a,164,662,0.010708918853998904,high
sei,without_sensitivity,a,165,664,0.025944948030341673,medium
sei,without_sensitivity,a,166,671,0.014324265270951103,medium
sei,without_sensitivity,a,167,672,2.350964738137513,low
sei,without_sensitivity,a,168,673,0.019851766243669706,high
sei,without_sensitivity,a,169,676,0.17411203630834476,low
sei,without_sensitivity,a,170,687,0.35985528067243006,low
sei,without_sensitivity,a,171,689,0.02015815598043204,high
sei,without_sensitivity,a,172,690,0.014938190193262271,high
sei,without_sensitivity,a,173,691,0.21736793574789023,low
sei,without_sensitivity,a,174,694,0.018897006351680016,high
sei,without_sensitivity,a,175,698,0.21644450575683646,low
sei,without_sensitivity,a,176,699,0.15302932742328565,low
sei,without_sensitivity,a,177,700,0.0634155709869907,high
sei,without_sensitivity,a,178,706,0.022358784738502294,high
sei,without_sensitivity,a,179,720,0.16919671943964068,low
sei,without_sensitivity,a,180,726,0.6718160955606594,low
sei,without_sensitivity,a,181,735,0.7278771105922875,low
sei,without_sensitivity,a,182,741,0.052914915983884654,high
sei,without_sensitivity,a,183,744,0.16039759786094498,medium
sei,without_sensitivity,a,184,748,0.060655500790136194,medium
sei,without_sensitivity,a,185,754,0.04010551177181059,high
sei,without_sensitivity,a,186,757,0.024703013757963695,high
sei,without_sensitivity,a,187,759,0.16856028273809814,low
sei,without_sensitivity,a,188,760,1.0136091201398378,low
sei,without_sensitivity,a,189,761,0.02596396886694798,medium
sei,without_sensitivity,a,190,763,0.05405829813896827,high
sei,without_sensitivity,a,191,766,0.05892011524770003,medium
sei,without_sensitivity,a,192,769,0.053960697457771135,high
sei,without_sensitivity,a,193,771,0.02187984985870924,high
sei,without_sensitivity,a,194,775,0.33090892706072444,low
sei,without_sensitivity,a,195,776,0.01559686233908022,high
sei,without_sensitivity,a,196,783,0.03210308835101438,medium
sei,without_sensitivity,a,197,788,0.018676157297637455,medium
sei,without_sensitivity,a,198,799,1.5890888494688529,low
sei,without_sensitivity,a,199,801,0.038148339892131664,high
sei,without_sensitivity,a,200,803,0.055295923695322824,medium
sei,without_sensitivity,a,201,806,0.024171128999206856,medium
sei,without_sensitivity,a,202,812,0.0472538813366852,high
sei,without_sensitivity,a,203,815,0.05524183194974825,high
sei,without_sensitivity,a,204,816,0.017959520298351322,high
sei,without_sensitivity,a,205,817,0.0196460497682965,medium
sei,without_sensitivity,a,206,819,0.005614190102597275,high
sei,without_sensitivity,a,207,828,0.01901489357157756,high
sei,without_sensitivity,a,208,836,0.05029516926031286,medium
sei,without_sensitivity,a,209,837,0.020588386268442258,medium
sei,without_sensitivity,a,210,844,0.04908668588792196,high
sei,without_sensitivity,a,211,847,0.03735585416242369,medium
sei,without_sensitivity,a,212,848,0.06544359316060673,medium
sei,without_sensitivity,a,213,851,0.014531899764328993,high
sei,without_sensitivity,a,214,855,0.026947030139246486,medium
sei,without_sensitivity,a,215,859,0.050076664208728285,medium
sei,without_sensitivity,a,216,860,0.1881427592776081,low
sei,without_sensitivity,a,217,863,0.04760709578101476,medium
sei,without_sensitivity,a,218,871,0.013695042676425464,medium
sei,without_sensitivity,a,219,874,0.11350618042746616,low
sei,without_sensitivity,a,220,879,0.01987186004715555,medium
sei,without_sensitivity,a,221,880,0.028854880293882168,high
sei,without_sensitivity,a,222,881,0.10894953517307003,low
sei,without_sensitivity,a,223,882,0.3386920955295035,low
sei,without_sensitivity,a,224,883,0.020198972881778732,medium
sei,without_sensitivity,a,225,888,0.016872960616074968,high
sei,without_sensitivity,a,226,892,0.027324871029276665,medium
sei,without_sensitivity,a,227,893,0.031242687689858432,high
sei,without_sensitivity,a,228,902,0.08626297447846705,low
sei,without_sensitivity,a,229,906,0.0160612623957231,medium
sei,without_sensitivity,a,230,909,0.021725594546501397,high
sei,without_sensitivity,a,231,911,0.13475685930602205,low
sei,without_sensitivity,a,232,912,0.009927395124433604,high
sei,without_sensitivity,a,233,914,0.10157650118887142,medium
sei,without_sensitivity,a,234,923,0.019741467457998336,high
sei,without_sensitivity,a,235,928,0.6562331490323813,low
sei,without_sensitivity,a,236,932,0.02187174626442648,medium
sei,without_sensitivity,a,237,935,0.06889437986701707,medium
sei,without_sensitivity,a,238,941,0.026932143849519103,medium
sei,without_sensitivity,a,239,949,0.11535094159916008,low
sei,without_sensitivity,a,240,950,0.4585434461114205,low
sei,without_sensitivity,a,241,958,0.10403778962331857,low
sei,without_sensitivity,a,242,963,0.046291576470470275,high
sei,without_sensitivity,a,243,965,0.032404015998323966,medium
sei,without_sensitivity,a,244,967,0.024817451797660126,high
sei,without_sensitivity,a,245,968,0.1231515045360338,low
sei,without_sensitivity,a,246,984,0.14571729163323477,low
sei,without_sensitivity,a,247,987,0.14667560775524358,low
sei,without_sensitivity,a,248,989,0.17397094221408163,low
sei,without_sensitivity,a,249,992,0.011066272782382956,high
sei,without_sensitivity,a,250,999,0.011916019826436386,high
sei,without_sensitivity,a,251,1000,0.030317650181103824,medium
sei,without_sensitivity,a,252,1002,0.009079822105013482,high
sei,without_sensitivity,a,253,1005,0.1363500247960012,low
sei,without_sensitivity,a,254,1006,0.06798323142580606,medium
sei,without_sensitivity,a,255,1013,0.10328670990421004,low
sei,without_sensitivity,a,256,1016,0.33893297415676577,low
sei,without_sensitivity,a,257,1026,0.04965794947787694,high
sei,without_sensitivity,a,258,1043,0.16495276465333464,low
sei,without_sensitivity,a,259,1047,0.016990073582986803,high
sei,without_sensitivity,a,260,1048,0.151643226228495,low
sei,without_sensitivity,a,261,1050,1.586271563779983,low
sei,without_sensitivity,a,262,1057,0.12082540653663777,low
sei,without_sensitivity,a,263,1059,0.034477768302904624,medium
sei,without_sensitivity,a,264,1060,0.0850995169837662,medium
sei,without_sensitivity,a,265,1064,0.01719920069532536,high
sei,without_sensitivity,a,266,1065,0.252042317494073,medium
sei,without_sensitivity,a,267,1067,0.0965268146147616,low
sei,without_sensitivity,a,268,1068,0.12207166033283041,low
sei,without_sensitivity,a,269,1072,0.07683684701051269,low
sei,without_sensitivity,a,270,1073,0.4841705409412964,low
sei,without_sensitivity,a,271,1076,0.02437708729296251,medium
sei,without_sensitivity,a,272,1078,0.030614241365382103,medium
sei,without_sensitivity,a,273,1083,0.040567403197012346,medium
sei,without_sensitivity,a,274,1085,0.10276450611288161,low
sei,without_sensitivity,a,275,1088,0.028160108046318102,high
sei,without_sensitivity,a,276,1090,0.03799934990792695,high
sei,without_sensitivity,a,277,1094,0.49038661918105275,low
sei,without_sensitivity,a,278,1095,0.024614917045094206,high
sei,without_sensitivity,a,279,1102,0.03857281217787796,medium
sei,without_sensitivity,a,280,1103,0.1537443014796012,low
sei,without_sensitivity,a,281,1108,0.01512291776924815,high
sei,without_sensitivity,a,282,1110,0.032844005944478206,high
sei,without_sensitivity,a,283,1111,0.018298762654685663,high
sei,without_sensitivity,a,284,1112,0.015169048479273722,medium
sei,without_sensitivity,a,285,1136,0.08837081562709845,low
sei,without_sensitivity,a,286,1141,0.016742438742570594,high
sei,without_sensitivity,a,287,1143,0.07025630497678355,low
sei,without_sensitivity,a,288,1146,0.027274630433322972,high
sei,without_sensitivity,a,289,1148,2.382779876480435,low
sei,without_sensitivity,a,290,1153,0.02422293997414599,high
sei,without_sensitivity,a,291,1155,0.02918051226357513,medium
sei,without_sensitivity,a,292,1158,0.03854413000984981,high
sei,without_sensitivity,a,293,1165,0.1291312038319061,low
sei,without_sensitivity,a,294,1168,0.15860252109390513,low
sei,without_sensitivity,a,295,1170,0.03693522485263533,medium
sei,without_sensitivity,a,296,1172,0.2830418093874058,low
sei,without_sensitivity,a,297,1174,0.05937482009269516,medium
sei,without_sensitivity,a,298,1176,0.02180209508803697,high
sei,without_sensitivity,a,299,1180,0.3231186916241785,medium
sei,without_sensitivity,a,300,1181,0.03506810670500354,medium
sei,without_sensitivity,a,301,1193,0.17138688422626042,low
sei,without_sensitivity,a,302,1196,0.176779779935368,low
sei,without_sensitivity,a,303,1198,0.5454705299236371,low
sei,without_sensitivity,a,304,1199,0.025487855274088204,high
sei,without_sensitivity,a,305,1201,0.013696187550266019,high
sei,without_sensitivity,a,306,1204,0.42918107697711644,medium
sei,without_sensitivity,a,307,1210,0.10029349719935413,low
sei,without_sensitivity,a,308,1214,0.012196618320137478,high
sei,without_sensitivity,a,309,1217,0.018826178003479008,high
sei,without_sensitivity,a,310,1219,0.01692189515260124,medium
sei,without_sensitivity,a,311,1220,0.009227098163269968,high
sei,without_sensitivity,a,312,1226,0.21651976632509032,low
sei,without_sensitivity,a,313,1241,0.060765177485525214,medium
sei,without_sensitivity,a,314,1242,0.0198331970466323,high
sei,without_sensitivity,a,315,1245,0.2781186803412379,low
sei,without_sensitivity,a,316,1247,0.7567433954193389,low
sei,without_sensitivity,a,317,1255,0.027293392691389244,medium
sei,without_sensitivity,a,318,1256,0.02755946135499686,high
sei,without_sensitivity,a,319,1257,0.11056479804343085,low
sei,without_sensitivity,a,320,1259,0.033087775811102,high
sei,without_sensitivity,a,321,1261,0.04606733262384519,medium
sei,without_sensitivity,a,322,1262,0.010267998645041987,high
sei,without_sensitivity,a,323,1267,0.018831118928446546,high
sei,without_sensitivity,a,324,1268,0.32519756149839046,medium
sei,without_sensitivity,a,325,1269,0.028354848302823903,medium
sei,without_sensitivity,a,326,1270,6.233986781150037,low
sei,without_sensitivity,a,327,1271,0.21821248039227994,medium
sei,without_sensitivity,a,328,1273,0.07445960121575224,low
sei,without_sensitivity,a,329,1276,0.17619805742347316,medium
sei,without_sensitivity,a,330,1284,0.23716937123175924,low
sei,without_sensitivity,a,331,1288,0.02387437217482346,high
sei,without_sensitivity,a,332,1289,0.11563781045494556,low
sei,without_sensitivity,a,333,1293,0.024689153226853774,medium
sei,without_sensitivity,a,334,1298,0.11392395844189812,low
sei,without_sensitivity,a,335,1299,0.13420441874806702,low
sei,without_sensitivity,a,336,1302,0.020897440995477926,medium
sei,without_sensitivity,a,337,1317,0.29601021436879543,low
sei,without_sensitivity,a,338,1321,0.055044966565506365,medium
sei,without_sensitivity,a,339,1323,0.15113655679835086,low
sei,without_sensitivity,a,340,1326,0.2113265421034633,low
sei,without_sensitivity,a,341,1329,0.02841640103005285,medium
sei,without_sensitivity,a,342,1330,0.08630679059556332,low
sei,without_sensitivity,a,343,1332,0.01632748134683996,high
sei,without_sensitivity,a,344,1334,0.11415533899204208,low
sei,without_sensitivity,a,345,1341,1.9757357642612643,low
sei,without_sensitivity,a,346,1342,0.0184193531401639,high
sei,without_sensitivity,a,347,1345,0.8702100655247709,low
sei,without_sensitivity,a,348,1348,0.016861672304953855,medium
sei,without_sensitivity,a,349,1349,0.023456571359523046,medium
sei,without_sensitivity,a,350,1351,0.018891418235539612,medium
sei,without_sensitivity,a,351,1355,0.022309079194510053,high
sei,without_sensitivity,a,352,1356,0.0099557335466021,high
sei,without_sensitivity,a,353,1357,1.8818342651549405,low
sei,without_sensitivity,a,354,1370,0.05056428777607902,medium
sei,without_sensitivity,a,355,1371,0.03839919970706085,medium
sei,without_sensitivity,a,356,1374,0.014935185111280485,high
sei,without_sensitivity,a,357,1375,0.026333611931665488,medium
sei,without_sensitivity,a,358,1381,0.03400523931689483,medium
sei,without_sensitivity,a,359,1385,0.013320100063503178,high
sei,without_sensitivity,a,360,1388,0.5353697663311181,low
sei,without_sensitivity,a,361,1395,0.022872581408621095,high
sei,without_sensitivity,a,362,1402,0.02641259054658882,high
sei,without_sensitivity,a,363,1404,0.027154512288952642,medium
sei,without_sensitivity,a,364,1411,0.3951456919032922,low
sei,without_sensitivity,a,365,1414,0.026523085020015755,medium
sei,without_sensitivity,a,366,1423,0.03383460320250907,medium
sei,without_sensitivity,a,367,1433,0.0537401969895756,high
sei,without_sensitivity,a,368,1435,1.6698568596660675,low
sei,without_sensitivity,a,369,1437,0.018081616846069144,high
sei,without_sensitivity,a,370,1445,0.03825027901359077,medium
sei,without_sensitivity,a,371,1448,0.04150139909356894,high
sei,without_sensitivity,a,372,1455,0.02437862620803145,medium
sei,without_sensitivity,a,373,1473,0.02700079456952116,medium
sei,without_sensitivity,a,374,1475,0.9335689277981766,low
sei,without_sensitivity,a,375,1477,0.1152348861278935,medium
sei,without_sensitivity,a,376,1494,0.023400631678859602,medium
sei,without_sensitivity,a,377,1496,0.023932010818184725,medium
sei,without_sensitivity,a,378,1500,2.6720579640507514,low
sei,without_sensitivity,a,379,1503,0.012999979569139673,high
sei,without_sensitivity,a,380,1505,0.3050026065833321,low
sei,without_sensitivity,a,381,1507,0.03342001342931078,medium
sei,without_sensitivity,a,382,1511,0.02762899118314379,medium
sei,without_sensitivity,a,383,1512,0.026310684313739837,medium
sei,without_sensitivity,a,384,1516,0.029577397805165415,medium
sei,without_sensitivity,a,385,1521,0.035634306066187685,medium
sei,without_sensitivity,a,386,1522,0.2404939159986404,low
sei,without_sensitivity,a,387,1528,0.1963352742880673,low
sei,without_sensitivity,a,388,1529,0.037302911174414095,high
sei,without_sensitivity,a,389,1530,0.18159169026326066,medium
sei,without_sensitivity,a,390,1532,0.01638902143296762,high
sei,without_sensitivity,a,391,1538,0.13524728547425455,low
sei,without_sensitivity,a,392,1542,0.02714918656441445,high
sei,without_sensitivity,a,393,1543,0.14930717048039835,low
sei,without_sensitivity,a,394,1545,0.9692615962659913,low
sei,without_sensitivity,a,395,1553,0.12978075649456292,medium
sei,without_sensitivity,a,396,1555,0.05845409070107578,medium
sei,without_sensitivity,a,397,1562,0.733372680016234,low
sei,without_sensitivity,a,398,1566,0.3526528982592226,low
sei,without_sensitivity,a,399,1567,0.035415989948548866,high
sei,without_sensitivity,a,400,1568,0.028924043606715553,medium
sei,without_sensitivity,a,401,1572,0.2251523627218794,medium
sei,without_sensitivity,a,402,1578,0.014272312031503488,high
sei,without_sensitivity,a,403,1583,0.01836051803881168,high
sei,without_sensitivity,a,404,1584,0.11455561607363295,low
sei,without_sensitivity,a,405,1586,0.023417744856995847,medium
sei,without_sensitivity,a,406,1593,0.027990350695621145,high
sei,without_sensitivity,a,407,1602,0.05966400464107391,medium
sei,without_sensitivity,a,408,1603,0.3153678590357521,low
sei,without_sensitivity,a,409,1608,0.019980572109024316,medium
sei,without_sensitivity,a,410,1615,0.03221753957314454,medium
sei,without_sensitivity,a,411,1616,0.034628203424536604,medium
sei,without_sensitivity,a,412,1620,0.07621221221905927,medium
sei,without_sensitivity,a,413,1624,0.02255240212959612,high
sei,without_sensitivity,a,414,1628,0.07966030529885079,medium
sei,without_sensitivity,a,415,1636,0.03779474542977797,medium
sei,without_sensitivity,a,416,1638,0.4274798951358306,low
sei,without_sensitivity,a,417,1642,0.15574309218704516,low
sei,without_sensitivity,a,418,1643,0.019452884088206338,high
sei,without_sensitivity,a,419,1649,0.016501013592865037,high
sei,without_sensitivity,a,420,1657,0.40023667103197397,low
sei,without_sensitivity,a,421,1658,0.020797624847065946,medium
sei,without_sensitivity,a,422,1660,0.13631271891171168,low
sei,without_sensitivity,a,423,1666,0.07285779849978179,medium
sei,without_sensitivity,a,424,1667,0.11338861189887735,low
sei,without_sensitivity,a,425,1676,2.257246673150674,low
sei,without_sensitivity,a,426,1682,0.080001931485232,low
sei,without_sensitivity,a,427,1684,0.21890222919181468,medium
sei,without_sensitivity,a,428,1688,0.16299536534862874,low
sei,without_sensitivity,a,429,1691,0.018486686398517426,high
sei,without_sensitivity,a,430,1694,0.020140396636623006,medium
sei,without_sensitivity,a,431,1696,0.028561344103243933,high
sei,without_sensitivity,a,432,1710,0.45188334254124707,low
sei,without_sensitivity,a,433,1714,0.05085820192561317,medium
sei,without_sensitivity,a,434,1726,0.018779262690374405,high
sei,without_sensitivity,a,435,1732,0.05183058648038538,medium
sei,without_sensitivity,a,436,1738,0.08135475073986724,low
sei,without_sensitivity,a,437,1742,0.04929558756901121,medium
sei,without_sensitivity,a,438,1745,0.01288700441208099,high
sei,without_sensitivity,a,439,1746,0.018072592930791595,medium
sei,without_sensitivity,a,440,1751,0.029256113024045863,medium
sei,without_sensitivity,a,441,1753,0.013869097966556962,high
sei,without_sensitivity,a,442,1754,0.0930510308296685,medium
sei,without_sensitivity,a,443,1759,0.2876362988767628,low
sei,without_sensitivity,a,444,1760,0.12308507076985903,low
sei,without_sensitivity,a,445,1765,0.01834680005712367,high
sei,without_sensitivity,a,446,1766,0.37231373627613773,medium
sei,without_sensitivity,a,447,1768,0.01665192852997074,high
sei,without_sensitivity,a,448,1776,0.019313749663975813,medium
sei,without_sensitivity,a,449,1780,0.07338587000990415,low
sei,without_sensitivity,a,450,1788,0.06563312023217836,low
sei,without_sensitivity,a,451,1790,0.2474852035123783,low
sei,without_sensitivity,a,452,1795,0.11191228394013089,low
sei,without_sensitivity,a,453,1797,0.24163958692261367,low
sei,without_sensitivity,a,454,1799,0.011710281998805252,high
sei,without_sensitivity,a,455,1801,0.45902398563415114,low
sei,without_sensitivity,a,456,1809,1.080525899509048,low
sei,without_sensitivity,a,457,1820,0.019857329065218664,medium
sei,without_sensitivity,a,458,1827,0.03469997294180693,medium
sei,without_sensitivity,a,459,1831,0.007877402932762085,high
sei,without_sensitivity,a,460,1833,0.25812594918871185,low
sei,without_sensitivity,a,461,1841,0.026726106179542946,medium
sei,without_sensitivity,a,462,1848,0.5424751161971804,low
sei,without_sensitivity,a,463,1849,0.09411651071138252,medium
sei,without_sensitivity,a,464,1858,0.17858379076242328,medium
sei,without_sensitivity,a,465,1860,0.027666108924036235,high
sei,without_sensitivity,a,466,1863,0.0997037499004376,low
sei,without_sensitivity,a,467,1871,0.008335057197398075,high
sei,without_sensitivity,a,468,1872,0.09938718408228939,low
sei,without_sensitivity,a,469,1877,0.9448147775271505,low
sei,without_sensitivity,a,470,1878,0.03872033269701723,high
sei,without_sensitivity,a,471,1883,0.015956072093128142,medium
sei,without_sensitivity,a,472,1889,0.32480824245458534,low
sei,without_sensitivity,a,473,1890,0.016547080886677577,high
sei,without_sensitivity,a,474,1891,0.013342873678659908,high
sei,without_sensitivity,a,475,1892,0.032867948106489055,high
sei,without_sensitivity,a,476,1899,0.035556401485193845,high
sei,without_sensitivity,a,477,1906,0.013521567772678898,high
sei,without_sensitivity,a,478,1915,0.014106114704041498,high
sei,without_sensitivity,a,479,1927,0.12991941278630392,low
sei,without_sensitivity,a,480,1928,0.04960264118972143,medium
sei,without_sensitivity,a,481,1930,0.016620080340290586,high
sei,without_sensitivity,a,482,1934,0.09869715380933856,medium
sei,without_sensitivity,a,483,1935,0.052242395547405174,high
sei,without_sensitivity,a,484,1940,0.03190094615777036,high
sei,without_sensitivity,a,485,1947,0.06261083375587927,high
sei,without_sensitivity,a,486,1952,0.01683524003250994,high
sei,without_sensitivity,a,487,1957,0.01725295125409596,high
sei,without_sensitivity,a,488,1962,0.14043395825636937,low
sei,without_sensitivity,a,489,1963,0.1090778123371056,low
sei,without_sensitivity,a,490,1969,0.01890272693943709,high
sei,without_sensitivity,a,491,1971,0.010272351381083015,high
sei,without_sensitivity,a,492,1973,0.03910916664684911,high
sei,without_sensitivity,a,493,1977,0.14382228213752754,low
sei,without_sensitivity,a,494,1982,0.4265739967568563,low
sei,without_sensitivity,a,495,1986,1.6280464977703615,low
sei,without_sensitivity,a,496,1991,0.02290602600886007,high
sei,without_sensitivity,a,497,1992,0.4707829814115051,low
sei,without_sensitivity,a,498,1994,0.036589466406784996,medium
sei,without_sensitivity,a,499,1995,0.03817984065189948,high
sei,without_sensitivity,a,500,1999,0.019798967836923403,medium
sei,without_sensitivity,a,501,2000,0.12389941084562207,medium
sei,without_sensitivity,a,502,2011,0.027138538594503735,high
sei,without_sensitivity,a,503,2013,0.024354144625939062,high
sei,without_sensitivity,a,504,2023,0.12026357352896272,low
sei,without_sensitivity,a,505,2028,1.1221398750236387,low
sei,without_sensitivity,a,506,2032,2.9404125630213973,low
sei,without_sensitivity,a,507,2035,0.01667223206229893,medium
sei,without_sensitivity,a,508,2038,0.03957592403590622,high
sei,without_sensitivity,a,509,2044,0.026376205365016434,high
sei,with_sensitivity,overall,0,0,0.0019365552821188638,high
sei,with_sensitivity,overall,1,4,0.0018269012050809595,medium
sei,with_sensitivity,overall,2,9,0.006108535149994079,low
sei,with_sensitivity,overall,3,10,0.0006043823829820848,high
sei,with_sensitivity,overall,4,12,0.003275932316469738,low
sei,with_sensitivity,overall,5,14,0.0015718013867432633,medium
sei,with_sensitivity,overall,6,16,0.006599391033251127,low
sei,with_sensitivity,overall,7,20,0.0021336996288941826,low
sei,with_sensitivity,overall,8,21,0.0038476539891628457,medium
sei,with_sensitivity,overall,9,27,0.0015372723574961682,low
sei,with_sensitivity,overall,10,34,0.0037406053888884355,medium
sei,with_sensitivity,overall,11,35,0.0015487747701266063,medium
sei,with_sensitivity,overall,12,37,0.0013041567135009258,medium
sei,with_sensitivity,overall,13,42,0.0007927540360623227,high
sei,with_sensitivity,overall,14,46,0.0018406719266995505,high
sei,with_sensitivity,overall,15,51,0.0011626546970535695,medium
sei,with_sensitivity,overall,16,61,0.009709054053039018,low
sei,with_sensitivity,overall,17,62,0.003482283600625149,low
sei,with_sensitivity,overall,18,68,0.0014540345223349226,high
sei,with_sensitivity,overall,19,71,0.0016119745021540954,low
sei,with_sensitivity,overall,20,78,0.0014936633360518004,medium
sei,with_sensitivity,overall,21,79,0.0008324651771556429,high
sei,with_sensitivity,overall,22,80,0.0014428010293579682,medium
sei,with_sensitivity,overall,23,87,0.0030777768550186717,high
sei,with_sensitivity,overall,24,88,0.0020689664301167332,low
sei,with_sensitivity,overall,25,94,0.0013023540529258223,medium
sei,with_sensitivity,overall,26,97,0.0029398822746786136,medium
sei,with_sensitivity,overall,27,103,0.003093435286094938,low
sei,with_sensitivity,overall,28,104,0.0016039221408080343,high
sei,with_sensitivity,overall,29,109,0.0024969761774214713,high
sei,with_sensitivity,overall,30,110,0.003828853481526984,high
sei,with_sensitivity,overall,31,112,0.0032736654839894287,medium
sei,with_sensitivity,overall,32,115,0.003921193833305725,low
sei,with_sensitivity,overall,33,118,0.004517596857068818,low
sei,with_sensitivity,overall,34,122,0.0018094581612419674,high
sei,with_sensitivity,overall,35,124,0.001876893149595031,high
sei,with_sensitivity,overall,36,125,0.0012959924952556053,high
sei,with_sensitivity,overall,37,138,0.002117263348416324,medium
sei,with_sensitivity,overall,38,145,0.0014542365043083442,medium
sei,with_sensitivity,overall,39,146,0.004088302986761598,high
sei,with_sensitivity,overall,40,147,0.0012868948195894766,medium
sei,with_sensitivity,overall,41,156,0.0008460321171047669,high
sei,with_sensitivity,overall,42,161,0.0008982668536878439,high
sei,with_sensitivity,overall,43,169,0.008554124618427812,low
sei,with_sensitivity,overall,44,170,0.0010097812407393646,high
sei,with_sensitivity,overall,45,176,0.00710123291090412,low
sei,with_sensitivity,overall,46,182,0.005529840462145021,low
sei,with_sensitivity,overall,47,185,0.0020800150343223875,medium
sei,with_sensitivity,overall,48,187,0.0026057503831599105,low
sei,with_sensitivity,overall,49,188,0.0015114856832919407,high
sei,with_sensitivity,overall,50,189,0.0007948434662017297,high
sei,with_sensitivity,overall,51,191,0.0016525828596498547,medium
sei,with_sensitivity,overall,52,197,0.0016879920811447569,high
sei,with_sensitivity,overall,53,201,0.0014372714364915763,high
sei,with_sensitivity,overall,54,203,0.0027505677110975235,low
sei,with_sensitivity,overall,55,205,0.0031247404000998035,high
sei,with_sensitivity,overall,56,207,0.002852477129125941,low
sei,with_sensitivity,overall,57,217,0.0015180163434785187,high
sei,with_sensitivity,overall,58,220,0.001038201661300251,high
sei,with_sensitivity,overall,59,223,0.01049074529047771,low
sei,with_sensitivity,overall,60,234,0.0013062702850240634,high
sei,with_sensitivity,overall,61,241,0.0020374139007332264,low
sei,with_sensitivity,overall,62,243,0.0009249740724872693,high
sei,with_sensitivity,overall,63,248,0.0009056431364619064,high
sei,with_sensitivity,overall,64,250,0.007090510547856958,low
sei,with_sensitivity,overall,65,251,0.001034117750782813,high
sei,with_sensitivity,overall,66,256,0.0028368242484988365,high
sei,with_sensitivity,overall,67,259,0.001750327297076296,high
sei,with_sensitivity,overall,68,261,0.0008880223820077604,high
sei,with_sensitivity,overall,69,265,0.0009953220839300464,high
sei,with_sensitivity,overall,70,272,0.001161764059590683,high
sei,with_sensitivity,overall,71,287,0.0016367148470479537,medium
sei,with_sensitivity,overall,72,291,0.013509644891029945,low
sei,with_sensitivity,overall,73,292,0.0011478126584173528,high
sei,with_sensitivity,overall,74,294,0.0020513417404899852,medium
sei,with_sensitivity,overall,75,303,0.0009504046726964697,medium
sei,with_sensitivity,overall,76,305,0.0010013837573908402,high
sei,with_sensitivity,overall,77,313,0.0017527701582692654,low
sei,with_sensitivity,overall,78,314,0.01454893840308419,low
sei,with_sensitivity,overall,79,316,0.0005099976824993682,high
sei,with_sensitivity,overall,80,323,0.0024582806712189873,medium
sei,with_sensitivity,overall,81,325,0.0035730972979796695,high
sei,with_sensitivity,overall,82,328,0.004534587493365911,low
sei,with_sensitivity,overall,83,331,0.0006256830638043544,medium
sei,with_sensitivity,overall,84,332,0.008234894425022718,low
sei,with_sensitivity,overall,85,339,0.0012874217917203234,medium
sei,with_sensitivity,overall,86,351,0.0020494299772155613,medium
sei,with_sensitivity,overall,87,362,0.00398861690338591,low
sei,with_sensitivity,overall,88,363,0.0017728910677736074,medium
sei,with_sensitivity,overall,89,369,0.0035110657542752888,low
sei,with_sensitivity,overall,90,388,0.0007719528726649808,medium
sei,with_sensitivity,overall,91,392,0.0013178609295284918,medium
sei,with_sensitivity,overall,92,394,0.001240770856426302,high
sei,with_sensitivity,overall,93,396,0.0009316449322655524,high
sei,with_sensitivity,overall,94,402,0.004943293200410938,low
sei,with_sensitivity,overall,95,407,0.005898303540935514,low
sei,with_sensitivity,overall,96,411,0.005359427190778135,low
sei,with_sensitivity,overall,97,413,0.0016835487513683575,medium
sei,with_sensitivity,overall,98,417,0.0023391422532138763,medium
sei,with_sensitivity,overall,99,419,0.0009254565372421695,high
sei,with_sensitivity,overall,100,422,0.0022697698588057297,medium
sei,with_sensitivity,overall,101,423,0.002110700507606258,medium
sei,with_sensitivity,overall,102,424,0.0010427488582537307,medium
sei,with_sensitivity,overall,103,425,0.0060408773359466005,low
sei,with_sensitivity,overall,104,429,0.002012775188483386,medium
sei,with_sensitivity,overall,105,436,0.0013387469540679306,high
sei,with_sensitivity,overall,106,441,0.0037476491886022658,low
sei,with_sensitivity,overall,107,448,0.0010448560413253735,high
sei,with_sensitivity,overall,108,453,0.004178387904030572,low
sei,with_sensitivity,overall,109,460,0.001284121301555781,medium
sei,with_sensitivity,overall,110,467,0.0011729473055623531,medium
sei,with_sensitivity,overall,111,469,0.006198913081604277,low
sei,with_sensitivity,overall,112,472,0.0029869218393671006,medium
sei,with_sensitivity,overall,113,475,0.001202089384221481,high
sei,with_sensitivity,overall,114,477,0.0011953374648718583,medium
sei,with_sensitivity,overall,115,478,0.001060870589605051,high
sei,with_sensitivity,overall,116,481,0.002262096145441397,low
sei,with_sensitivity,overall,117,484,0.0013719114876645177,medium
sei,with_sensitivity,overall,118,485,0.002587955267214734,medium
sei,with_sensitivity,overall,119,492,0.0017391024862973125,medium
sei,with_sensitivity,overall,120,499,0.003519390720956188,low
sei,with_sensitivity,overall,121,502,0.003924807094492321,medium
sei,with_sensitivity,overall,122,515,0.0009958750458395628,high
sei,with_sensitivity,overall,123,518,0.0013861241660774115,medium
sei,with_sensitivity,overall,124,523,0.0016227686015797744,high
sei,with_sensitivity,overall,125,528,0.0022583996431894803,medium
sei,with_sensitivity,overall,126,536,0.0011445830804625173,medium
sei,with_sensitivity,overall,127,537,0.004745354036240065,high
sei,with_sensitivity,overall,128,539,0.0020391277521349957,high
sei,with_sensitivity,overall,129,541,0.001177376368211175,medium
sei,with_sensitivity,overall,130,546,0.0020361705420812743,low
sei,with_sensitivity,overall,131,550,0.0018262226073981857,low
sei,with_sensitivity,overall,132,551,0.0012733160686447397,high
sei,with_sensitivity,overall,133,552,0.0016874360104244541,medium
sei,with_sensitivity,overall,134,558,0.002166207867720555,low
sei,with_sensitivity,overall,135,559,0.008588093781675804,low
sei,with_sensitivity,overall,136,561,0.0025931105989700533,high
sei,with_sensitivity,overall,137,564,0.002180958949876835,medium
sei,with_sensitivity,overall,138,572,0.0034886713139759633,high
sei,with_sensitivity,overall,139,576,0.001601433305537425,medium
sei,with_sensitivity,overall,140,577,0.001637043290046985,medium
sei,with_sensitivity,overall,141,582,0.002294520957171196,medium
sei,with_sensitivity,overall,142,583,0.0031968108491165804,high
sei,with_sensitivity,overall,143,594,0.000895146577733886,high
sei,with_sensitivity,overall,144,597,0.0045885408972965586,low
sei,with_sensitivity,overall,145,599,0.0010262832894618627,medium
sei,with_sensitivity,overall,146,600,0.0028218574299001802,low
sei,with_sensitivity,overall,147,601,0.0038341849157809012,low
sei,with_sensitivity,overall,148,603,0.0014305615842968122,medium
sei,with_sensitivity,overall,149,607,0.0036450297707327998,medium
sei,with_sensitivity,overall,150,610,0.0004785093839790997,high
sei,with_sensitivity,overall,151,613,0.002862512681751955,low
sei,with_sensitivity,overall,152,616,0.0053454410951788425,low
sei,with_sensitivity,overall,153,623,0.006384936841789565,low
sei,with_sensitivity,overall,154,624,0.0015741621940192864,high
sei,with_sensitivity,overall,155,629,0.0036109124963765705,low
sei,with_sensitivity,overall,156,633,0.0010351858810287355,medium
sei,with_sensitivity,overall,157,634,0.011150177770391258,low
sei,with_sensitivity,overall,158,635,0.0021701394423082995,medium
sei,with_sensitivity,overall,159,638,0.003102172472575935,low
sei,with_sensitivity,overall,160,645,0.0010931659918586981,high
sei,with_sensitivity,overall,161,646,0.002723673437703252,high
sei,with_sensitivity,overall,162,653,0.0036296608355323055,low
sei,with_sensitivity,overall,163,658,0.0010655736289628581,medium
sei,with_sensitivity,overall,164,662,0.000616254094982572,high
sei,with_sensitivity,overall,165,664,0.0018023584095129368,medium
sei,with_sensitivity,overall,166,671,0.0010760191942813429,medium
sei,with_sensitivity,overall,167,672,0.006479748347488634,low
sei,with_sensitivity,overall,168,673,0.004141324186453886,high
sei,with_sensitivity,overall,169,676,0.0019189525332167143,low
sei,with_sensitivity,overall,170,687,0.00665975990161981,low
sei,with_sensitivity,overall,171,689,0.0014801333476766273,high
sei,with_sensitivity,overall,172,690,0.0021269497415832813,high
sei,with_sensitivity,overall,173,691,0.0032496132318285426,low
sei,with_sensitivity,overall,174,694,0.0005588516788488639,high
sei,with_sensitivity,overall,175,698,0.002434414303609214,low
sei,with_sensitivity,overall,176,699,0.005142619768091172,low
sei,with_sensitivity,overall,177,700,0.0018691575162455482,high
sei,with_sensitivity,overall,178,706,0.003276025714327747,high
sei,with_sensitivity,overall,179,720,0.004684700847333678,low
sei,with_sensitivity,overall,180,726,0.00758260869181682,low
sei,with_sensitivity,overall,181,735,0.004698093904125812,low
sei,with_sensitivity,overall,182,741,0.0018476209990607574,high
sei,with_sensitivity,overall,183,744,0.006790578297532574,medium
sei,with_sensitivity,overall,184,748,0.003740115003301752,medium
sei,with_sensitivity,overall,185,754,0.0007223840138992022,high
sei,with_sensitivity,overall,186,757,0.0014400150174509502,high
sei,with_sensitivity,overall,187,759,0.0038111678182317973,low
sei,with_sensitivity,overall,188,760,0.005716467062217599,low
sei,with_sensitivity,overall,189,761,0.001755435751441539,medium
sei,with_sensitivity,overall,190,763,0.0030980493619389986,high
sei,with_sensitivity,overall,191,766,0.002277069082900985,medium
sei,with_sensitivity,overall,192,769,0.0012992514395300837,high
sei,with_sensitivity,overall,193,771,0.0011273183204536916,high
sei,with_sensitivity,overall,194,775,0.003024354621390238,low
sei,with_sensitivity,overall,195,776,0.0009184051196748142,high
sei,with_sensitivity,overall,196,783,0.0012452231055591716,medium
sei,with_sensitivity,overall,197,788,0.0009733316168327043,medium
sei,with_sensitivity,overall,198,799,0.005263573899043999,low
sei,with_sensitivity,overall,199,801,0.0015511877475147375,high
sei,with_sensitivity,overall,200,803,0.0015520271384886952,medium
sei,with_sensitivity,overall,201,806,0.0009293863871894119,medium
sei,with_sensitivity,overall,202,812,0.001980934489075232,high
sei,with_sensitivity,overall,203,815,0.0017416568470160123,high
sei,with_sensitivity,overall,204,816,0.0020659748865427736,high
sei,with_sensitivity,overall,205,817,0.001207506882608756,medium
sei,with_sensitivity,overall,206,819,0.0006197379680151588,high
sei,with_sensitivity,overall,207,828,0.0023006055638825668,high
sei,with_sensitivity,overall,208,836,0.001294942416509797,medium
sei,with_sensitivity,overall,209,837,0.0010536849439407962,medium
sei,with_sensitivity,overall,210,844,0.008456208240100623,high
sei,with_sensitivity,overall,211,847,0.00249274198996148,medium
sei,with_sensitivity,overall,212,848,0.003770619795691808,medium
sei,with_sensitivity,overall,213,851,0.0007852722058863395,high
sei,with_sensitivity,overall,214,855,0.002406135272388296,medium
sei,with_sensitivity,overall,215,859,0.00515057135918598,medium
sei,with_sensitivity,overall,216,860,0.002272377135383424,low
sei,with_sensitivity,overall,217,863,0.0017666500026109254,medium
sei,with_sensitivity,overall,218,871,0.0009668746132041936,medium
sei,with_sensitivity,overall,219,874,0.003601351589640017,low
sei,with_sensitivity,overall,220,879,0.001098793394974603,medium
sei,with_sensitivity,overall,221,880,0.0011588025393193897,high
sei,with_sensitivity,overall,222,881,0.0023470316457606982,low
sei,with_sensitivity,overall,223,882,0.011467391509004714,low
sei,with_sensitivity,overall,224,883,0.0008019965430065719,medium
sei,with_sensitivity,overall,225,888,0.001119728664144773,high
sei,with_sensitivity,overall,226,892,0.0011575056134242214,medium
sei,with_sensitivity,overall,227,893,0.0013373299894112978,high
sei,with_sensitivity,overall,228,902,0.0015911695498715937,low
sei,with_sensitivity,overall,229,906,0.0015498927267288112,medium
sei,with_sensitivity,overall,230,909,0.0013360526905202936,high
sei,with_sensitivity,overall,231,911,0.0016503688454875215,low
sei,with_sensitivity,overall,232,912,0.0012898827909912597,high
sei,with_sensitivity,overall,233,914,0.0014892137737480035,medium
sei,with_sensitivity,overall,234,923,0.0011432913754492475,high
sei,with_sensitivity,overall,235,928,0.012588077569332957,low
sei,with_sensitivity,overall,236,932,0.0011785262225548058,medium
sei,with_sensitivity,overall,237,935,0.0016348652851144658,medium
sei,with_sensitivity,overall,238,941,0.0010141562892095441,medium
sei,with_sensitivity,overall,239,949,0.004316978258770701,low
sei,with_sensitivity,overall,240,950,0.003066514193082646,low
sei,with_sensitivity,overall,241,958,0.0024564418715157343,low
sei,with_sensitivity,overall,242,963,0.0037861174814498204,high
sei,with_sensitivity,overall,243,965,0.0027523041971302896,medium
sei,with_sensitivity,overall,244,967,0.0014951386655252072,high
sei,with_sensitivity,overall,245,968,0.0033823822629048227,low
sei,with_sensitivity,overall,246,984,0.0022416003320184126,low
sei,with_sensitivity,overall,247,987,0.0034681421460965025,low
sei,with_sensitivity,overall,248,989,0.0015582237457092275,low
sei,with_sensitivity,overall,249,992,0.0013096696955931318,high
sei,with_sensitivity,overall,250,999,0.0008987229410928686,high
sei,with_sensitivity,overall,251,1000,0.0009803650226572333,medium
sei,with_sensitivity,overall,252,1002,0.0006489486531727777,high
sei,with_sensitivity,overall,253,1005,0.0032750696918229846,low
sei,with_sensitivity,overall,254,1006,0.0012101881805057142,medium
sei,with_sensitivity,overall,255,1013,0.0013823744460528453,low
sei,with_sensitivity,overall,256,1016,0.0037831730407107116,low
sei,with_sensitivity,overall,257,1026,0.002367945555504061,high
sei,with_sensitivity,overall,258,1043,0.0028800635896118194,low
sei,with_sensitivity,overall,259,1047,0.0012322865752811235,high
sei,with_sensitivity,overall,260,1048,0.0016027963570722616,low
sei,with_sensitivity,overall,261,1050,0.014009455401410872,low
sei,with_sensitivity,overall,262,1057,0.0033565355155022914,low
sei,with_sensitivity,overall,263,1059,0.002931295655146428,medium
sei,with_sensitivity,overall,264,1060,0.0015510775485416824,medium
sei,with_sensitivity,overall,265,1064,0.0009061108199043614,high
sei,with_sensitivity,overall,266,1065,0.0023730579811266257,medium
sei,with_sensitivity,overall,267,1067,0.003837236551610997,low
sei,with_sensitivity,overall,268,1068,0.003907900377789962,low
sei,with_sensitivity,overall,269,1072,0.003421970403418844,low
sei,with_sensitivity,overall,270,1073,0.004684455448018371,low
sei,with_sensitivity,overall,271,1076,0.0017019106152745447,medium
sei,with_sensitivity,overall,272,1078,0.0013602253603516407,medium
sei,with_sensitivity,overall,273,1083,0.0014975591073499665,medium
sei,with_sensitivity,overall,274,1085,0.0017055423776004607,low
sei,with_sensitivity,overall,275,1088,0.0031859746905733297,high
sei,with_sensitivity,overall,276,1090,0.0011391836896552708,high
sei,with_sensitivity,overall,277,1094,0.0019301939955546409,low
sei,with_sensitivity,overall,278,1095,0.0036528983510315596,high
sei,with_sensitivity,overall,279,1102,0.002836397731975966,medium
sei,with_sensitivity,overall,280,1103,0.005437080968051349,low
sei,with_sensitivity,overall,281,1108,0.0024362615706917065,high
sei,with_sensitivity,overall,282,1110,0.0015315390070817236,high
sei,with_sensitivity,overall,283,1111,0.000909010851869982,high
sei,with_sensitivity,overall,284,1112,0.0010486420837119597,medium
sei,with_sensitivity,overall,285,1136,0.0046650449074337914,low
sei,with_sensitivity,overall,286,1141,0.0010681562265737897,high
sei,with_sensitivity,overall,287,1143,0.006142643344793224,low
sei,with_sensitivity,overall,288,1146,0.0007577013811033847,high
sei,with_sensitivity,overall,289,1148,0.010446865610976432,low
sei,with_sensitivity,overall,290,1153,0.0019527160618458205,high
sei,with_sensitivity,overall,291,1155,0.0013964093076260045,medium
sei,with_sensitivity,overall,292,1158,0.0008000472207516224,high
sei,with_sensitivity,overall,293,1165,0.002137220447360311,low
sei,with_sensitivity,overall,294,1168,0.003926965847807382,low
sei,with_sensitivity,overall,295,1170,0.0033260582582222767,medium
sei,with_sensitivity,overall,296,1172,0.010053375804955167,low
sei,with_sensitivity,overall,297,1174,0.002434075341434631,medium
sei,with_sensitivity,overall,298,1176,0.003951712265376708,high
sei,with_sensitivity,overall,299,1180,0.0027883648136807835,medium
sei,with_sensitivity,overall,300,1181,0.0015919606374920191,medium
sei,with_sensitivity,overall,301,1193,0.004898061395266378,low
sei,with_sensitivity,overall,302,1196,0.005522494388279029,low
sei,with_sensitivity,overall,303,1198,0.006525957221834137,low
sei,with_sensitivity,overall,304,1199,0.0010238993146285962,high
sei,with_sensitivity,overall,305,1201,0.0019293198575145493,high
sei,with_sensitivity,overall,306,1204,0.003351745917065961,medium
sei,with_sensitivity,overall,307,1210,0.002953824555789135,low
sei,with_sensitivity,overall,308,1214,0.001002171865569294,high
sei,with_sensitivity,overall,309,1217,0.0019822714021301272,high
sei,with_sensitivity,overall,310,1219,0.0015705666097123967,medium
sei,with_sensitivity,overall,311,1220,0.0007633304972278114,high
sei,with_sensitivity,overall,312,1226,0.0013902328557647387,low
sei,with_sensitivity,overall,313,1241,0.0023668182136223994,medium
sei,with_sensitivity,overall,314,1242,0.001905380820906764,high
sei,with_sensitivity,overall,315,1245,0.0031045846746023615,low
sei,with_sensitivity,overall,316,1247,0.01100908894456072,low
sei,with_sensitivity,overall,317,1255,0.002543699543354878,medium
sei,with_sensitivity,overall,318,1256,0.0006156677131840271,high
sei,with_sensitivity,overall,319,1257,0.0034457433891225565,low
sei,with_sensitivity,overall,320,1259,0.0008832796497693252,high
sei,with_sensitivity,overall,321,1261,0.0020151376589129877,medium
sei,with_sensitivity,overall,322,1262,0.0008182511054668641,high
sei,with_sensitivity,overall,323,1267,0.0013544444518359207,high
sei,with_sensitivity,overall,324,1268,0.0030768676214061427,medium
sei,with_sensitivity,overall,325,1269,0.0007247645541386305,medium
sei,with_sensitivity,overall,326,1270,0.01195476266063078,low
sei,with_sensitivity,overall,327,1271,0.0017973377435543416,medium
sei,with_sensitivity,overall,328,1273,0.0019409319768269688,low
sei,with_sensitivity,overall,329,1276,0.0018901997632268569,medium
sei,with_sensitivity,overall,330,1284,0.002465450485546134,low
sei,with_sensitivity,overall,331,1288,0.0012645648522715998,high
sei,with_sensitivity,overall,332,1289,0.0016744821522686924,low
sei,with_sensitivity,overall,333,1293,0.0008432083266635411,medium
sei,with_sensitivity,overall,334,1298,0.0041870590763171305,low
sei,with_sensitivity,overall,335,1299,0.002381995907425347,low
sei,with_sensitivity,overall,336,1302,0.0011090173955377659,medium
sei,with_sensitivity,overall,337,1317,0.00723134059929091,low
sei,with_sensitivity,overall,338,1321,0.0014402048402453779,medium
sei,with_sensitivity,overall,339,1323,0.0035580534811819925,low
sei,with_sensitivity,overall,340,1326,0.005590731189425968,low
sei,with_sensitivity,overall,341,1329,0.0013210401627427996,medium
sei,with_sensitivity,overall,342,1330,0.0024398978103879455,low
sei,with_sensitivity,overall,343,1332,0.0007452808750026201,high
sei,with_sensitivity,overall,344,1334,0.0028140860249915222,low
sei,with_sensitivity,overall,345,1341,0.004650562249757933,low
sei,with_sensitivity,overall,346,1342,0.0007180624334539114,high
sei,with_sensitivity,overall,347,1345,0.006895607497141674,low
sei,with_sensitivity,overall,348,1348,0.0008998385137726315,medium
sei,with_sensitivity,overall,349,1349,0.0009078056907494552,medium
sei,with_sensitivity,overall,350,1351,0.0010082970230839553,medium
sei,with_sensitivity,overall,351,1355,0.0007679985496217049,high
sei,with_sensitivity,overall,352,1356,0.0006939279308111,high
sei,with_sensitivity,overall,353,1357,0.014476886286672168,low
sei,with_sensitivity,overall,354,1370,0.0019036856130653912,medium
sei,with_sensitivity,overall,355,1371,0.0013642204050988956,medium
sei,with_sensitivity,overall,356,1374,0.0015605229993295052,high
sei,with_sensitivity,overall,357,1375,0.0013079507207470417,medium
sei,with_sensitivity,overall,358,1381,0.0016101205537361798,medium
sei,with_sensitivity,overall,359,1385,0.0009175761505922733,high
sei,with_sensitivity,overall,360,1388,0.003620162461743294,low
sei,with_sensitivity,overall,361,1395,0.0011405340687778084,high
sei,with_sensitivity,overall,362,1402,0.0007222776448438458,high
sei,with_sensitivity,overall,363,1404,0.0010528634958137447,medium
sei,with_sensitivity,overall,364,1411,0.005322875535392976,low
sei,with_sensitivity,overall,365,1414,0.001811436984046355,medium
sei,with_sensitivity,overall,366,1423,0.0013709728902996578,medium
sei,with_sensitivity,overall,367,1433,0.00247959875691909,high
sei,with_sensitivity,overall,368,1435,0.003559991109557853,low
sei,with_sensitivity,overall,369,1437,0.0030355085028089955,high
sei,with_sensitivity,overall,370,1445,0.0011851228465150924,medium
sei,with_sensitivity,overall,371,1448,0.0018490663592587381,high
sei,with_sensitivity,overall,372,1455,0.0010795829228041679,medium
sei,with_sensitivity,overall,373,1473,0.001326021479955269,medium
sei,with_sensitivity,overall,374,1475,0.005109442849753803,low
sei,with_sensitivity,overall,375,1477,0.0018662900067841692,medium
sei,with_sensitivity,overall,376,1494,0.0008827031824254185,medium
sei,with_sensitivity,overall,377,1496,0.0007480863021909928,medium
sei,with_sensitivity,overall,378,1500,0.021172343556782318,low
sei,with_sensitivity,overall,379,1503,0.0017324310853172853,high
sei,with_sensitivity,overall,380,1505,0.003136611226897613,low
sei,with_sensitivity,overall,381,1507,0.0018227167903820125,medium
sei,with_sensitivity,overall,382,1511,0.0008106812719885618,medium
sei,with_sensitivity,overall,383,1512,0.002211619202555632,medium
sei,with_sensitivity,overall,384,1516,0.002022370087743699,medium
sei,with_sensitivity,overall,385,1521,0.0017057963346939395,medium
sei,with_sensitivity,overall,386,1522,0.0042267394377540155,low
sei,with_sensitivity,overall,387,1528,0.004261580402019316,low
sei,with_sensitivity,overall,388,1529,0.0007397925356830592,high
sei,with_sensitivity,overall,389,1530,0.004202275122866783,medium
sei,with_sensitivity,overall,390,1532,0.0011044983150655576,high
sei,with_sensitivity,overall,391,1538,0.002386717937916261,low
sei,with_sensitivity,overall,392,1542,0.0010144877781052635,high
sei,with_sensitivity,overall,393,1543,0.002472415649870033,low
sei,with_sensitivity,overall,394,1545,0.016724467571065698,low
sei,with_sensitivity,overall,395,1553,0.0011887364349884861,medium
sei,with_sensitivity,overall,396,1555,0.00549973913640947,medium
sei,with_sensitivity,overall,397,1562,0.009080571780888398,low
sei,with_sensitivity,overall,398,1566,0.005220382315621902,low
sei,with_sensitivity,overall,399,1567,0.0014736463786524066,high
sei,with_sensitivity,overall,400,1568,0.001751617005855788,medium
sei,with_sensitivity,overall,401,1572,0.0017895811526878486,medium
sei,with_sensitivity,overall,402,1578,0.003037627401362785,high
sei,with_sensitivity,overall,403,1583,0.0013209434493663013,high
sei,with_sensitivity,overall,404,1584,0.0018940439465466624,low
sei,with_sensitivity,overall,405,1586,0.001407004728630646,medium
sei,with_sensitivity,overall,406,1593,0.0007075665644364577,high
sei,with_sensitivity,overall,407,1602,0.0008421301909429225,medium
sei,with_sensitivity,overall,408,1603,0.008065133071631092,low
sei,with_sensitivity,overall,409,1608,0.0016977721929558518,medium
sei,with_sensitivity,overall,410,1615,0.0016823331108308777,medium
sei,with_sensitivity,overall,411,1616,0.001612402244016846,medium
sei,with_sensitivity,overall,412,1620,0.0037774175457931988,medium
sei,with_sensitivity,overall,413,1624,0.0024626467717510196,high
sei,with_sensitivity,overall,414,1628,0.0015844897919873968,medium
sei,with_sensitivity,overall,415,1636,0.0008197651284034739,medium
sei,with_sensitivity,overall,416,1638,0.0014982074571633593,low
sei,with_sensitivity,overall,417,1642,0.002502470122573713,low
sei,with_sensitivity,overall,418,1643,0.0045773208766978725,high
sei,with_sensitivity,overall,419,1649,0.0024760696490775994,high
sei,with_sensitivity,overall,420,1657,0.009242706358627787,low
sei,with_sensitivity,overall,421,1658,0.002783616675711133,medium
sei,with_sensitivity,overall,422,1660,0.004324047863518677,low
sei,with_sensitivity,overall,423,1666,0.002395226152397592,medium
sei,with_sensitivity,overall,424,1667,0.0019127193272388532,low
sei,with_sensitivity,overall,425,1676,0.011583263879498483,low
sei,with_sensitivity,overall,426,1682,0.004346248850693459,low
sei,with_sensitivity,overall,427,1684,0.004391900356232206,medium
sei,with_sensitivity,overall,428,1688,0.002771538867316044,low
sei,with_sensitivity,overall,429,1691,0.0017737368674907944,high
sei,with_sensitivity,overall,430,1694,0.0008995932496342408,medium
sei,with_sensitivity,overall,431,1696,0.0017564708611090035,high
sei,with_sensitivity,overall,432,1710,0.005838165122864803,low
sei,with_sensitivity,overall,433,1714,0.003550052594077369,medium
sei,with_sensitivity,overall,434,1726,0.000573813823179524,high
sei,with_sensitivity,overall,435,1732,0.0020203717239881845,medium
sei,with_sensitivity,overall,436,1738,0.0019442598606659624,low
sei,with_sensitivity,overall,437,1742,0.0010512001040935042,medium
sei,with_sensitivity,overall,438,1745,0.002037792151560633,high
sei,with_sensitivity,overall,439,1746,0.001092852109701902,medium
sei,with_sensitivity,overall,440,1751,0.001518064220839147,medium
sei,with_sensitivity,overall,441,1753,0.0018817326217804163,high
sei,with_sensitivity,overall,442,1754,0.002430224155731542,medium
sei,with_sensitivity,overall,443,1759,0.004790391857057752,low
sei,with_sensitivity,overall,444,1760,0.0063165012176573145,low
sei,with_sensitivity,overall,445,1765,0.0008322254285349284,high
sei,with_sensitivity,overall,446,1766,0.0030522217087488412,medium
sei,with_sensitivity,overall,447,1768,0.0010517885789991797,high
sei,with_sensitivity,overall,448,1776,0.0011286455144050391,medium
sei,with_sensitivity,overall,449,1780,0.0011345883460954428,low
sei,with_sensitivity,overall,450,1788,0.0018066757837707954,low
sei,with_sensitivity,overall,451,1790,0.004986476231261522,low
sei,with_sensitivity,overall,452,1795,0.002114907768996257,low
sei,with_sensitivity,overall,453,1797,0.0035560149652427184,low
sei,with_sensitivity,overall,454,1799,0.0007550964636766948,high
sei,with_sensitivity,overall,455,1801,0.005498833231041269,low
sei,with_sensitivity,overall,456,1809,0.008952662452763077,low
sei,with_sensitivity,overall,457,1820,0.0019440223347617672,medium
sei,with_sensitivity,overall,458,1827,0.0008796013505058863,medium
sei,with_sensitivity,overall,459,1831,0.000705866379146459,high
sei,with_sensitivity,overall,460,1833,0.0033610180774166242,low
sei,with_sensitivity,overall,461,1841,0.0023419981454774826,medium
sei,with_sensitivity,overall,462,1848,0.004018386335367362,low
sei,with_sensitivity,overall,463,1849,0.001578220310202109,medium
sei,with_sensitivity,overall,464,1858,0.0036580776900518907,medium
sei,with_sensitivity,overall,465,1860,0.0009905492541058966,high
sei,with_sensitivity,overall,466,1863,0.0024812699879265127,low
sei,with_sensitivity,overall,467,1871,0.000565480008651589,high
sei,with_sensitivity,overall,468,1872,0.0028556763064019634,low
sei,with_sensitivity,overall,469,1877,0.007869054817985766,low
sei,with_sensitivity,overall,470,1878,0.0009812640365201828,high
sei,with_sensitivity,overall,471,1883,0.0011825502624336632,medium
sei,with_sensitivity,overall,472,1889,0.005557862894553048,low
sei,with_sensitivity,overall,473,1890,0.0038070810163903556,high
sei,with_sensitivity,overall,474,1891,0.0034667271612923802,high
sei,with_sensitivity,overall,475,1892,0.0011485565468792056,high
sei,with_sensitivity,overall,476,1899,0.0017101626758436264,high
sei,with_sensitivity,overall,477,1906,0.0009363522950138546,high
sei,with_sensitivity,overall,478,1915,0.0010873740573069026,high
sei,with_sensitivity,overall,479,1927,0.0032189358137245713,low
sei,with_sensitivity,overall,480,1928,0.0015439301104787065,medium
sei,with_sensitivity,overall,481,1930,0.0010256185595531916,high
sei,with_sensitivity,overall,482,1934,0.0019222815231980783,medium
sei,with_sensitivity,overall,483,1935,0.0010254155636805437,high
sei,with_sensitivity,overall,484,1940,0.0035952664317942997,high
sei,with_sensitivity,overall,485,1947,0.0038297823061305475,high
sei,with_sensitivity,overall,486,1952,0.001608501914912894,high
sei,with_sensitivity,overall,487,1957,0.0010366471963886097,high
sei,with_sensitivity,overall,488,1962,0.001971370312933776,low
sei,with_sensitivity,overall,489,1963,0.001584190118316479,low
sei,with_sensitivity,overall,490,1969,0.0008570645112417742,high
sei,with_sensitivity,overall,491,1971,0.0009314298401315805,high
sei,with_sensitivity,overall,492,1973,0.003409007541966178,high
sei,with_sensitivity,overall,493,1977,0.0027051259056257416,low
sei,with_sensitivity,overall,494,1982,0.005605757384272253,low
sei,with_sensitivity,overall,495,1986,0.01898567540387948,low
sei,with_sensitivity,overall,496,1991,0.0007034100695560292,high
sei,with_sensitivity,overall,497,1992,0.007313955183462521,low
sei,with_sensitivity,overall,498,1994,0.0010169277542944942,medium
sei,with_sensitivity,overall,499,1995,0.0008831490729070787,high
sei,with_sensitivity,overall,500,1999,0.0012766157380049168,medium
sei,with_sensitivity,overall,501,2000,0.0028581091741438592,medium
sei,with_sensitivity,overall,502,2011,0.00189074523017703,high
sei,with_sensitivity,overall,503,2013,0.002390764731330608,high
sei,with_sensitivity,overall,504,2023,0.004711684089457263,low
sei,with_sensitivity,overall,505,2028,0.007139952574185696,low
sei,with_sensitivity,overall,506,2032,0.006682309562125523,low
sei,with_sensitivity,overall,507,2035,0.0014344676739202168,medium
sei,with_sensitivity,overall,508,2038,0.0008634423301623551,high
sei,with_sensitivity,overall,509,2044,0.0011621999203963462,high
sei,with_sensitivity,b,0,0,0.0019583846124416097,high
sei,with_sensitivity,b,1,4,0.0018114669401577824,medium
sei,with_sensitivity,b,2,9,0.006010157148502574,low
sei,with_sensitivity,b,3,10,0.0005817866315175661,high
sei,with_sensitivity,b,4,12,0.0031810920733975905,low
sei,with_sensitivity,b,5,14,0.0015211782835043825,medium
sei,with_sensitivity,b,6,16,0.006460608297066138,low
sei,with_sensitivity,b,7,20,0.0020994568845899867,low
sei,with_sensitivity,b,8,21,0.0038262746508580863,medium
sei,with_sensitivity,b,9,27,0.0014812232707872844,low
sei,with_sensitivity,b,10,34,0.0035804318922106762,medium
sei,with_sensitivity,b,11,35,0.0014242328775525132,medium
sei,with_sensitivity,b,12,37,0.0011784319587336116,medium
sei,with_sensitivity,b,13,42,0.0007723342496956336,high
sei,with_sensitivity,b,14,46,0.00182198808679959,high
sei,with_sensitivity,b,15,51,0.0011461332095907754,medium
sei,with_sensitivity,b,16,61,0.009664114159153222,low
sei,with_sensitivity,b,17,62,0.00328685778936981,low
sei,with_sensitivity,b,18,68,0.001474540158329386,high
sei,with_sensitivity,b,19,71,0.0014847805307414213,low
sei,with_sensitivity,b,20,78,0.0014576634865383527,medium
sei,with_sensitivity,b,21,79,0.0007921641404633405,high
sei,with_sensitivity,b,22,80,0.0014049865872282682,medium
sei,with_sensitivity,b,23,87,0.003137803439714567,high
sei,with_sensitivity,b,24,88,0.001989320929238115,low
sei,with_sensitivity,b,25,94,0.001218471559443448,medium
sei,with_sensitivity,b,26,97,0.0029157736867749078,medium
sei,with_sensitivity,b,27,103,0.0030563325881160946,low
sei,with_sensitivity,b,28,104,0.001494484705511991,high
sei,with_sensitivity,b,29,109,0.00258462647119764,high
sei,with_sensitivity,b,30,110,0.0038124722150006144,high
sei,with_sensitivity,b,31,112,0.003267662983893405,medium
sei,with_sensitivity,b,32,115,0.0037991084579020937,low
sei,with_sensitivity,b,33,118,0.004451626323993683,low
sei,with_sensitivity,b,34,122,0.0018217348750377946,high
sei,with_sensitivity,b,35,124,0.0018990196354606436,high
sei,with_sensitivity,b,36,125,0.0012849698057445628,high
sei,with_sensitivity,b,37,138,0.002044353432815205,medium
sei,with_sensitivity,b,38,145,0.0014268907073959993,medium
sei,with_sensitivity,b,39,146,0.0042282192433217404,high
sei,with_sensitivity,b,40,147,0.001203861974535115,medium
sei,with_sensitivity,b,41,156,0.0008031710874723904,high
sei,with_sensitivity,b,42,161,0.000863338007503007,high
sei,with_sensitivity,b,43,169,0.0084065846964931,low
sei,with_sensitivity,b,44,170,0.0009991268382209526,high
sei,with_sensitivity,b,45,176,0.0070136445666457775,low
sei,with_sensitivity,b,46,182,0.005444861908190274,low
sei,with_sensitivity,b,47,185,0.002064862112006055,medium
sei,with_sensitivity,b,48,187,0.0024219568078731354,low
sei,with_sensitivity,b,49,188,0.0014925332245052717,high
sei,with_sensitivity,b,50,189,0.0007730002381567375,high
sei,with_sensitivity,b,51,191,0.0016096180047904056,medium
sei,with_sensitivity,b,52,197,0.001641841334727772,high
sei,with_sensitivity,b,53,201,0.0014724766033690716,high
sei,with_sensitivity,b,54,203,0.002723760179054556,low
sei,with_sensitivity,b,55,205,0.0030755128209304147,high
sei,with_sensitivity,b,56,207,0.0028276915204630414,low
sei,with_sensitivity,b,57,217,0.001420748442515641,high
sei,with_sensitivity,b,58,220,0.0010099762640124672,high
sei,with_sensitivity,b,59,223,0.010326862747258228,low
sei,with_sensitivity,b,60,234,0.0013076615839132766,high
sei,with_sensitivity,b,61,241,0.001935082443603884,low
sei,with_sensitivity,b,62,243,0.0009247162518766533,high
sei,with_sensitivity,b,63,248,0.0008505818159877972,high
sei,with_sensitivity,b,64,250,0.006603325736528052,low
sei,with_sensitivity,b,65,251,0.001002014476254243,high
sei,with_sensitivity,b,66,256,0.0028465306057071237,high
sei,with_sensitivity,b,67,259,0.0017559208035878662,high
sei,with_sensitivity,b,68,261,0.000851475595301547,high
sei,with_sensitivity,b,69,265,0.0009754975639763135,high
sei,with_sensitivity,b,70,272,0.0011926630485435085,high
sei,with_sensitivity,b,71,287,0.0014482134664272938,medium
sei,with_sensitivity,b,72,291,0.01338773413254154,low
sei,with_sensitivity,b,73,292,0.0010731885593706773,high
sei,with_sensitivity,b,74,294,0.0019527966404232133,medium
sei,with_sensitivity,b,75,303,0.0008904337079085891,medium
sei,with_sensitivity,b,76,305,0.0009809175768456426,high
sei,with_sensitivity,b,77,313,0.0016105163773836321,low
sei,with_sensitivity,b,78,314,0.014507666339890968,low
sei,with_sensitivity,b,79,316,0.0004824297077151906,high
sei,with_sensitivity,b,80,323,0.0023990665640163593,medium
sei,with_sensitivity,b,81,325,0.003690134253700613,high
sei,with_sensitivity,b,82,328,0.004336356853385963,low
sei,with_sensitivity,b,83,331,0.0005941662955237304,medium
sei,with_sensitivity,b,84,332,0.007848141856941628,low
sei,with_sensitivity,b,85,339,0.0012528308987402991,medium
sei,with_sensitivity,b,86,351,0.0020148148097956916,medium
sei,with_sensitivity,b,87,362,0.0038691557157010848,low
sei,with_sensitivity,b,88,363,0.0017605183035897917,medium
sei,with_sensitivity,b,89,369,0.0034308342660664013,low
sei,with_sensitivity,b,90,388,0.0007484920903350873,medium
sei,with_sensitivity,b,91,392,0.0012522129210323087,medium
sei,with_sensitivity,b,92,394,0.0012206920926372958,high
sei,with_sensitivity,b,93,396,0.0008777724231792316,high
sei,with_sensitivity,b,94,402,0.0048821672106672855,low
sei,with_sensitivity,b,95,407,0.00577152858852579,low
sei,with_sensitivity,b,96,411,0.005223483770657264,low
sei,with_sensitivity,b,97,413,0.0013536014931884491,medium
sei,with_sensitivity,b,98,417,0.0023300592860846354,medium
sei,with_sensitivity,b,99,419,0.0008277110283391055,high
sei,with_sensitivity,b,100,422,0.0022315873455141977,medium
sei,with_sensitivity,b,101,423,0.0020972865813164376,medium
sei,with_sensitivity,b,102,424,0.0010372066403449148,medium
sei,with_sensitivity,b,103,425,0.005702466801834658,low
sei,with_sensitivity,b,104,429,0.0019931650826594547,medium
sei,with_sensitivity,b,105,436,0.0013161558055973816,high
sei,with_sensitivity,b,106,441,0.0036743847614539218,low
sei,with_sensitivity,b,107,448,0.0010286880876487386,high
sei,with_sensitivity,b,108,453,0.003840359772271998,low
sei,with_sensitivity,b,109,460,0.0012161057122966276,medium
sei,with_sensitivity,b,110,467,0.001135391868919686,medium
sei,with_sensitivity,b,111,469,0.005877314041518056,low
sei,with_sensitivity,b,112,472,0.002912295033860207,medium
sei,with_sensitivity,b,113,475,0.001215696234894969,high
sei,with_sensitivity,b,114,477,0.0011853439695293294,medium
sei,with_sensitivity,b,115,478,0.0009182090310656465,high
sei,with_sensitivity,b,116,481,0.001997650852294588,low
sei,with_sensitivity,b,117,484,0.0013263537567341577,medium
sei,with_sensitivity,b,118,485,0.0025559619767187985,medium
sei,with_sensitivity,b,119,492,0.0017202617939422206,medium
sei,with_sensitivity,b,120,499,0.0034313725043160466,low
sei,with_sensitivity,b,121,502,0.0038888664816672876,medium
sei,with_sensitivity,b,122,515,0.000986583524023448,high
sei,with_sensitivity,b,123,518,0.001278453774968215,medium
sei,with_sensitivity,b,124,523,0.0015478450083646954,high
sei,with_sensitivity,b,125,528,0.002247252235969999,medium
sei,with_sensitivity,b,126,536,0.0010812382004411045,medium
sei,with_sensitivity,b,127,537,0.004676801187944933,high
sei,with_sensitivity,b,128,539,0.0020149650363624916,high
sei,with_sensitivity,b,129,541,0.0011740166595035453,medium
sei,with_sensitivity,b,130,546,0.0018346167586748556,low
sei,with_sensitivity,b,131,550,0.0017053976688210814,low
sei,with_sensitivity,b,132,551,0.0012421747336158891,high
sei,with_sensitivity,b,133,552,0.0016115344649861114,medium
sei,with_sensitivity,b,134,558,0.0020843980251231986,low
sei,with_sensitivity,b,135,559,0.008456419701280726,low
sei,with_sensitivity,b,136,561,0.0025736401000069895,high
sei,with_sensitivity,b,137,564,0.0021456799139274053,medium
sei,with_sensitivity,b,138,572,0.003467356594113774,high
sei,with_sensitivity,b,139,576,0.0015706544555846632,medium
sei,with_sensitivity,b,140,577,0.0016124268750779206,medium
sei,with_sensitivity,b,141,582,0.002270777339760515,medium
sei,with_sensitivity,b,142,583,0.0032609442878889705,high
sei,with_sensitivity,b,143,594,0.0008590939607152951,high
sei,with_sensitivity,b,144,597,0.004504340709912429,low
sei,with_sensitivity,b,145,599,0.0009880143505568645,medium
sei,with_sensitivity,b,146,600,0.002624652762714266,low
sei,with_sensitivity,b,147,601,0.003709542764000276,low
sei,with_sensitivity,b,148,603,0.001398807248186897,medium
sei,with_sensitivity,b,149,607,0.0036098480983151947,medium
sei,with_sensitivity,b,150,610,0.0004530137669830113,high
sei,with_sensitivity,b,151,613,0.0028070829121913205,low
sei,with_sensitivity,b,152,616,0.0052261435837542575,low
sei,with_sensitivity,b,153,623,0.006249738103697721,low
sei,with_sensitivity,b,154,624,0.0014522160120889205,high
sei,with_sensitivity,b,155,629,0.0034154544239968776,low
sei,with_sensitivity,b,156,633,0.0010031002108124992,medium
sei,with_sensitivity,b,157,634,0.010255038578624677,low
sei,with_sensitivity,b,158,635,0.0019696132788241142,medium
sei,with_sensitivity,b,159,638,0.003066582118294254,low
sei,with_sensitivity,b,160,645,0.0010843682096754851,high
sei,with_sensitivity,b,161,646,0.0027656099025820994,high
sei,with_sensitivity,b,162,653,0.003535793411270697,low
sei,with_sensitivity,b,163,658,0.0010521946018233962,medium
sei,with_sensitivity,b,164,662,0.0005541754687984753,high
sei,with_sensitivity,b,165,664,0.0017724564532246821,medium
sei,with_sensitivity,b,166,671,0.0010624076924561387,medium
sei,with_sensitivity,b,167,672,0.006184471407977562,low
sei,with_sensitivity,b,168,673,0.004288957703326109,high
sei,with_sensitivity,b,169,676,0.0018858066142234016,low
sei,with_sensitivity,b,170,687,0.0066402602336067896,low
sei,with_sensitivity,b,171,689,0.0014885906842772203,high
sei,with_sensitivity,b,172,690,0.002159351604575933,high
sei,with_sensitivity,b,173,691,0.0031337094497080474,low
sei,with_sensitivity,b,174,694,0.0005202326154988258,high
sei,with_sensitivity,b,175,698,0.00235049244963091,low
sei,with_sensitivity,b,176,699,0.004943711095505039,low
sei,with_sensitivity,b,177,700,0.0018536640683417,high
sei,with_sensitivity,b,178,706,0.003268816556831409,high
sei,with_sensitivity,b,179,720,0.004554833388975829,low
sei,with_sensitivity,b,180,726,0.007364321569969368,low
sei,with_sensitivity,b,181,735,0.004573753461292745,low
sei,with_sensitivity,b,182,741,0.0018290994164520825,high
sei,with_sensitivity,b,183,744,0.006777271142188198,medium
sei,with_sensitivity,b,184,748,0.0036767682026853585,medium
sei,with_sensitivity,b,185,754,0.0006741830065667253,high
sei,with_sensitivity,b,186,757,0.0014221071967724591,high
sei,with_sensitivity,b,187,759,0.0037202117222354066,low
sei,with_sensitivity,b,188,760,0.00528673481265495,low
sei,with_sensitivity,b,189,761,0.001739674983500038,medium
sei,with_sensitivity,b,190,763,0.003068720578781224,high
sei,with_sensitivity,b,191,766,0.002265771658911086,medium
sei,with_sensitivity,b,192,769,0.0012909145227214247,high
sei,with_sensitivity,b,193,771,0.0011163442282582756,high
sei,with_sensitivity,b,194,775,0.0028866924137695023,low
sei,with_sensitivity,b,195,776,0.0009014573808261429,high
sei,with_sensitivity,b,196,783,0.0011708891198503346,medium
sei,with_sensitivity,b,197,788,0.0009479575888767319,medium
sei,with_sensitivity,b,198,799,0.004828936585980237,low
sei,with_sensitivity,b,199,801,0.0015482652369643397,high
sei,with_sensitivity,b,200,803,0.0014884163279180484,medium
sei,with_sensitivity,b,201,806,0.0008405226866379928,medium
sei,with_sensitivity,b,202,812,0.0019716447864744414,high
sei,with_sensitivity,b,203,815,0.0017213423606040432,high
sei,with_sensitivity,b,204,816,0.0020661651082465237,high
sei,with_sensitivity,b,205,817,0.0011996411560498375,medium
sei,with_sensitivity,b,206,819,0.000602263231899497,high
sei,with_sensitivity,b,207,828,0.0023167098785937083,high
sei,with_sensitivity,b,208,836,0.0012614260764936402,medium
sei,with_sensitivity,b,209,837,0.0010305555874012154,medium
sei,with_sensitivity,b,210,844,0.008460385627821506,high
sei,with_sensitivity,b,211,847,0.0024764767937702457,medium
sei,with_sensitivity,b,212,848,0.0037714771941395986,medium
sei,with_sensitivity,b,213,851,0.0007808436012413649,high
sei,with_sensitivity,b,214,855,0.0023943185232813457,medium
sei,with_sensitivity,b,215,859,0.005061977180232219,medium
sei,with_sensitivity,b,216,860,0.002167116329832888,low
sei,with_sensitivity,b,217,863,0.0017406430916581074,medium
sei,with_sensitivity,b,218,871,0.0009460723281926575,medium
sei,with_sensitivity,b,219,874,0.0034237312181755433,low
sei,with_sensitivity,b,220,879,0.0010971605112788528,medium
sei,with_sensitivity,b,221,880,0.001146658638733262,high
sei,with_sensitivity,b,222,881,0.002254273557110727,low
sei,with_sensitivity,b,223,882,0.011363521798712332,low
sei,with_sensitivity,b,224,883,0.0007797826843834621,medium
sei,with_sensitivity,b,225,888,0.00111360759362396,high
sei,with_sensitivity,b,226,892,0.0011020185898482002,medium
sei,with_sensitivity,b,227,893,0.001333756643414904,high
sei,with_sensitivity,b,228,902,0.0014881927209957752,low
sei,with_sensitivity,b,229,906,0.001522422372879666,medium
sei,with_sensitivity,b,230,909,0.0012209566338397453,high
sei,with_sensitivity,b,231,911,0.0015441396983446893,low
sei,with_sensitivity,b,232,912,0.0011702569938696976,high
sei,with_sensitivity,b,233,914,0.001454754078813464,medium
sei,with_sensitivity,b,234,923,0.0011431806913667513,high
sei,with_sensitivity,b,235,928,0.012388914307768978,low
sei,with_sensitivity,b,236,932,0.0011748799231394388,medium
sei,with_sensitivity,b,237,935,0.0016182605918464358,medium
sei,with_sensitivity,b,238,941,0.0009752487775335557,medium
sei,with_sensitivity,b,239,949,0.0042787641959168565,low
sei,with_sensitivity,b,240,950,0.002898914367729544,low
sei,with_sensitivity,b,241,958,0.002439341021440029,low
sei,with_sensitivity,b,242,963,0.003722198158642882,high
sei,with_sensitivity,b,243,965,0.0027624234722489643,medium
sei,with_sensitivity,b,244,967,0.0014332037280774892,high
sei,with_sensitivity,b,245,968,0.0032623967037873993,low
sei,with_sensitivity,b,246,984,0.0022037345890072338,low
sei,with_sensitivity,b,247,987,0.0033377147243889424,low
sei,with_sensitivity,b,248,989,0.0013118334293556312,low
sei,with_sensitivity,b,249,992,0.001284763496001536,high
sei,with_sensitivity,b,250,999,0.0008897695346013945,high
sei,with_sensitivity,b,251,1000,0.0009663053233805577,medium
sei,with_sensitivity,b,252,1002,0.0006291175533802995,high
sei,with_sensitivity,b,253,1005,0.0031867067070733336,low
sei,with_sensitivity,b,254,1006,0.0012019097127073416,medium
sei,with_sensitivity,b,255,1013,0.00135701692318217,low
sei,with_sensitivity,b,256,1016,0.0037066675112584872,low
sei,with_sensitivity,b,257,1026,0.0023675418715802493,high
sei,with_sensitivity,b,258,1043,0.002836702865955463,low
sei,with_sensitivity,b,259,1047,0.001247242329422635,high
sei,with_sensitivity,b,260,1048,0.0015235589183123868,low
sei,with_sensitivity,b,261,1050,0.013726033158560849,low
sei,with_sensitivity,b,262,1057,0.0033020249779066686,low
sei,with_sensitivity,b,263,1059,0.0029563816316784597,medium
sei,with_sensitivity,b,264,1060,0.0015254491142437678,medium
sei,with_sensitivity,b,265,1064,0.0008889813550731385,high
sei,with_sensitivity,b,266,1065,0.002278869808137486,medium
sei,with_sensitivity,b,267,1067,0.0038124081554749495,low
sei,with_sensitivity,b,268,1068,0.0038672701514929023,low
sei,with_sensitivity,b,269,1072,0.003350113176414484,low
sei,with_sensitivity,b,270,1073,0.004471642726586734,low
sei,with_sensitivity,b,271,1076,0.0016589573813826065,medium
sei,with_sensitivity,b,272,1078,0.0013267093913792239,medium
sei,with_sensitivity,b,273,1083,0.0014093721521737884,medium
sei,with_sensitivity,b,274,1085,0.001577012469582202,low
sei,with_sensitivity,b,275,1088,0.0031428160501002075,high
sei,with_sensitivity,b,276,1090,0.0011271089624317347,high
sei,with_sensitivity,b,277,1094,0.0017906241192168692,low
sei,with_sensitivity,b,278,1095,0.003740758395324764,high
sei,with_sensitivity,b,279,1102,0.002846700058090336,medium
sei,with_sensitivity,b,280,1103,0.005011340480856691,low
sei,with_sensitivity,b,281,1108,0.002468231510128006,high
sei,with_sensitivity,b,282,1110,0.0015187922919115597,high
sei,with_sensitivity,b,283,1111,0.0008671570046280625,high
sei,with_sensitivity,b,284,1112,0.0010338674754738913,medium
sei,with_sensitivity,b,285,1136,0.004533443804944419,low
sei,with_sensitivity,b,286,1141,0.0010649514499890076,high
sei,with_sensitivity,b,287,1143,0.0061110848793907765,low
sei,with_sensitivity,b,288,1146,0.0007430549076678163,high
sei,with_sensitivity,b,289,1148,0.010267874731442047,low
sei,with_sensitivity,b,290,1153,0.0019149227854898829,high
sei,with_sensitivity,b,291,1155,0.0012989144144166676,medium
sei,with_sensitivity,b,292,1158,0.0007892880870409215,high
sei,with_sensitivity,b,293,1165,0.0019411082567665852,low
sei,with_sensitivity,b,294,1168,0.0038350594825228967,low
sei,with_sensitivity,b,295,1170,0.003293940278531977,medium
sei,with_sensitivity,b,296,1172,0.009973658667063613,low
sei,with_sensitivity,b,297,1174,0.0024229506725067405,medium
sei,with_sensitivity,b,298,1176,0.004048612707811853,high
sei,with_sensitivity,b,299,1180,0.002761038625468877,medium
sei,with_sensitivity,b,300,1181,0.0014689093307399257,medium
sei,with_sensitivity,b,301,1193,0.004865263881840511,low
sei,with_sensitivity,b,302,1196,0.005459732876806932,low
sei,with_sensitivity,b,303,1198,0.00622285229918523,low
sei,with_sensitivity,b,304,1199,0.0009284218589554974,high
sei,with_sensitivity,b,305,1201,0.0019259055779167163,high
sei,with_sensitivity,b,306,1204,0.003327689187862892,medium
sei,with_sensitivity,b,307,1210,0.002888805930529462,low
sei,with_sensitivity,b,308,1214,0.0009781364028822455,high
sei,with_sensitivity,b,309,1217,0.0018988681833514538,high
sei,with_sensitivity,b,310,1219,0.0015438232801441324,medium
sei,with_sensitivity,b,311,1220,0.0007369627708592895,high
sei,with_sensitivity,b,312,1226,0.0012086634345557779,low
sei,with_sensitivity,b,313,1241,0.00231570881846208,medium
sei,with_sensitivity,b,314,1242,0.0019195782666750075,high
sei,with_sensitivity,b,315,1245,0.003016167263158099,low
sei,with_sensitivity,b,316,1247,0.01013194034799391,low
sei,with_sensitivity,b,317,1255,0.002535879984782672,medium
sei,with_sensitivity,b,318,1256,0.000578521049600904,high
sei,with_sensitivity,b,319,1257,0.0034114791076064687,low
sei,with_sensitivity,b,320,1259,0.0008239683304803232,high
sei,with_sensitivity,b,321,1261,0.001995866585616418,medium
sei,with_sensitivity,b,322,1262,0.0008060867003465964,high
sei,with_sensitivity,b,323,1267,0.001357506992791765,high
sei,with_sensitivity,b,324,1268,0.0030461728261729176,medium
sei,with_sensitivity,b,325,1269,0.0007063788662761308,medium
sei,with_sensitivity,b,326,1270,0.011453884432119628,low
sei,with_sensitivity,b,327,1271,0.0017616676649512344,medium
sei,with_sensitivity,b,328,1273,0.0018800520352456381,low
sei,with_sensitivity,b,329,1276,0.0018621823648728253,medium
sei,with_sensitivity,b,330,1284,0.0024439655172493885,low
sei,with_sensitivity,b,331,1288,0.001255197779576738,high
sei,with_sensitivity,b,332,1289,0.001542957853267445,low
sei,with_sensitivity,b,333,1293,0.0008147766230104176,medium
sei,with_sensitivity,b,334,1298,0.004051892161003678,low
sei,with_sensitivity,b,335,1299,0.002345282289402159,low
sei,with_sensitivity,b,336,1302,0.0010998764705996784,medium
sei,with_sensitivity,b,337,1317,0.007189893028444238,low
sei,with_sensitivity,b,338,1321,0.0013759685008658772,medium
sei,with_sensitivity,b,339,1323,0.003421545863487275,low
sei,with_sensitivity,b,340,1326,0.005439856116323401,low
sei,with_sensitivity,b,341,1329,0.001215941101957182,medium
sei,with_sensitivity,b,342,1330,0.0022841826674773746,low
sei,with_sensitivity,b,343,1332,0.0007162895181822014,high
sei,with_sensitivity,b,344,1334,0.002790961073433396,low
sei,with_sensitivity,b,345,1341,0.00457793215060939,low
sei,with_sensitivity,b,346,1342,0.0006775318024457372,high
sei,with_sensitivity,b,347,1345,0.0066564365258634794,low
sei,with_sensitivity,b,348,1348,0.0008974318121903641,medium
sei,with_sensitivity,b,349,1349,0.0008905271144146796,medium
sei,with_sensitivity,b,350,1351,0.0009863003624300058,medium
sei,with_sensitivity,b,351,1355,0.0007567534584853007,high
sei,with_sensitivity,b,352,1356,0.0006877461124271844,high
sei,with_sensitivity,b,353,1357,0.014210923980334451,low
sei,with_sensitivity,b,354,1370,0.00184226194351081,medium
sei,with_sensitivity,b,355,1371,0.0013256018660652985,medium
sei,with_sensitivity,b,356,1374,0.0015540692707159784,high
sei,with_sensitivity,b,357,1375,0.0012225243694044857,medium
sei,with_sensitivity,b,358,1381,0.0015926233411745422,medium
sei,with_sensitivity,b,359,1385,0.0008980500097073142,high
sei,with_sensitivity,b,360,1388,0.0034638467786331215,low
sei,with_sensitivity,b,361,1395,0.0011017541164382598,high
sei,with_sensitivity,b,362,1402,0.0006812586947722515,high
sei,with_sensitivity,b,363,1404,0.0010333530369916444,medium
sei,with_sensitivity,b,364,1411,0.005162219812470055,low
sei,with_sensitivity,b,365,1414,0.0017518651948013025,medium
sei,with_sensitivity,b,366,1423,0.0012799076096281852,medium
sei,with_sensitivity,b,367,1433,0.0024759470369033866,high
sei,with_sensitivity,b,368,1435,0.0032909777125218736,low
sei,with_sensitivity,b,369,1437,0.003096928946161254,high
sei,with_sensitivity,b,370,1445,0.001153384958017132,medium
sei,with_sensitivity,b,371,1448,0.0017787076377918795,high
sei,with_sensitivity,b,372,1455,0.00105671600077423,medium
sei,with_sensitivity,b,373,1473,0.0012855207363326345,medium
sei,with_sensitivity,b,374,1475,0.005028114767495489,low
sei,with_sensitivity,b,375,1477,0.0018294713513298572,medium
sei,with_sensitivity,b,376,1494,0.0008004238740492072,medium
sei,with_sensitivity,b,377,1496,0.0007283793351219532,medium
sei,with_sensitivity,b,378,1500,0.020397803371780914,low
sei,with_sensitivity,b,379,1503,0.0016799286274172716,high
sei,with_sensitivity,b,380,1505,0.0030623191656138065,low
sei,with_sensitivity,b,381,1507,0.0017880469130979613,medium
sei,with_sensitivity,b,382,1511,0.0007847721072613333,medium
sei,with_sensitivity,b,383,1512,0.0021783622420335495,medium
sei,with_sensitivity,b,384,1516,0.002007244171888088,medium
sei,with_sensitivity,b,385,1521,0.0016018320487502828,medium
sei,with_sensitivity,b,386,1522,0.004056990475558521,low
sei,with_sensitivity,b,387,1528,0.004055030279195979,low
sei,with_sensitivity,b,388,1529,0.000725643746792696,high
sei,with_sensitivity,b,389,1530,0.004121729513088548,medium
sei,with_sensitivity,b,390,1532,0.001083982206721496,high
sei,with_sensitivity,b,391,1538,0.002209561475759395,low
sei,with_sensitivity,b,392,1542,0.0009905171880760387,high
sei,with_sensitivity,b,393,1543,0.002400965354173058,low
sei,with_sensitivity,b,394,1545,0.016606298178854298,low
sei,with_sensitivity,b,395,1553,0.0011607363100733402,medium
sei,with_sensitivity,b,396,1555,0.005505260233532104,medium
sei,with_sensitivity,b,397,1562,0.008904977920323302,low
sei,with_sensitivity,b,398,1566,0.00510243918861961,low
sei,with_sensitivity,b,399,1567,0.0014107459847567043,high
sei,with_sensitivity,b,400,1568,0.0017373097294332866,medium
sei,with_sensitivity,b,401,1572,0.0017726701570104327,medium
sei,with_sensitivity,b,402,1578,0.0026890811579803543,high
sei,with_sensitivity,b,403,1583,0.0013044447192576553,high
sei,with_sensitivity,b,404,1584,0.0018126349415578855,low
sei,with_sensitivity,b,405,1586,0.0013843217685515002,medium
sei,with_sensitivity,b,406,1593,0.0006778912553496428,high
sei,with_sensitivity,b,407,1602,0.0007934425878300253,medium
sei,with_sensitivity,b,408,1603,0.008016532765245377,low
sei,with_sensitivity,b,409,1608,0.0016995928281797541,medium
sei,with_sensitivity,b,410,1615,0.0016647257423358503,medium
sei,with_sensitivity,b,411,1616,0.0015022007451759407,medium
sei,with_sensitivity,b,412,1620,0.0037539894581808944,medium
sei,with_sensitivity,b,413,1624,0.0024044442261260605,high
sei,with_sensitivity,b,414,1628,0.001559982026515239,medium
sei,with_sensitivity,b,415,1636,0.0007941249388134444,medium
sei,with_sensitivity,b,416,1638,0.0014010055901904415,low
sei,with_sensitivity,b,417,1642,0.0024735804942056646,low
sei,with_sensitivity,b,418,1643,0.004635066920292287,high
sei,with_sensitivity,b,419,1649,0.002532739451484449,high
sei,with_sensitivity,b,420,1657,0.009110216489527104,low
sei,with_sensitivity,b,421,1658,0.0027679208181057373,medium
sei,with_sensitivity,b,422,1660,0.004262568241753473,low
sei,with_sensitivity,b,423,1666,0.002307998578209915,medium
sei,with_sensitivity,b,424,1667,0.0018325554960740387,low
sei,with_sensitivity,b,425,1676,0.011054998210119146,low
sei,with_sensitivity,b,426,1682,0.004308044446363249,low
sei,with_sensitivity,b,427,1684,0.00430078726334648,medium
sei,with_sensitivity,b,428,1688,0.002692330603241745,low
sei,with_sensitivity,b,429,1691,0.0017410041300837482,high
sei,with_sensitivity,b,430,1694,0.0007774292576115526,medium
sei,with_sensitivity,b,431,1696,0.0016921037878636002,high
sei,with_sensitivity,b,432,1710,0.005610464014854413,low
sei,with_sensitivity,b,433,1714,0.003539004843841648,medium
sei,with_sensitivity,b,434,1726,0.0005280017170950772,high
sei,with_sensitivity,b,435,1732,0.00200643842110482,medium
sei,with_sensitivity,b,436,1738,0.0016743159814703791,low
sei,with_sensitivity,b,437,1742,0.0010230177004187846,medium
sei,with_sensitivity,b,438,1745,0.002058744194744256,high
sei,with_sensitivity,b,439,1746,0.0010260799940621857,medium
sei,with_sensitivity,b,440,1751,0.0014567655184888157,medium
sei,with_sensitivity,b,441,1753,0.0019082029962429914,high
sei,with_sensitivity,b,442,1754,0.0023639268328861985,medium
sei,with_sensitivity,b,443,1759,0.004759170614188811,low
sei,with_sensitivity,b,444,1760,0.006243732594070077,low
sei,with_sensitivity,b,445,1765,0.0008229642077803922,high
sei,with_sensitivity,b,446,1766,0.0030114715346343814,medium
sei,with_sensitivity,b,447,1768,0.0010541597814476638,high
sei,with_sensitivity,b,448,1776,0.0011026479855180012,medium
sei,with_sensitivity,b,449,1780,0.0010221772753751892,low
sei,with_sensitivity,b,450,1788,0.0016725954574377411,low
sei,with_sensitivity,b,451,1790,0.00490212957891824,low
sei,with_sensitivity,b,452,1795,0.0020594440558919626,low
sei,with_sensitivity,b,453,1797,0.003357018686073071,low
sei,with_sensitivity,b,454,1799,0.0006575771136951739,high
sei,with_sensitivity,b,455,1801,0.005384974819746015,low
sei,with_sensitivity,b,456,1809,0.008702470445635893,low
sei,with_sensitivity,b,457,1820,0.0019520391257876195,medium
sei,with_sensitivity,b,458,1827,0.0007514212779888271,medium
sei,with_sensitivity,b,459,1831,0.0006969905334169137,high
sei,with_sensitivity,b,460,1833,0.003276145195071317,low
sei,with_sensitivity,b,461,1841,0.0023070216302051327,medium
sei,with_sensitivity,b,462,1848,0.003928041334913982,low
sei,with_sensitivity,b,463,1849,0.0015638684822039234,medium
sei,with_sensitivity,b,464,1858,0.003610106337525558,medium
sei,with_sensitivity,b,465,1860,0.0009881663829690666,high
sei,with_sensitivity,b,466,1863,0.0024340133396742562,low
sei,with_sensitivity,b,467,1871,0.000556194512808775,high
sei,with_sensitivity,b,468,1872,0.0025795024639340496,low
sei,with_sensitivity,b,469,1877,0.007671258192808369,low
sei,with_sensitivity,b,470,1878,0.0009609792299339817,high
sei,with_sensitivity,b,471,1883,0.0011565191395052218,medium
sei,with_sensitivity,b,472,1889,0.005509708812391427,low
sei,with_sensitivity,b,473,1890,0.003740327683609599,high
sei,with_sensitivity,b,474,1891,0.0035587589436466617,high
sei,with_sensitivity,b,475,1892,0.0011412174065887203,high
sei,with_sensitivity,b,476,1899,0.00165935864520613,high
sei,with_sensitivity,b,477,1906,0.0009376710095407528,high
sei,with_sensitivity,b,478,1915,0.0010608861804290847,high
sei,with_sensitivity,b,479,1927,0.0030943471673518168,low
sei,with_sensitivity,b,480,1928,0.001518028897762623,medium
sei,with_sensitivity,b,481,1930,0.0009966518235066692,high
sei,with_sensitivity,b,482,1934,0.0018571899146992994,medium
sei,with_sensitivity,b,483,1935,0.0010036701862607032,high
sei,with_sensitivity,b,484,1940,0.0035988684556398157,high
sei,with_sensitivity,b,485,1947,0.003917000271405822,high
sei,with_sensitivity,b,486,1952,0.00159870224495027,high
sei,with_sensitivity,b,487,1957,0.0009901430030352142,high
sei,with_sensitivity,b,488,1962,0.0017146954775875498,low
sei,with_sensitivity,b,489,1963,0.0014798517886869223,low
sei,with_sensitivity,b,490,1969,0.0008369635575883814,high
sei,with_sensitivity,b,491,1971,0.0008851718854220019,high
sei,with_sensitivity,b,492,1973,0.0035603147957102566,high
sei,with_sensitivity,b,493,1977,0.0026040841707158898,low
sei,with_sensitivity,b,494,1982,0.005512967231854715,low
sei,with_sensitivity,b,495,1986,0.01863529773565969,low
sei,with_sensitivity,b,496,1991,0.0006968037513335152,high
sei,with_sensitivity,b,497,1992,0.006743420924791159,low
sei,with_sensitivity,b,498,1994,0.0009899268970497575,medium
sei,with_sensitivity,b,499,1995,0.0008660308634977149,high
sei,with_sensitivity,b,500,1999,0.0012299577706868883,medium
sei,with_sensitivity,b,501,2000,0.00280448576804618,medium
sei,with_sensitivity,b,502,2011,0.0018879432015039056,high
sei,with_sensitivity,b,503,2013,0.0024113833910440244,high
sei,with_sensitivity,b,504,2023,0.004693386894546633,low
sei,with_sensitivity,b,505,2028,0.006863993592173857,low
sei,with_sensitivity,b,506,2032,0.006394668634547932,low
sei,with_sensitivity,b,507,2035,0.001379706918764336,medium
sei,with_sensitivity,b,508,2038,0.0008518245183974658,high
sei,with_sensitivity,b,509,2044,0.0011311082790430977,high
sei,with_sensitivity,a,0,0,0.0015756883729650813,high
sei,with_sensitivity,a,1,4,0.0035496536983295685,medium
sei,with_sensitivity,a,2,9,0.06735548288883425,low
sei,with_sensitivity,a,3,10,0.0011246143897520274,high
sei,with_sensitivity,a,4,12,0.033745661657107316,low
sei,with_sensitivity,a,5,14,0.0058939324075129385,medium
sei,with_sensitivity,a,6,16,0.06654415021747447,low
sei,with_sensitivity,a,7,20,0.01162260480396814,low
sei,with_sensitivity,a,8,21,0.012226469062631215,medium
sei,with_sensitivity,a,9,27,0.010979162525178608,low
sei,with_sensitivity,a,10,34,0.016831106413658953,medium
sei,with_sensitivity,a,11,35,0.006091399017977542,medium
sei,with_sensitivity,a,12,37,0.00571212973963099,medium
sei,with_sensitivity,a,13,42,0.0016291093472782375,high
sei,with_sensitivity,a,14,46,0.0022278108623231467,high
sei,with_sensitivity,a,15,51,0.002477976009076418,medium
sei,with_sensitivity,a,16,61,0.04231449266326977,low
sei,with_sensitivity,a,17,62,0.07242463049006906,low
sei,with_sensitivity,a,18,68,0.0011248175110390168,high
sei,with_sensitivity,a,19,71,0.01364416614362318,low
sei,with_sensitivity,a,20,78,0.0026376884126246432,medium
sei,with_sensitivity,a,21,79,0.0014100468367849888,high
sei,with_sensitivity,a,22,80,0.004561055249488164,medium
sei,with_sensitivity,a,23,87,0.0020326369003008577,high
sei,with_sensitivity,a,24,88,0.019645927960781625,low
sei,with_sensitivity,a,25,94,0.004234728665822919,medium
sei,with_sensitivity,a,26,97,0.005765843265588626,medium
sei,with_sensitivity,a,27,103,0.008158998805579026,low
sei,with_sensitivity,a,28,104,0.007438438998155471,high
sei,with_sensitivity,a,29,109,0.0009034471920140819,high
sei,with_sensitivity,a,30,110,0.004466435674907021,high
sei,with_sensitivity,a,31,112,0.0057437283011036976,medium
sei,with_sensitivity,a,32,115,0.016710244186007635,low
sei,with_sensitivity,a,33,118,0.022641914666271395,low
sei,with_sensitivity,a,34,122,0.001650775713586984,high
sei,with_sensitivity,a,35,124,0.0014680741219040502,high
sei,with_sensitivity,a,36,125,0.0018619094060637596,high
sei,with_sensitivity,a,37,138,0.010861704474931943,medium
sei,with_sensitivity,a,38,145,0.0030553439863017905,medium
sei,with_sensitivity,a,39,146,0.0026710100599927765,high
sei,with_sensitivity,a,40,147,0.007395737017220408,medium
sei,with_sensitivity,a,41,156,0.0020767203884424876,high
sei,with_sensitivity,a,42,161,0.0013761952456294076,high
sei,with_sensitivity,a,43,169,0.10957095985423262,low
sei,with_sensitivity,a,44,170,0.0012795066446681731,high
sei,with_sensitivity,a,45,176,0.0557174589919743,low
sei,with_sensitivity,a,46,182,0.054868537576997806,low
sei,with_sensitivity,a,47,185,0.00633912688656903,medium
sei,with_sensitivity,a,48,187,0.018958927167369636,low
sei,with_sensitivity,a,49,188,0.0022742399859617783,high
sei,with_sensitivity,a,50,189,0.001734293823166438,high
sei,with_sensitivity,a,51,191,0.004615802674764376,medium
sei,with_sensitivity,a,52,197,0.0024269421741999106,high
sei,with_sensitivity,a,53,201,0.0009021498631090158,high
sei,with_sensitivity,a,54,203,0.0084624492976866,low
sei,with_sensitivity,a,55,205,0.004901054365763525,high
sei,with_sensitivity,a,56,207,0.008565668596450552,low
sei,with_sensitivity,a,57,217,0.0035103602807669493,high
sei,with_sensitivity,a,58,220,0.0027956841562749076,high
sei,with_sensitivity,a,59,223,0.11060855288894689,low
sei,with_sensitivity,a,60,234,0.0012637701674443984,high
sei,with_sensitivity,a,61,241,0.013824241233504035,low
sei,with_sensitivity,a,62,243,0.0009357335957835639,high
sei,with_sensitivity,a,63,248,0.0020207355804986917,high
sei,with_sensitivity,a,64,250,0.20697434658945485,low
sei,with_sensitivity,a,65,251,0.0018020046637638664,high
sei,with_sensitivity,a,66,256,0.002592353078456137,high
sei,with_sensitivity,a,67,259,0.0016450078824073165,high
sei,with_sensitivity,a,68,261,0.0016857646845835454,high
sei,with_sensitivity,a,69,265,0.0014496238267364993,high
sei,with_sensitivity,a,70,272,0.0006434596327021265,high
sei,with_sensitivity,a,71,287,0.0070405976464786935,medium
sei,with_sensitivity,a,72,291,0.11016829799222243,low
sei,with_sensitivity,a,73,292,0.0022254466389994526,high
sei,with_sensitivity,a,74,294,0.0064528157183744205,medium
sei,with_sensitivity,a,75,303,0.0041825988870467555,medium
sei,with_sensitivity,a,76,305,0.0017093013600302139,high
sei,with_sensitivity,a,77,313,0.027545202583476314,low
sei,with_sensitivity,a,78,314,0.027505677866018284,low
sei,with_sensitivity,a,79,316,0.000992905892479035,high
sei,with_sensitivity,a,80,323,0.005874512040212186,medium
sei,with_sensitivity,a,81,325,0.0015461465302486085,high
sei,with_sensitivity,a,82,328,0.041893293006084756,low
sei,with_sensitivity,a,83,331,0.0029434825774286065,medium
sei,with_sensitivity,a,84,332,0.13384953547046585,low
sei,with_sensitivity,a,85,339,0.003551114046156312,medium
sei,with_sensitivity,a,86,351,0.00609572129733976,medium
sei,with_sensitivity,a,87,362,0.019681051463432284,low
sei,with_sensitivity,a,88,363,0.005114244205888849,medium
sei,with_sensitivity,a,89,369,0.015024385031704456,low
sei,with_sensitivity,a,90,388,0.002656033683792366,medium
sei,with_sensitivity,a,91,392,0.00318878525774085,medium
sei,with_sensitivity,a,92,394,0.0017949474978541152,high
sei,with_sensitivity,a,93,396,0.0018067752910660329,high
sei,with_sensitivity,a,94,402,0.015028966920685382,low
sei,with_sensitivity,a,95,407,0.04455073149659497,low
sei,with_sensitivity,a,96,411,0.041770394710819926,low
sei,with_sensitivity,a,97,413,0.02082887112706286,medium
sei,with_sensitivity,a,98,417,0.004075737950570764,medium
sei,with_sensitivity,a,99,419,0.0017545677036369049,high
sei,with_sensitivity,a,100,422,0.005539917935657672,medium
sei,with_sensitivity,a,101,423,0.004022481951208187,medium
sei,with_sensitivity,a,102,424,0.0013422070556357649,medium
sei,with_sensitivity,a,103,425,0.1302073342478219,low
sei,with_sensitivity,a,104,429,0.008315824364740973,medium
sei,with_sensitivity,a,105,436,0.0025895297700585583,high
sei,with_sensitivity,a,106,441,0.01159938256706858,low
sei,with_sensitivity,a,107,448,0.0015302863933723838,high
sei,with_sensitivity,a,108,453,0.09417966920683796,low
sei,with_sensitivity,a,109,460,0.003711725169232979,medium
sei,with_sensitivity,a,110,467,0.0036847766435367576,medium
sei,with_sensitivity,a,111,469,0.14499169047696195,low
sei,with_sensitivity,a,112,472,0.01026528266287918,medium
sei,with_sensitivity,a,113,475,0.0008986349977460748,high
sei,with_sensitivity,a,114,477,0.002117533571896629,medium
sei,with_sensitivity,a,115,478,0.002393546723991546,high
sei,with_sensitivity,a,116,481,0.021238838134344972,low
sei,with_sensitivity,a,117,484,0.0034822411118625744,medium
sei,with_sensitivity,a,118,485,0.005273937114463274,medium
sei,with_sensitivity,a,119,492,0.006652919216218484,medium
sei,with_sensitivity,a,120,499,0.016228937316597258,low
sei,with_sensitivity,a,121,502,0.0065122782621640195,medium
sei,with_sensitivity,a,122,515,0.0016645895353194899,high
sei,with_sensitivity,a,123,518,0.005056408935379896,medium
sei,with_sensitivity,a,124,523,0.003515529059889692,high
sei,with_sensitivity,a,125,528,0.0038511519102513493,medium
sei,with_sensitivity,a,126,536,0.0031894784579481125,medium
sei,with_sensitivity,a,127,537,0.006856447536268338,high
sei,with_sensitivity,a,128,539,0.0027279375817386114,high
sei,with_sensitivity,a,129,541,0.0015999604894600175,medium
sei,with_sensitivity,a,130,546,0.028973337184094578,low
sei,with_sensitivity,a,131,550,0.010757365211657731,low
sei,with_sensitivity,a,132,551,0.0017921812842338362,high
sei,with_sensitivity,a,133,552,0.01173612277696426,medium
sei,with_sensitivity,a,134,558,0.01909220247793707,low
sei,with_sensitivity,a,135,559,0.07605458028548137,low
sei,with_sensitivity,a,136,561,0.004189736854059914,high
sei,with_sensitivity,a,137,564,0.00674769833776561,medium
sei,with_sensitivity,a,138,572,0.00394699853240249,high
sei,with_sensitivity,a,139,576,0.004413755798801635,medium
sei,with_sensitivity,a,140,577,0.0043868281059168636,medium
sei,with_sensitivity,a,141,582,0.004516199095512739,medium
sei,with_sensitivity,a,142,583,0.0017980951991892322,high
sei,with_sensitivity,a,143,594,0.0020897393725067513,high
sei,with_sensitivity,a,144,597,0.029548421845695182,low
sei,with_sensitivity,a,145,599,0.003606016330854142,medium
sei,with_sensitivity,a,146,600,0.019087907489366594,low
sei,with_sensitivity,a,147,601,0.030079568797545326,low
sei,with_sensitivity,a,148,603,0.004257472619924069,medium
sei,with_sensitivity,a,149,607,0.014112475241697689,medium
sei,with_sensitivity,a,150,610,0.0010289384103034174,high
sei,with_sensitivity,a,151,613,0.012379548284404622,low
sei,with_sensitivity,a,152,616,0.08338899450123066,low
sei,with_sensitivity,a,153,623,0.0729677822945498,low
sei,with_sensitivity,a,154,624,0.002944812407132905,high
sei,with_sensitivity,a,155,629,0.03098686723390655,low
sei,with_sensitivity,a,156,633,0.0022925128784507484,medium
sei,with_sensitivity,a,157,634,0.20469740117954574,low
sei,with_sensitivity,a,158,635,0.01739742550200144,medium
sei,with_sensitivity,a,159,638,0.02144486905403258,low
sei,with_sensitivity,a,160,645,0.0019915761148384882,high
sei,with_sensitivity,a,161,646,0.0022407059206612824,high
sei,with_sensitivity,a,162,653,0.02815094763983548,low
sei,with_sensitivity,a,163,658,0.001763475810092179,medium
sei,with_sensitivity,a,164,662,0.0017376255655340348,high
sei,with_sensitivity,a,165,664,0.0044055899621719815,medium
sei,with_sensitivity,a,166,671,0.0019284513936651507,medium
sei,with_sensitivity,a,167,672,0.13145440867315242,low
sei,with_sensitivity,a,168,673,0.001995608220563118,high
sei,with_sensitivity,a,169,676,0.010877690106196197,low
sei,with_sensitivity,a,170,687,0.020403078347512368,low
sei,with_sensitivity,a,171,689,0.0009908188696523927,high
sei,with_sensitivity,a,172,690,0.0015252557863993698,high
sei,with_sensitivity,a,173,691,0.039456451737903936,low
sei,with_sensitivity,a,174,694,0.0014952869045846086,high
sei,with_sensitivity,a,175,698,0.018721546738904762,low
sei,with_sensitivity,a,176,699,0.04948421140676025,low
sei,with_sensitivity,a,177,700,0.0030044312660334124,high
sei,with_sensitivity,a,178,706,0.0033629947477983833,high
sei,with_sensitivity,a,179,720,0.03349939197837361,low
sei,with_sensitivity,a,180,726,0.07872941071704376,low
sei,with_sensitivity,a,181,735,0.0464262992533371,low
sei,with_sensitivity,a,182,741,0.003466157384191252,high
sei,with_sensitivity,a,183,744,0.011622521785110527,medium
sei,with_sensitivity,a,184,748,0.007103134905411004,medium
sei,with_sensitivity,a,185,754,0.0025712109240728716,high
sei,with_sensitivity,a,186,757,0.0017977503169421642,high
sei,with_sensitivity,a,187,759,0.0240338449276494,low
sei,with_sensitivity,a,188,760,0.14788503040955264,low
sei,with_sensitivity,a,189,761,0.003713831105110173,medium
sei,with_sensitivity,a,190,763,0.00523374132503746,high
sei,with_sensitivity,a,191,766,0.004145748335152382,medium
sei,with_sensitivity,a,192,769,0.0018280462354821028,high
sei,with_sensitivity,a,193,771,0.0016634720759343587,high
sei,with_sensitivity,a,194,775,0.04353628344455088,low
sei,with_sensitivity,a,195,776,0.0017352498072164772,high
sei,with_sensitivity,a,196,783,0.004379245823674076,medium
sei,with_sensitivity,a,197,788,0.0017586710513343609,medium
sei,with_sensitivity,a,198,799,0.13243696194014523,low
sei,with_sensitivity,a,199,801,0.0018343991666790811,high
sei,with_sensitivity,a,200,803,0.005873791875603381,medium
sei,with_sensitivity,a,201,806,0.0036550100160962157,medium
sei,with_sensitivity,a,202,812,0.0029512530986344804,high
sei,with_sensitivity,a,203,815,0.003004939227821,high
sei,with_sensitivity,a,204,816,0.002055589472648304,high
sei,with_sensitivity,a,205,817,0.001853411822860601,medium
sei,with_sensitivity,a,206,819,0.000899844337497201,high
sei,with_sensitivity,a,207,828,0.0018221753088219544,high
sei,with_sensitivity,a,208,836,0.004607978743758809,medium
sei,with_sensitivity,a,209,837,0.003031009326739355,medium
sei,with_sensitivity,a,210,844,0.008417228129761074,high
sei,with_sensitivity,a,211,847,0.0044639800326515345,medium
sei,with_sensitivity,a,212,848,0.0036242821847742406,medium
sei,with_sensitivity,a,213,851,0.0010341037548418177,high
sei,with_sensitivity,a,214,855,0.00404038441346798,medium
sei,with_sensitivity,a,215,859,0.010860829200250713,medium
sei,with_sensitivity,a,216,860,0.028458378718071983,low
sei,with_sensitivity,a,217,863,0.0035168506564649685,medium
sei,with_sensitivity,a,218,871,0.0023688209395518445,medium
sei,with_sensitivity,a,219,874,0.024929095207781537,low
sei,with_sensitivity,a,220,879,0.0011718074300511238,medium
sei,with_sensitivity,a,221,880,0.0015684743261855964,high
sei,with_sensitivity,a,222,881,0.021584233461713887,low
sei,with_sensitivity,a,223,882,0.05856513445042314,low
sei,with_sensitivity,a,224,883,0.0020960617334982697,medium
sei,with_sensitivity,a,225,888,0.0013557052795705085,high
sei,with_sensitivity,a,226,892,0.004153166485123143,medium
sei,with_sensitivity,a,227,893,0.0015707446575539963,high
sei,with_sensitivity,a,228,902,0.013748964035642464,low
sei,with_sensitivity,a,229,906,0.002931633857213153,medium
sei,with_sensitivity,a,230,909,0.002973542609778437,high
sei,with_sensitivity,a,231,911,0.021784895936093226,low
sei,with_sensitivity,a,232,912,0.0023340508680486224,high
sei,with_sensitivity,a,233,914,0.004015521383660979,medium
sei,with_sensitivity,a,234,923,0.0011492042784444448,high
sei,with_sensitivity,a,235,928,0.06882409862471185,low
sei,with_sensitivity,a,236,932,0.0013389897671926485,medium
sei,with_sensitivity,a,237,935,0.004397068121215328,medium
sei,with_sensitivity,a,238,941,0.0028766029504828055,medium
sei,with_sensitivity,a,239,949,0.008912370805401904,low
sei,with_sensitivity,a,240,950,0.04394095547771563,low
sei,with_sensitivity,a,241,958,0.006738323128573917,low
sei,with_sensitivity,a,242,963,0.005100604331771881,high
sei,with_sensitivity,a,243,965,0.0022664651917465406,medium
sei,with_sensitivity,a,244,967,0.0025595063525424015,high
sei,with_sensitivity,a,245,968,0.01695293245330936,low
sei,with_sensitivity,a,246,984,0.01597757994516045,low
sei,with_sensitivity,a,247,987,0.019090312012007154,low
sei,with_sensitivity,a,248,989,0.014280610769352758,low
sei,with_sensitivity,a,249,992,0.0017383291976355083,high
sei,with_sensitivity,a,250,999,0.0011973611585489351,high
sei,with_sensitivity,a,251,1000,0.0024415274004227216,medium
sei,with_sensitivity,a,252,1002,0.0012227574483895797,high
sei,with_sensitivity,a,253,1005,0.012336918101757261,low
sei,with_sensitivity,a,254,1006,0.0025876831684739834,medium
sei,with_sensitivity,a,255,1013,0.00630516237854683,low
sei,with_sensitivity,a,256,1016,0.022447487760202414,low
sei,with_sensitivity,a,257,1026,0.002424565577756887,high
sei,with_sensitivity,a,258,1043,0.017367395635064974,low
sei,with_sensitivity,a,259,1047,0.0009406212653399925,high
sei,with_sensitivity,a,260,1048,0.013337696415451659,low
sei,with_sensitivity,a,261,1050,0.21737474223533276,low
sei,with_sensitivity,a,262,1057,0.017263668756280062,low
sei,with_sensitivity,a,263,1059,0.001931500642512163,medium
sei,with_sensitivity,a,264,1060,0.004229951290444529,medium
sei,with_sensitivity,a,265,1064,0.001441110639260636,high
sei,with_sensitivity,a,266,1065,0.022639380305662392,medium
sei,with_sensitivity,a,267,1067,0.0074655534529886975,low
sei,with_sensitivity,a,268,1068,0.015947545130705672,low
sei,with_sensitivity,a,269,1072,0.02027931364011358,low
sei,with_sensitivity,a,270,1073,0.07770401263178518,low
sei,with_sensitivity,a,271,1076,0.0031201668828969185,medium
sei,with_sensitivity,a,272,1078,0.002885044654640089,medium
sei,with_sensitivity,a,273,1083,0.00533043717053495,medium
sei,with_sensitivity,a,274,1085,0.012308042446718405,low
sei,with_sensitivity,a,275,1088,0.004549648285199744,high
sei,with_sensitivity,a,276,1090,0.0013938868427838373,high
sei,with_sensitivity,a,277,1094,0.03408108960495185,low
sei,with_sensitivity,a,278,1095,0.002204798640483173,high
sei,with_sensitivity,a,279,1102,0.0022750594646619013,medium
sei,with_sensitivity,a,280,1103,0.04338859640958271,low
sei,with_sensitivity,a,281,1108,0.002011567532599278,high
sei,with_sensitivity,a,282,1110,0.0021740031174877295,high
sei,with_sensitivity,a,283,1111,0.0019627108895765685,high
sei,with_sensitivity,a,284,1112,0.0020394512420487333,medium
sei,with_sensitivity,a,285,1136,0.025579267062571066,low
sei,with_sensitivity,a,286,1141,0.0012362548491502041,high
sei,with_sensitivity,a,287,1143,0.018269808738055168,low
sei,with_sensitivity,a,288,1146,0.0013829670597560288,high
sei,with_sensitivity,a,289,1148,0.1537632074918905,low
sei,with_sensitivity,a,290,1153,0.004914598499396019,high
sei,with_sensitivity,a,291,1155,0.004465538056112462,medium
sei,with_sensitivity,a,292,1158,0.0015186402919472187,high
sei,with_sensitivity,a,293,1165,0.019600017224939776,low
sei,with_sensitivity,a,294,1168,0.01455850471404466,low
sei,with_sensitivity,a,295,1170,0.004824307469457042,medium
sei,with_sensitivity,a,296,1172,0.05039181970086988,low
sei,with_sensitivity,a,297,1174,0.004252279072484824,medium
sei,with_sensitivity,a,298,1176,0.0025511216218935236,high
sei,with_sensitivity,a,299,1180,0.0101152420818042,medium
sei,with_sensitivity,a,300,1181,0.006497736764411839,medium
sei,with_sensitivity,a,301,1193,0.015800192297363094,low
sei,with_sensitivity,a,302,1196,0.03753400430336412,low
sei,with_sensitivity,a,303,1198,0.08535745502468281,low
sei,with_sensitivity,a,304,1199,0.0020349457432734352,high
sei,with_sensitivity,a,305,1201,0.002026714893044925,high
sei,with_sensitivity,a,306,1204,0.010358874863705644,medium
sei,with_sensitivity,a,307,1210,0.012191282818244473,low
sei,with_sensitivity,a,308,1214,0.0014109788334861195,high
sei,with_sensitivity,a,309,1217,0.002686683542592464,high
sei,with_sensitivity,a,310,1219,0.003438159166113128,medium
sei,with_sensitivity,a,311,1220,0.0012958946935360267,high
sei,with_sensitivity,a,312,1226,0.02926586659706401,low
sei,with_sensitivity,a,313,1241,0.007389540242684385,medium
sei,with_sensitivity,a,314,1242,0.0015522251579758247,high
sei,with_sensitivity,a,315,1245,0.03328840136279892,low
sei,with_sensitivity,a,316,1247,0.12823040869921418,low
sei,with_sensitivity,a,317,1255,0.0037907564262257853,medium
sei,with_sensitivity,a,318,1256,0.0014267081329979356,high
sei,with_sensitivity,a,319,1257,0.009040748323249529,low
sei,with_sensitivity,a,320,1259,0.003040605543778194,high
sei,with_sensitivity,a,321,1261,0.004762219733860716,medium
sei,with_sensitivity,a,322,1262,0.0012089692861177379,high
sei,with_sensitivity,a,323,1267,0.0012296074335427655,high
sei,with_sensitivity,a,324,1268,0.01328756163739951,medium
sei,with_sensitivity,a,325,1269,0.0015403289690256025,medium
sei,with_sensitivity,a,326,1270,0.4523401899474641,low
sei,with_sensitivity,a,327,1271,0.009544836413081865,medium
sei,with_sensitivity,a,328,1273,0.013426685251956233,low
sei,with_sensitivity,a,329,1276,0.00637387506631981,medium
sei,with_sensitivity,a,330,1284,0.010749744370543515,low
sei,with_sensitivity,a,331,1288,0.0015965684127074115,high
sei,with_sensitivity,a,332,1289,0.011378253674047843,low
sei,with_sensitivity,a,333,1293,0.002830482153934477,medium
sei,with_sensitivity,a,334,1298,0.02365886033678463,low
sei,with_sensitivity,a,335,1299,0.013328903467552163,low
sei,with_sensitivity,a,336,1302,0.002012327768564148,medium
sei,with_sensitivity,a,337,1317,0.03240641812646368,low
sei,with_sensitivity,a,338,1321,0.004330840332999274,medium
sei,with_sensitivity,a,339,1323,0.019096681102093296,low
sei,with_sensitivity,a,340,1326,0.023652795344943515,low
sei,with_sensitivity,a,341,1329,0.004189409465421385,medium
sei,with_sensitivity,a,342,1330,0.014682160747442483,low
sei,with_sensitivity,a,343,1332,0.0012492874605883606,high
sei,with_sensitivity,a,344,1334,0.010756822272350513,low
sei,with_sensitivity,a,345,1341,0.0564918402215654,low
sei,with_sensitivity,a,346,1342,0.0019816222234984608,high
sei,with_sensitivity,a,347,1345,0.13380783034729898,low
sei,with_sensitivity,a,348,1348,0.001061091248384908,medium
sei,with_sensitivity,a,349,1349,0.001447439472278317,medium
sei,with_sensitivity,a,350,1351,0.002140217118714161,medium
sei,with_sensitivity,a,351,1355,0.0012119307474235787,high
sei,with_sensitivity,a,352,1356,0.0009205570243707515,high
sei,with_sensitivity,a,353,1357,0.17553059047933692,low
sei,with_sensitivity,a,354,1370,0.0048732922411568805,medium
sei,with_sensitivity,a,355,1371,0.003598528082485157,medium
sei,with_sensitivity,a,356,1374,0.0017117728467159626,high
sei,with_sensitivity,a,357,1375,0.004977847249719568,medium
sei,with_sensitivity,a,358,1381,0.0026177452536596405,medium
sei,with_sensitivity,a,359,1385,0.0013965925395135871,high
sei,with_sensitivity,a,360,1388,0.039694278841631306,low
sei,with_sensitivity,a,361,1395,0.0017069108438435272,high
sei,with_sensitivity,a,362,1402,0.0017109558044970156,high
sei,with_sensitivity,a,363,1404,0.0021097254588676013,medium
sei,with_sensitivity,a,364,1411,0.05664758968174011,low
sei,with_sensitivity,a,365,1414,0.003683966012622438,medium
sei,with_sensitivity,a,366,1423,0.004473134399986215,medium
sei,with_sensitivity,a,367,1433,0.002915710710766833,high
sei,with_sensitivity,a,368,1435,0.10263602956230687,low
sei,with_sensitivity,a,369,1437,0.0019031842052571783,high
sei,with_sensitivity,a,370,1445,0.0030472611149625524,medium
sei,with_sensitivity,a,371,1448,0.0037283217502720456,high
sei,with_sensitivity,a,372,1455,0.003175701826538263,medium
sei,with_sensitivity,a,373,1473,0.002603868495580494,medium
sei,with_sensitivity,a,374,1475,0.05568387823388219,low
sei,with_sensitivity,a,375,1477,0.0095084966748044,medium
sei,with_sensitivity,a,376,1494,0.003898365272894857,medium
sei,with_sensitivity,a,377,1496,0.0016359904092331612,medium
sei,with_sensitivity,a,378,1500,0.3008348934432981,low
sei,with_sensitivity,a,379,1503,0.0028972698546472285,high
sei,with_sensitivity,a,380,1505,0.028709019370973646,low
sei,with_sensitivity,a,381,1507,0.0034454418805487785,medium
sei,with_sensitivity,a,382,1511,0.0029622886661032806,medium
sei,with_sensitivity,a,383,1512,0.005776192520143321,medium
sei,with_sensitivity,a,384,1516,0.00335890611393987,medium
sei,with_sensitivity,a,385,1521,0.004789035313090458,medium
sei,with_sensitivity,a,386,1522,0.03964187147945515,low
sei,with_sensitivity,a,387,1528,0.02782643537430643,low
sei,with_sensitivity,a,388,1529,0.0016069396121106755,high
sei,with_sensitivity,a,389,1530,0.010774046672337405,medium
sei,with_sensitivity,a,390,1532,0.0013117107334664913,high
sei,with_sensitivity,a,391,1538,0.018453964865717213,low
sei,with_sensitivity,a,392,1542,0.0017149521339353763,high
sei,with_sensitivity,a,393,1543,0.009967097205325418,low
sei,with_sensitivity,a,394,1545,0.12759123353378152,low
sei,with_sensitivity,a,395,1553,0.004644365155682164,medium
sei,with_sensitivity,a,396,1555,0.004843126190674613,medium
sei,with_sensitivity,a,397,1562,0.10238854526503127,low
sei,with_sensitivity,a,398,1566,0.060257430104360556,low
sei,with_sensitivity,a,399,1567,0.004598963166948838,high
sei,with_sensitivity,a,400,1568,0.002451469842188798,medium
sei,with_sensitivity,a,401,1572,0.00639768406601316,medium
sei,with_sensitivity,a,402,1578,0.005972753415156497,high
sei,with_sensitivity,a,403,1583,0.0018349035753868152,high
sei,with_sensitivity,a,404,1584,0.011497816243217253,low
sei,with_sensitivity,a,405,1586,0.002227342759262866,medium
sei,with_sensitivity,a,406,1593,0.0016240356313419351,high
sei,with_sensitivity,a,407,1602,0.0039857882622450205,medium
sei,with_sensitivity,a,408,1603,0.04753066879416735,low
sei,with_sensitivity,a,409,1608,0.0015797155813721871,medium
sei,with_sensitivity,a,410,1615,0.0035387226459181955,medium
sei,with_sensitivity,a,411,1616,0.006538907919023976,medium
sei,with_sensitivity,a,412,1620,0.009738085895658699,medium
sei,with_sensitivity,a,413,1624,0.0031308865825278288,high
sei,with_sensitivity,a,414,1628,0.0037675198172076427,medium
sei,with_sensitivity,a,415,1636,0.0028041731359293104,medium
sei,with_sensitivity,a,416,1638,0.017327813239926614,low
sei,with_sensitivity,a,417,1642,0.014281961718014081,low
sei,with_sensitivity,a,418,1643,0.003862807909232811,high
sei,with_sensitivity,a,419,1649,0.0014421037692002193,high
sei,with_sensitivity,a,420,1657,0.03586798111190437,low
sei,with_sensitivity,a,421,1658,0.004455662865576421,medium
sei,with_sensitivity,a,422,1660,0.012861611741275019,low
sei,with_sensitivity,a,423,1666,0.007617811100769221,medium
sei,with_sensitivity,a,424,1667,0.014807311774758481,low
sei,with_sensitivity,a,425,1676,0.26121972058379783,low
sei,with_sensitivity,a,426,1682,0.015407916210295457,low
sei,with_sensitivity,a,427,1684,0.012990299841189747,medium
sei,with_sensitivity,a,428,1688,0.01520735020379278,low
sei,with_sensitivity,a,429,1691,0.002733157296674607,high
sei,with_sensitivity,a,430,1694,0.004069044382316839,medium
sei,with_sensitivity,a,431,1696,0.002818624181710712,high
sei,with_sensitivity,a,432,1710,0.0924684760779586,low
sei,with_sensitivity,a,433,1714,0.005524883024600387,medium
sei,with_sensitivity,a,434,1726,0.0018357543119298274,high
sei,with_sensitivity,a,435,1732,0.004177133275934466,medium
sei,with_sensitivity,a,436,1738,0.02264123801968256,low
sei,with_sensitivity,a,437,1742,0.004284234393096929,medium
sei,with_sensitivity,a,438,1745,0.0018436392362248828,high
sei,with_sensitivity,a,439,1746,0.0035157366282999613,medium
sei,with_sensitivity,a,440,1751,0.003338362343811608,medium
sei,with_sensitivity,a,441,1753,0.0015065039790919056,high
sei,with_sensitivity,a,442,1754,0.012022548623362387,medium
sei,with_sensitivity,a,443,1759,0.017967277521515754,low
sei,with_sensitivity,a,444,1760,0.02663184906475286,low
sei,with_sensitivity,a,445,1765,0.0012214979621066537,high
sei,with_sensitivity,a,446,1766,0.015196024109198908,medium
sei,with_sensitivity,a,447,1768,0.0009498800492326414,high
sei,with_sensitivity,a,448,1776,0.0020602410729452713,medium
sei,with_sensitivity,a,449,1780,0.010321743585003443,low
sei,with_sensitivity,a,450,1788,0.01422986865591681,low
sei,with_sensitivity,a,451,1790,0.03679572978112921,low
sei,with_sensitivity,a,452,1795,0.01051801302252506,low
sei,with_sensitivity,a,453,1797,0.03186973106368875,low
sei,with_sensitivity,a,454,1799,0.002324558645670396,high
sei,with_sensitivity,a,455,1801,0.052258918419205304,low
sei,with_sensitivity,a,456,1809,0.09486257501045338,low
sei,with_sensitivity,a,457,1820,0.0016939871803281481,medium
sei,with_sensitivity,a,458,1827,0.006019809477572387,medium
sei,with_sensitivity,a,459,1831,0.0008332380257539449,high
sei,with_sensitivity,a,460,1833,0.03849784881022698,low
sei,with_sensitivity,a,461,1841,0.0040897403570531515,medium
sei,with_sensitivity,a,462,1848,0.03295509059001254,low
sei,with_sensitivity,a,463,1849,0.0037800903689265766,medium
sei,with_sensitivity,a,464,1858,0.010104403111726726,medium
sei,with_sensitivity,a,465,1860,0.001100997226726263,high
sei,with_sensitivity,a,466,1863,0.014149957078965677,low
sei,with_sensitivity,a,467,1871,0.0007931687918938666,high
sei,with_sensitivity,a,468,1872,0.0328476429263228,low
sei,with_sensitivity,a,469,1877,0.08435361414259512,low
sei,with_sensitivity,a,470,1878,0.0022239205826487243,high
sei,with_sensitivity,a,471,1883,0.0018496029723287651,medium
sei,with_sensitivity,a,472,1889,0.028870095786627116,low
sei,with_sensitivity,a,473,1890,0.006055227726307347,high
sei,with_sensitivity,a,474,1891,0.0020743227921223477,high
sei,with_sensitivity,a,475,1892,0.0016340331315125394,high
sei,with_sensitivity,a,476,1899,0.0033489806911852302,high
sei,with_sensitivity,a,477,1906,0.0008508131603004894,high
sei,with_sensitivity,a,478,1915,0.0017353812845076102,high
sei,with_sensitivity,a,479,1927,0.026635462877738266,low
sei,with_sensitivity,a,480,1928,0.004786624577896441,medium
sei,with_sensitivity,a,481,1930,0.0016734332027958146,high
sei,with_sensitivity,a,482,1934,0.005460894150767355,medium
sei,with_sensitivity,a,483,1935,0.0022061246179048313,high
sei,with_sensitivity,a,484,1940,0.0035101984796844783,high
sei,with_sensitivity,a,485,1947,0.002889853237230014,high
sei,with_sensitivity,a,486,1952,0.001811644510828928,high
sei,with_sensitivity,a,487,1957,0.0019090962704344187,high
sei,with_sensitivity,a,488,1962,0.026840928459779135,low
sei,with_sensitivity,a,489,1963,0.018176071680828767,low
sei,with_sensitivity,a,490,1969,0.0014870444071761687,high
sei,with_sensitivity,a,491,1971,0.0015803990940872522,high
sei,with_sensitivity,a,492,1973,0.0018084514842162747,high
sei,with_sensitivity,a,493,1977,0.01454329086835527,low
sei,with_sensitivity,a,494,1982,0.04616158735343413,low
sei,with_sensitivity,a,495,1986,0.14275850430259795,low
sei,with_sensitivity,a,496,1991,0.0008263392358606156,high
sei,with_sensitivity,a,497,1992,0.07969500834933348,low
sei,with_sensitivity,a,498,1994,0.00387615264423072,medium
sei,with_sensitivity,a,499,1995,0.0018491604677154968,high
sei,with_sensitivity,a,500,1999,0.0026623170192074668,medium
sei,with_sensitivity,a,501,2000,0.010772548005281228,medium
sei,with_sensitivity,a,502,2011,0.001975368269992106,high
sei,with_sensitivity,a,503,2013,0.0017063084972167,high
sei,with_sensitivity,a,504,2023,0.008838537873093426,low
sei,with_sensitivity,a,505,2028,0.0797763499315568,low
sei,with_sensitivity,a,506,2032,0.1557415442348152,low
sei,with_sensitivity,a,507,2035,0.0034912946345916638,medium
sei,with_sensitivity,a,508,2038,0.0015667447584136237,high
sei,with_sensitivity,a,509,2044,0.0026571349730477776,high
