system,variant,parameter,selected_position,test_index,relative_error
competition,without_sensitivity,overall,0,0,0.00978717225004041
competition,without_sensitivity,overall,1,8,0.016135836431014083
competition,without_sensitivity,overall,2,10,0.0051048365425937076
competition,without_sensitivity,overall,3,11,0.006847816208703815
competition,without_sensitivity,overall,4,12,0.011485135370889821
competition,without_sensitivity,overall,5,16,0.015226852806467461
competition,without_sensitivity,overall,6,28,0.005046298290290598
competition,without_sensitivity,overall,7,32,0.010076659924268306
competition,without_sensitivity,overall,8,33,0.007564827569905849
competition,without_sensitivity,overall,9,38,0.014777350049591029
competition,without_sensitivity,overall,10,43,0.010496301039712918
competition,without_sensitivity,overall,11,44,0.008992980268500225
competition,without_sensitivity,overall,12,47,0.006588123347225688
competition,without_sensitivity,overall,13,57,0.011137388493051344
competition,without_sensitivity,overall,14,58,0.011402090217629151
competition,without_sensitivity,overall,15,59,0.007862434002018165
competition,without_sensitivity,overall,16,63,0.00708398897674969
competition,without_sensitivity,overall,17,66,0.004398270388356496
competition,without_sensitivity,overall,18,72,0.004854174958699565
competition,without_sensitivity,overall,19,73,0.010827512434137942
competition,without_sensitivity,overall,20,83,0.010235292877541102
competition,without_sensitivity,overall,21,86,0.00453952231821403
competition,without_sensitivity,overall,22,87,0.007215514954198241
competition,without_sensitivity,overall,23,88,0.01075843932735314
competition,without_sensitivity,overall,24,89,0.007525708573555132
competition,without_sensitivity,overall,25,90,0.020673682920087703
competition,without_sensitivity,overall,26,92,0.011190724323826375
competition,without_sensitivity,overall,27,93,0.0060972623941900755
competition,without_sensitivity,overall,28,99,0.007489856613408598
competition,without_sensitivity,overall,29,105,0.00940859308268137
competition,without_sensitivity,overall,30,108,0.010694895191630143
competition,without_sensitivity,overall,31,109,0.009061822706256594
competition,without_sensitivity,overall,32,111,0.01088471390582199
competition,without_sensitivity,overall,33,112,0.008697826588568543
competition,without_sensitivity,overall,34,116,0.005928661337100958
competition,without_sensitivity,overall,35,119,0.00287913874289176
competition,without_sensitivity,overall,36,126,0.007352869104404379
competition,without_sensitivity,overall,37,128,0.0130105305678371
competition,without_sensitivity,overall,38,129,0.012884260654267817
competition,without_sensitivity,overall,39,132,0.010569091389270225
competition,without_sensitivity,overall,40,140,0.005489117531345404
competition,without_sensitivity,overall,41,142,0.02075878402746609
competition,without_sensitivity,overall,42,146,0.010109366229871524
competition,without_sensitivity,overall,43,157,0.006053810513375113
competition,without_sensitivity,overall,44,158,0.009935077887179669
competition,without_sensitivity,overall,45,162,0.005051489404451231
competition,without_sensitivity,overall,46,167,0.0190927797381334
competition,without_sensitivity,overall,47,169,0.014941056431652259
competition,without_sensitivity,overall,48,171,0.009266615580674471
competition,without_sensitivity,overall,49,175,0.012183976269046931
competition,without_sensitivity,overall,50,183,0.003270628763777033
competition,without_sensitivity,overall,51,185,0.004088076340047152
competition,without_sensitivity,overall,52,188,0.007741038876374706
competition,without_sensitivity,overall,53,189,0.008962956861270023
competition,without_sensitivity,overall,54,191,0.007564069642060026
competition,without_sensitivity,overall,55,193,0.008127113412542943
competition,without_sensitivity,overall,56,194,0.005262546837055895
competition,without_sensitivity,overall,57,196,0.008442467058488981
competition,without_sensitivity,overall,58,199,0.005520692560118377
competition,without_sensitivity,overall,59,206,0.011343189199649616
competition,without_sensitivity,overall,60,207,0.015601829820242804
competition,without_sensitivity,overall,61,211,0.021711595347982282
competition,without_sensitivity,overall,62,214,0.007093944532104107
competition,without_sensitivity,overall,63,215,0.012660348317465103
competition,without_sensitivity,overall,64,216,0.01176356654722266
competition,without_sensitivity,overall,65,217,0.005644260813998621
competition,without_sensitivity,overall,66,218,0.006549316203836329
competition,without_sensitivity,overall,67,219,0.012403579865855777
competition,without_sensitivity,overall,68,227,0.00956111389908308
competition,without_sensitivity,overall,69,231,0.00569340076874317
competition,without_sensitivity,overall,70,239,0.013282083142600489
competition,without_sensitivity,overall,71,240,0.005867024826961247
competition,without_sensitivity,overall,72,244,0.006796133035488894
competition,without_sensitivity,overall,73,245,0.01225340208833953
competition,without_sensitivity,overall,74,246,0.012463064155252375
competition,without_sensitivity,overall,75,248,0.011603252606741082
competition,without_sensitivity,overall,76,251,0.013106508936017846
competition,without_sensitivity,overall,77,255,0.004392553780070983
competition,without_sensitivity,overall,78,264,0.008208833744540591
competition,without_sensitivity,overall,79,268,0.01570327195836971
competition,without_sensitivity,overall,80,269,0.007470531530013769
competition,without_sensitivity,overall,81,273,0.02082096803072366
competition,without_sensitivity,overall,82,282,0.0043192709893394125
competition,without_sensitivity,overall,83,283,0.01739389365313196
competition,without_sensitivity,overall,84,285,0.0033520311160208298
competition,without_sensitivity,overall,85,286,0.00392491435099672
competition,without_sensitivity,overall,86,287,0.00317455524731585
competition,without_sensitivity,overall,87,297,0.017155065373770616
competition,without_sensitivity,overall,88,302,0.00734991543766826
competition,without_sensitivity,overall,89,303,0.005024980444787049
competition,without_sensitivity,overall,90,306,0.00396329062394238
competition,without_sensitivity,overall,91,307,0.0054872086213485025
competition,without_sensitivity,overall,92,315,0.004377566418680513
competition,without_sensitivity,overall,93,321,0.0037639776942811026
competition,without_sensitivity,overall,94,322,0.015697963562854883
competition,without_sensitivity,overall,95,327,0.007389698720610369
competition,without_sensitivity,overall,96,328,0.0043131949168616675
competition,without_sensitivity,overall,97,329,0.0170156541327579
competition,without_sensitivity,overall,98,332,0.0045249723368809254
competition,without_sensitivity,overall,99,333,0.0051330233400227855
competition,without_sensitivity,overall,100,335,0.0044765409434292
competition,without_sensitivity,overall,101,337,0.011201132412539989
competition,without_sensitivity,overall,102,340,0.012384266263161007
competition,without_sensitivity,overall,103,353,0.00742355440622144
competition,without_sensitivity,overall,104,367,0.012511417300503036
competition,without_sensitivity,overall,105,375,0.006172098369293646
competition,without_sensitivity,overall,106,385,0.006561544749274617
competition,without_sensitivity,overall,107,388,0.004014629522694409
competition,without_sensitivity,overall,108,407,0.023376911474335214
competition,without_sensitivity,overall,109,408,0.007772319413577594
competition,without_sensitivity,overall,110,410,0.005282695224418388
competition,without_sensitivity,overall,111,411,0.008573539911660887
competition,without_sensitivity,overall,112,416,0.008997158218899539
competition,without_sensitivity,overall,113,419,0.013472186100420683
competition,without_sensitivity,overall,114,420,0.0048670209508077785
competition,without_sensitivity,overall,115,427,0.002900660109319115
competition,without_sensitivity,overall,116,429,0.010901421526806903
competition,without_sensitivity,overall,117,442,0.028529541236910202
competition,without_sensitivity,overall,118,446,0.018866752296824975
competition,without_sensitivity,overall,119,451,0.011295253705792199
competition,without_sensitivity,overall,120,455,0.004623249844284068
competition,without_sensitivity,overall,121,460,0.005323299670754504
competition,without_sensitivity,overall,122,462,0.01467816803829876
competition,without_sensitivity,overall,123,465,0.006160873214999358
competition,without_sensitivity,overall,124,474,0.008508076520821199
competition,without_sensitivity,overall,125,475,0.007940084788349384
competition,without_sensitivity,overall,126,477,0.003549101003735936
competition,without_sensitivity,overall,127,482,0.014574341965956552
competition,without_sensitivity,overall,128,484,0.011696162259835581
competition,without_sensitivity,overall,129,485,0.00577167527988016
competition,without_sensitivity,overall,130,492,0.013030628419569014
competition,without_sensitivity,overall,131,503,0.007886768330399564
competition,without_sensitivity,overall,132,506,0.003634203548986056
competition,without_sensitivity,overall,133,507,0.014533254254326682
competition,without_sensitivity,overall,134,508,0.015118900868658513
competition,without_sensitivity,overall,135,509,0.005618046661018071
competition,without_sensitivity,overall,136,523,0.009112213592828586
competition,without_sensitivity,overall,137,524,0.012218900550676192
competition,without_sensitivity,overall,138,525,0.004485590458674737
competition,without_sensitivity,overall,139,528,0.010365479700663174
competition,without_sensitivity,overall,140,529,0.004391813125809934
competition,without_sensitivity,overall,141,530,0.010429112398822124
competition,without_sensitivity,overall,142,533,0.011701259532308871
competition,without_sensitivity,overall,143,549,0.004911230666938932
competition,without_sensitivity,overall,144,557,0.01362374820941375
competition,without_sensitivity,overall,145,559,0.01176082051923062
competition,without_sensitivity,overall,146,563,0.004578162401220763
competition,without_sensitivity,overall,147,565,0.007475859283314172
competition,without_sensitivity,overall,148,566,0.013229224512988837
competition,without_sensitivity,overall,149,568,0.004771448948025298
competition,without_sensitivity,overall,150,574,0.006312400315655748
competition,without_sensitivity,overall,151,579,0.012861910066240788
competition,without_sensitivity,overall,152,589,0.005713933529677353
competition,without_sensitivity,overall,153,594,0.029915342090430837
competition,without_sensitivity,overall,154,597,0.004801753642946453
competition,without_sensitivity,overall,155,599,0.005549479756290881
competition,without_sensitivity,overall,156,605,0.05300364421323558
competition,without_sensitivity,overall,157,606,0.009108782363005696
competition,without_sensitivity,overall,158,610,0.008013679211024737
competition,without_sensitivity,overall,159,614,0.004855992154606875
competition,without_sensitivity,overall,160,615,0.006458516818257383
competition,without_sensitivity,overall,161,616,0.005975385129579649
competition,without_sensitivity,overall,162,618,0.008100070695374753
competition,without_sensitivity,overall,163,621,0.021838664008955126
competition,without_sensitivity,overall,164,623,0.008441586930984077
competition,without_sensitivity,overall,165,632,0.0072076616722357295
competition,without_sensitivity,overall,166,637,0.013444971837926005
competition,without_sensitivity,overall,167,641,0.00398225673833538
competition,without_sensitivity,overall,168,646,0.01045646948667839
competition,without_sensitivity,overall,169,653,0.005311561035232133
competition,without_sensitivity,overall,170,660,0.008061451252919391
competition,without_sensitivity,overall,171,664,0.012946287336760754
competition,without_sensitivity,overall,172,667,0.007210159048907711
competition,without_sensitivity,overall,173,673,0.013083930287058466
competition,without_sensitivity,overall,174,687,0.004125418499922972
competition,without_sensitivity,overall,175,697,0.004932235310824092
competition,without_sensitivity,overall,176,703,0.0058246971695134295
competition,without_sensitivity,overall,177,708,0.011078246676205087
competition,without_sensitivity,overall,178,710,0.006563698550236413
competition,without_sensitivity,overall,179,711,0.005512931636625709
competition,without_sensitivity,overall,180,718,0.003380082602449147
competition,without_sensitivity,overall,181,722,0.007474895375844559
competition,without_sensitivity,overall,182,724,0.003778079493861723
competition,without_sensitivity,overall,183,733,0.011833670286683567
competition,without_sensitivity,overall,184,737,0.004072621584752896
competition,without_sensitivity,overall,185,748,0.005179054043080471
competition,without_sensitivity,overall,186,749,0.00994321387399906
competition,without_sensitivity,overall,187,752,0.010828638556222712
competition,without_sensitivity,overall,188,753,0.00748599538265794
competition,without_sensitivity,overall,189,754,0.008079738216968885
competition,without_sensitivity,overall,190,759,0.005931479143208218
competition,without_sensitivity,overall,191,760,0.007585962904857417
competition,without_sensitivity,overall,192,761,0.008909401921757652
competition,without_sensitivity,overall,193,762,0.013618615337886284
competition,without_sensitivity,overall,194,769,0.01010680214180549
competition,without_sensitivity,overall,195,774,0.019027220744879062
competition,without_sensitivity,overall,196,776,0.01271998986717698
competition,without_sensitivity,overall,197,777,0.012830040104816087
competition,without_sensitivity,overall,198,778,0.005750740251395046
competition,without_sensitivity,overall,199,779,0.010994394968537033
competition,without_sensitivity,overall,200,780,0.029219329415643334
competition,without_sensitivity,overall,201,781,0.017930447433483154
competition,without_sensitivity,overall,202,783,0.01086129838052271
competition,without_sensitivity,overall,203,790,0.006101966143888994
competition,without_sensitivity,overall,204,797,0.007485701932669829
competition,without_sensitivity,overall,205,803,0.008058914546093079
competition,without_sensitivity,overall,206,805,0.013996782821320454
competition,without_sensitivity,overall,207,808,0.009224145865832286
competition,without_sensitivity,overall,208,809,0.003158449615520469
competition,without_sensitivity,overall,209,810,0.015925969757672482
competition,without_sensitivity,overall,210,811,0.004978087682271177
competition,without_sensitivity,overall,211,813,0.01554271245358795
competition,without_sensitivity,overall,212,815,0.004368133677755967
competition,without_sensitivity,overall,213,816,0.005692938476180719
competition,without_sensitivity,overall,214,831,0.0052279828799761605
competition,without_sensitivity,overall,215,836,0.010479920980488487
competition,without_sensitivity,overall,216,838,0.003701586377229149
competition,without_sensitivity,overall,217,841,0.01340768322857886
competition,without_sensitivity,overall,218,843,0.0066726419841441
competition,without_sensitivity,overall,219,845,0.0037695821475943686
competition,without_sensitivity,overall,220,846,0.015027255033055185
competition,without_sensitivity,overall,221,854,0.004991063129050788
competition,without_sensitivity,overall,222,859,0.011978064057616701
competition,without_sensitivity,overall,223,861,0.01815249840322026
competition,without_sensitivity,overall,224,862,0.004381602080941546
competition,without_sensitivity,overall,225,867,0.007901178462209708
competition,without_sensitivity,overall,226,869,0.019493259492634505
competition,without_sensitivity,overall,227,880,0.008816455756161811
competition,without_sensitivity,overall,228,886,0.005644625652725267
competition,without_sensitivity,overall,229,887,0.0051465831285964735
competition,without_sensitivity,overall,230,889,0.010311628009003133
competition,without_sensitivity,overall,231,891,0.0051914567015926925
competition,without_sensitivity,overall,232,893,0.005556732907476562
competition,without_sensitivity,overall,233,895,0.021220030795943694
competition,without_sensitivity,overall,234,906,0.009798243042403018
competition,without_sensitivity,overall,235,908,0.008007053874255031
competition,without_sensitivity,overall,236,912,0.008251950491695468
competition,without_sensitivity,overall,237,913,0.010621607554701939
competition,without_sensitivity,overall,238,916,0.004586719181519911
competition,without_sensitivity,overall,239,919,0.00493082893211125
competition,without_sensitivity,overall,240,929,0.005268979021071498
competition,without_sensitivity,overall,241,934,0.019147466406979625
competition,without_sensitivity,overall,242,942,0.020210667169741542
competition,without_sensitivity,overall,243,944,0.004976787142605971
competition,without_sensitivity,overall,244,947,0.005267825605212973
competition,without_sensitivity,overall,245,950,0.017504524484596662
competition,without_sensitivity,overall,246,956,0.011359718843872945
competition,without_sensitivity,overall,247,960,0.008013184637759779
competition,without_sensitivity,overall,248,965,0.007463916924755452
competition,without_sensitivity,overall,249,967,0.006894009151685751
competition,without_sensitivity,overall,250,970,0.003686629931323749
competition,without_sensitivity,overall,251,972,0.013912350492932398
competition,without_sensitivity,overall,252,976,0.01411376060779707
competition,without_sensitivity,overall,253,981,0.005266881329951229
competition,without_sensitivity,overall,254,982,0.00500081202466902
competition,without_sensitivity,overall,255,990,0.012286093648494244
competition,without_sensitivity,overall,256,991,0.017726907904829815
competition,without_sensitivity,overall,257,996,0.009274687106495988
competition,without_sensitivity,overall,258,1007,0.00502613001548877
competition,without_sensitivity,overall,259,1013,0.005450811514017379
competition,without_sensitivity,overall,260,1018,0.015301711098156577
competition,without_sensitivity,overall,261,1019,0.007758092258966439
competition,without_sensitivity,overall,262,1023,0.013705898410309073
competition,without_sensitivity,overall,263,1024,0.0036299486600500273
competition,without_sensitivity,overall,264,1025,0.00425790172719721
competition,without_sensitivity,overall,265,1032,0.007358552789134949
competition,without_sensitivity,overall,266,1033,0.014497918434873167
competition,without_sensitivity,overall,267,1037,0.006383634968799752
competition,without_sensitivity,overall,268,1039,0.01075620561502619
competition,without_sensitivity,overall,269,1041,0.005100351941959462
competition,without_sensitivity,overall,270,1043,0.013297998351771069
competition,without_sensitivity,overall,271,1044,0.011491627057925708
competition,without_sensitivity,overall,272,1049,0.004900535658849174
competition,without_sensitivity,overall,273,1050,0.010314528641764286
competition,without_sensitivity,overall,274,1061,0.004817483285277641
competition,without_sensitivity,overall,275,1062,0.004274731900671464
competition,without_sensitivity,overall,276,1064,0.004881060488825643
competition,without_sensitivity,overall,277,1065,0.016271443544267766
competition,without_sensitivity,overall,278,1066,0.011811663132807675
competition,without_sensitivity,overall,279,1077,0.010653043137051958
competition,without_sensitivity,overall,280,1083,0.010418102970467632
competition,without_sensitivity,overall,281,1085,0.0037575959275657697
competition,without_sensitivity,overall,282,1086,0.017226211054633785
competition,without_sensitivity,overall,283,1087,0.00613409532120688
competition,without_sensitivity,overall,284,1088,0.007465888446477835
competition,without_sensitivity,overall,285,1094,0.009838175977806674
competition,without_sensitivity,overall,286,1097,0.006396967800558369
competition,without_sensitivity,overall,287,1102,0.0039234286134771906
competition,without_sensitivity,overall,288,1103,0.010166016089651366
competition,without_sensitivity,overall,289,1108,0.006535586227914396
competition,without_sensitivity,overall,290,1109,0.010023945633838653
competition,without_sensitivity,overall,291,1111,0.01280923807878008
competition,without_sensitivity,overall,292,1112,0.010140116577000622
competition,without_sensitivity,overall,293,1125,0.0065620764268077125
competition,without_sensitivity,overall,294,1126,0.004796713429401529
competition,without_sensitivity,overall,295,1129,0.013046937758833099
competition,without_sensitivity,overall,296,1132,0.00609925678489809
competition,without_sensitivity,overall,297,1134,0.006738213070744929
competition,without_sensitivity,overall,298,1148,0.0038259968766255034
competition,without_sensitivity,overall,299,1157,0.010176326337571278
competition,without_sensitivity,overall,300,1161,0.002574206520541916
competition,without_sensitivity,overall,301,1162,0.021243850901488066
competition,without_sensitivity,overall,302,1163,0.014205433716764207
competition,without_sensitivity,overall,303,1164,0.005471441619603162
competition,without_sensitivity,overall,304,1165,0.0059172273972799795
competition,without_sensitivity,overall,305,1167,0.00374129399851088
competition,without_sensitivity,overall,306,1168,0.005982536110441393
competition,without_sensitivity,overall,307,1169,0.00813854706118998
competition,without_sensitivity,overall,308,1174,0.005291375700506891
competition,without_sensitivity,overall,309,1180,0.004922608529701443
competition,without_sensitivity,overall,310,1182,0.009687513939500372
competition,without_sensitivity,overall,311,1185,0.006055644005088008
competition,without_sensitivity,overall,312,1191,0.007928786642559039
competition,without_sensitivity,overall,313,1193,0.01235718503087102
competition,without_sensitivity,overall,314,1194,0.005358853604536762
competition,without_sensitivity,overall,315,1200,0.005078107368352228
competition,without_sensitivity,overall,316,1203,0.011983497556487139
competition,without_sensitivity,overall,317,1206,0.019538873963392652
competition,without_sensitivity,overall,318,1208,0.004880264990756298
competition,without_sensitivity,overall,319,1214,0.005967745871701651
competition,without_sensitivity,overall,320,1215,0.0038812895465076057
competition,without_sensitivity,overall,321,1216,0.011517623703685455
competition,without_sensitivity,overall,322,1217,0.018811622413375598
competition,without_sensitivity,overall,323,1220,0.006897665910661716
competition,without_sensitivity,overall,324,1235,0.005972941357243409
competition,without_sensitivity,overall,325,1240,0.01161223819955647
competition,without_sensitivity,overall,326,1243,0.006958229894452986
competition,without_sensitivity,overall,327,1245,0.007979527343050515
competition,without_sensitivity,overall,328,1250,0.017637727769660265
competition,without_sensitivity,overall,329,1251,0.007107264474381748
competition,without_sensitivity,overall,330,1254,0.009741307893999794
competition,without_sensitivity,overall,331,1256,0.0052556295009597255
competition,without_sensitivity,overall,332,1260,0.0033704065427519257
competition,without_sensitivity,overall,333,1262,0.005160782345320784
competition,without_sensitivity,overall,334,1266,0.025355382750808945
competition,without_sensitivity,overall,335,1267,0.009964971557545098
competition,without_sensitivity,overall,336,1274,0.0048920313510644265
competition,without_sensitivity,overall,337,1275,0.018799864440356504
competition,without_sensitivity,overall,338,1277,0.0060092303042080936
competition,without_sensitivity,overall,339,1278,0.006503429350454553
competition,without_sensitivity,overall,340,1284,0.006646669222364031
competition,without_sensitivity,overall,341,1285,0.005774869589308892
competition,without_sensitivity,overall,342,1286,0.008059097485501435
competition,without_sensitivity,overall,343,1287,0.01967108092475646
competition,without_sensitivity,overall,344,1291,0.005403595101515544
competition,without_sensitivity,overall,345,1292,0.012861476348531171
competition,without_sensitivity,overall,346,1293,0.01307688576493253
competition,without_sensitivity,overall,347,1294,0.004260137044025102
competition,without_sensitivity,overall,348,1298,0.016914137079069705
competition,without_sensitivity,overall,349,1299,0.0047198472699120685
competition,without_sensitivity,overall,350,1306,0.00458774774597565
competition,without_sensitivity,overall,351,1307,0.004799104029671738
competition,without_sensitivity,overall,352,1314,0.008706096259669215
competition,without_sensitivity,overall,353,1319,0.00803751446632003
competition,without_sensitivity,overall,354,1326,0.007569243468274897
competition,without_sensitivity,overall,355,1327,0.009455993648269852
competition,without_sensitivity,overall,356,1331,0.00625268374602877
competition,without_sensitivity,overall,357,1340,0.011429589416800274
competition,without_sensitivity,overall,358,1343,0.01071318778522461
competition,without_sensitivity,overall,359,1344,0.0042857418622597124
competition,without_sensitivity,overall,360,1346,0.01141208118243117
competition,without_sensitivity,overall,361,1350,0.004324461859827006
competition,without_sensitivity,overall,362,1367,0.008249371130745824
competition,without_sensitivity,overall,363,1368,0.013300485260837023
competition,without_sensitivity,overall,364,1369,0.006159193903005394
competition,without_sensitivity,overall,365,1373,0.013912725601051864
competition,without_sensitivity,overall,366,1379,0.007846752124188476
competition,without_sensitivity,overall,367,1382,0.01125685938842499
competition,without_sensitivity,overall,368,1385,0.004795550272908296
competition,without_sensitivity,overall,369,1387,0.007065183386289287
competition,without_sensitivity,overall,370,1392,0.017090353748550474
competition,without_sensitivity,overall,371,1395,0.017049095111599466
competition,without_sensitivity,overall,372,1398,0.0089442777039741
competition,without_sensitivity,overall,373,1402,0.009447771112825097
competition,without_sensitivity,overall,374,1403,0.005596800382390215
competition,without_sensitivity,overall,375,1404,0.013395304033930803
competition,without_sensitivity,overall,376,1411,0.010831789166341081
competition,without_sensitivity,overall,377,1412,0.00909980711784801
competition,without_sensitivity,overall,378,1416,0.01633222316466952
competition,without_sensitivity,overall,379,1423,0.0032509593537640422
competition,without_sensitivity,overall,380,1427,0.004627750173570308
competition,without_sensitivity,overall,381,1432,0.021952946480030166
competition,without_sensitivity,overall,382,1433,0.005994680430424853
competition,without_sensitivity,overall,383,1437,0.01130536626356711
competition,without_sensitivity,overall,384,1442,0.01509215276515961
competition,without_sensitivity,overall,385,1445,0.009023995440794847
competition,without_sensitivity,overall,386,1448,0.01859639818106752
competition,without_sensitivity,overall,387,1452,0.0027946128676734267
competition,without_sensitivity,overall,388,1453,0.012419250905714616
competition,without_sensitivity,overall,389,1470,0.0051421634405819355
competition,without_sensitivity,overall,390,1483,0.004482792173062165
competition,without_sensitivity,overall,391,1488,0.005017232013416731
competition,without_sensitivity,overall,392,1491,0.007127901665343336
competition,without_sensitivity,overall,393,1494,0.004485932357005878
competition,without_sensitivity,overall,394,1495,0.006551701114906568
competition,without_sensitivity,overall,395,1503,0.004073505215181144
competition,without_sensitivity,overall,396,1504,0.014035151160516887
competition,without_sensitivity,overall,397,1508,0.00674214224013252
competition,without_sensitivity,overall,398,1512,0.019677117301292367
competition,without_sensitivity,overall,399,1526,0.005185841442209827
competition,without_sensitivity,overall,400,1529,0.01602401882878885
competition,without_sensitivity,overall,401,1534,0.007295816787734791
competition,without_sensitivity,overall,402,1554,0.014419756204932157
competition,without_sensitivity,overall,403,1567,0.007946041108858102
competition,without_sensitivity,overall,404,1569,0.016529209711221536
competition,without_sensitivity,overall,405,1571,0.010925752584043592
competition,without_sensitivity,overall,406,1575,0.008936241912626973
competition,without_sensitivity,overall,407,1580,0.004840207964038719
competition,without_sensitivity,overall,408,1584,0.005281316767574317
competition,without_sensitivity,overall,409,1585,0.007850719953639205
competition,without_sensitivity,overall,410,1593,0.006277416108208562
competition,without_sensitivity,overall,411,1594,0.013758277148869708
competition,without_sensitivity,overall,412,1598,0.007598621826468573
competition,without_sensitivity,overall,413,1599,0.015151682562807894
competition,without_sensitivity,overall,414,1601,0.006366283237990964
competition,without_sensitivity,overall,415,1605,0.005394158721891147
competition,without_sensitivity,overall,416,1623,0.00586881717233504
competition,without_sensitivity,overall,417,1627,0.0058646964020271294
competition,without_sensitivity,overall,418,1628,0.004242925467765988
competition,without_sensitivity,overall,419,1629,0.0247478070122888
competition,without_sensitivity,overall,420,1634,0.012281825554771905
competition,without_sensitivity,overall,421,1637,0.014928850938815928
competition,without_sensitivity,overall,422,1640,0.003955208849194503
competition,without_sensitivity,overall,423,1643,0.005570458258836543
competition,without_sensitivity,overall,424,1644,0.0061849069438921185
competition,without_sensitivity,overall,425,1648,0.002834797505108383
competition,without_sensitivity,overall,426,1657,0.01612166879321939
competition,without_sensitivity,overall,427,1675,0.004622887304704913
competition,without_sensitivity,overall,428,1682,0.0038574466251245516
competition,without_sensitivity,overall,429,1695,0.01860005532366479
competition,without_sensitivity,overall,430,1697,0.002974133521885398
competition,without_sensitivity,overall,431,1706,0.01223778687304474
competition,without_sensitivity,overall,432,1715,0.012189498372540127
competition,without_sensitivity,overall,433,1717,0.007601397233364044
competition,without_sensitivity,overall,434,1718,0.005774948042354049
competition,without_sensitivity,overall,435,1720,0.0028279546782188367
competition,without_sensitivity,overall,436,1725,0.003519008972576251
competition,without_sensitivity,overall,437,1729,0.004771705740094123
competition,without_sensitivity,overall,438,1733,0.005897895563100998
competition,without_sensitivity,overall,439,1735,0.013246485425729492
competition,without_sensitivity,overall,440,1736,0.003313985901535592
competition,without_sensitivity,overall,441,1738,0.002977665689396322
competition,without_sensitivity,overall,442,1739,0.005141651425736957
competition,without_sensitivity,overall,443,1743,0.0035460432680412247
competition,without_sensitivity,overall,444,1745,0.026425340607104473
competition,without_sensitivity,overall,445,1755,0.011286624215779428
competition,without_sensitivity,overall,446,1760,0.008070827771340027
competition,without_sensitivity,overall,447,1764,0.02353184302025281
competition,without_sensitivity,overall,448,1767,0.005981637410041161
competition,without_sensitivity,overall,449,1771,0.01304822309119761
competition,without_sensitivity,overall,450,1776,0.006143634153945412
competition,without_sensitivity,overall,451,1784,0.004498669830901117
competition,without_sensitivity,overall,452,1788,0.011774570284338105
competition,without_sensitivity,overall,453,1794,0.005994389228050323
competition,without_sensitivity,overall,454,1796,0.006979699377348531
competition,without_sensitivity,overall,455,1798,0.008753083928868194
competition,without_sensitivity,overall,456,1800,0.012503912609632665
competition,without_sensitivity,overall,457,1802,0.015640482774634805
competition,without_sensitivity,overall,458,1804,0.006733096003847217
competition,without_sensitivity,overall,459,1808,0.014007094656657091
competition,without_sensitivity,overall,460,1815,0.008271942990278692
competition,without_sensitivity,overall,461,1817,0.0053024341733137826
competition,without_sensitivity,overall,462,1819,0.016482981888906997
competition,without_sensitivity,overall,463,1823,0.014182888507575342
competition,without_sensitivity,overall,464,1826,0.007566972057320643
competition,without_sensitivity,overall,465,1834,0.014122659181739784
competition,without_sensitivity,overall,466,1836,0.004358745956468697
competition,without_sensitivity,overall,467,1840,0.025015505895873494
competition,without_sensitivity,overall,468,1850,0.007035737139411675
competition,without_sensitivity,overall,469,1854,0.013147942809099497
competition,without_sensitivity,overall,470,1860,0.013432403391103253
competition,without_sensitivity,overall,471,1862,0.013125882913550668
competition,without_sensitivity,overall,472,1866,0.005653499230605246
competition,without_sensitivity,overall,473,1868,0.009202130438905512
competition,without_sensitivity,overall,474,1869,0.006667806135290167
competition,without_sensitivity,overall,475,1870,0.010002345753453745
competition,without_sensitivity,overall,476,1872,0.0068523729439600445
competition,without_sensitivity,overall,477,1877,0.034953790602763865
competition,without_sensitivity,overall,478,1881,0.005298325345916211
competition,without_sensitivity,overall,479,1895,0.009290508389583806
competition,without_sensitivity,overall,480,1899,0.0035134252061339846
competition,without_sensitivity,overall,481,1902,0.014984230615774566
competition,without_sensitivity,overall,482,1910,0.004554860226316183
competition,without_sensitivity,overall,483,1913,0.008553572637842613
competition,without_sensitivity,overall,484,1915,0.005389800522343875
competition,without_sensitivity,overall,485,1916,0.004354153504862475
competition,without_sensitivity,overall,486,1918,0.011496462464617616
competition,without_sensitivity,overall,487,1919,0.02715221809112448
competition,without_sensitivity,overall,488,1926,0.005490798643475799
competition,without_sensitivity,overall,489,1932,0.01833753026859267
competition,without_sensitivity,overall,490,1935,0.015965321110213544
competition,without_sensitivity,overall,491,1952,0.008512207814344494
competition,without_sensitivity,overall,492,1953,0.010141603490711568
competition,without_sensitivity,overall,493,1956,0.009346450111570571
competition,without_sensitivity,overall,494,1958,0.007700268622650036
competition,without_sensitivity,overall,495,1962,0.004536464133242544
competition,without_sensitivity,overall,496,1963,0.00563813142184563
competition,without_sensitivity,overall,497,1967,0.009872880482230641
competition,without_sensitivity,overall,498,1972,0.0072973669598413215
competition,without_sensitivity,overall,499,1979,0.011244723398756594
competition,without_sensitivity,overall,500,1983,0.004263474701332743
competition,without_sensitivity,overall,501,1985,0.0033111842553075524
competition,without_sensitivity,overall,502,2008,0.010658038776850837
competition,without_sensitivity,overall,503,2009,0.004485554075941491
competition,without_sensitivity,overall,504,2010,0.006445611964600817
competition,without_sensitivity,overall,505,2015,0.012273664353285894
competition,without_sensitivity,overall,506,2016,0.022467896406422834
competition,without_sensitivity,overall,507,2022,0.009310303387356339
competition,without_sensitivity,overall,508,2024,0.0033950361905972903
competition,without_sensitivity,overall,509,2033,0.00815858968674526
competition,without_sensitivity,overall,510,2038,0.012315750228271177
competition,without_sensitivity,overall,511,2045,0.00566098347927362
competition,without_sensitivity,r1,0,0,0.017720305854025963
competition,without_sensitivity,r1,1,8,0.014046413737320972
competition,without_sensitivity,r1,2,10,0.004362680035508979
competition,without_sensitivity,r1,3,11,0.01137643943176155
competition,without_sensitivity,r1,4,12,0.018473971411403858
competition,without_sensitivity,r1,5,16,0.015596826847029678
competition,without_sensitivity,r1,6,28,0.00530578570367429
competition,without_sensitivity,r1,7,32,0.004914304248955226
competition,without_sensitivity,r1,8,33,0.006956685564986541
competition,without_sensitivity,r1,9,38,0.01617213047881717
competition,without_sensitivity,r1,10,43,0.007506044719912593
competition,without_sensitivity,r1,11,44,0.009718244003510717
competition,without_sensitivity,r1,12,47,0.005493566715620303
competition,without_sensitivity,r1,13,57,0.021661461971060465
competition,without_sensitivity,r1,14,58,0.008182284725587775
competition,without_sensitivity,r1,15,59,0.0107356767947381
competition,without_sensitivity,r1,16,63,0.009109541130813486
competition,without_sensitivity,r1,17,66,0.0048011764220152
competition,without_sensitivity,r1,18,72,0.0030637441005456384
competition,without_sensitivity,r1,19,73,0.006017648503923712
competition,without_sensitivity,r1,20,83,0.01436794214454795
competition,without_sensitivity,r1,21,86,0.004654806138640568
competition,without_sensitivity,r1,22,87,0.004575435292191101
competition,without_sensitivity,r1,23,88,0.004670949536266088
competition,without_sensitivity,r1,24,89,0.007915720773144523
competition,without_sensitivity,r1,25,90,0.02168571838304932
competition,without_sensitivity,r1,26,92,0.005825170456042
competition,without_sensitivity,r1,27,93,0.006205889852926573
competition,without_sensitivity,r1,28,99,0.007179008666099819
competition,without_sensitivity,r1,29,105,0.0052056989426734574
competition,without_sensitivity,r1,30,108,0.013939166937570134
competition,without_sensitivity,r1,31,109,0.003980684411373683
competition,without_sensitivity,r1,32,111,0.011995701362078686
competition,without_sensitivity,r1,33,112,0.01673762189226732
competition,without_sensitivity,r1,34,116,0.0074384387884780705
competition,without_sensitivity,r1,35,119,0.002015504038649425
competition,without_sensitivity,r1,36,126,0.0074203916211155714
competition,without_sensitivity,r1,37,128,0.004912436996242188
competition,without_sensitivity,r1,38,129,0.005969276549608523
competition,without_sensitivity,r1,39,132,0.003577469603687567
competition,without_sensitivity,r1,40,140,0.0050786711280061125
competition,without_sensitivity,r1,41,142,0.014828151626506986
competition,without_sensitivity,r1,42,146,0.003986558893447214
competition,without_sensitivity,r1,43,157,0.009331936102395683
competition,without_sensitivity,r1,44,158,0.010983192210633735
competition,without_sensitivity,r1,45,162,0.00396813395337071
competition,without_sensitivity,r1,46,167,0.01245530223702719
competition,without_sensitivity,r1,47,169,0.02304437491525684
competition,without_sensitivity,r1,48,171,0.01006038624225838
competition,without_sensitivity,r1,49,175,0.005116924982315397
competition,without_sensitivity,r1,50,183,0.00251484090792943
competition,without_sensitivity,r1,51,185,0.003052582389890909
competition,without_sensitivity,r1,52,188,0.008463992713533486
competition,without_sensitivity,r1,53,189,0.006873588004414461
competition,without_sensitivity,r1,54,191,0.010876577597407344
competition,without_sensitivity,r1,55,193,0.003827070370509292
competition,without_sensitivity,r1,56,194,0.00483210422547979
competition,without_sensitivity,r1,57,196,0.008781928499769234
competition,without_sensitivity,r1,58,199,0.005827283840393052
competition,without_sensitivity,r1,59,206,0.0123893325728883
competition,without_sensitivity,r1,60,207,0.017791335265265624
competition,without_sensitivity,r1,61,211,0.007996531619671277
competition,without_sensitivity,r1,62,214,0.003846734652722173
competition,without_sensitivity,r1,63,215,0.01615611014283481
competition,without_sensitivity,r1,64,216,0.0020447833978990133
competition,without_sensitivity,r1,65,217,0.006435190152142769
competition,without_sensitivity,r1,66,218,0.004869091523768373
competition,without_sensitivity,r1,67,219,0.00810132511634069
competition,without_sensitivity,r1,68,227,0.00989761153079159
competition,without_sensitivity,r1,69,231,0.005122355162625984
competition,without_sensitivity,r1,70,239,0.004385715726629404
competition,without_sensitivity,r1,71,240,0.004635213222876792
competition,without_sensitivity,r1,72,244,0.006935476639868987
competition,without_sensitivity,r1,73,245,0.013219868650642307
competition,without_sensitivity,r1,74,246,0.010835028520688983
competition,without_sensitivity,r1,75,248,0.00372414144584531
competition,without_sensitivity,r1,76,251,0.010148974326752717
competition,without_sensitivity,r1,77,255,0.003351447192456607
competition,without_sensitivity,r1,78,264,0.002958669294046258
competition,without_sensitivity,r1,79,268,0.02398830436201896
competition,without_sensitivity,r1,80,269,0.004283752202255378
competition,without_sensitivity,r1,81,273,0.01394493290834767
competition,without_sensitivity,r1,82,282,0.0038054291004616997
competition,without_sensitivity,r1,83,283,0.009732037292023798
competition,without_sensitivity,r1,84,285,0.0030138646265339976
competition,without_sensitivity,r1,85,286,0.0043492774925854094
competition,without_sensitivity,r1,86,287,0.0026577155236713703
competition,without_sensitivity,r1,87,297,0.007688550049128651
competition,without_sensitivity,r1,88,302,0.007028155071766786
competition,without_sensitivity,r1,89,303,0.005250060110250354
competition,without_sensitivity,r1,90,306,0.0040478281630250855
competition,without_sensitivity,r1,91,307,0.004207317534200851
competition,without_sensitivity,r1,92,315,0.0039051232051783434
competition,without_sensitivity,r1,93,321,0.002916618307955546
competition,without_sensitivity,r1,94,322,0.01751611312909676
competition,without_sensitivity,r1,95,327,0.005473623936106647
competition,without_sensitivity,r1,96,328,0.00457235509148302
competition,without_sensitivity,r1,97,329,0.014599797231310248
competition,without_sensitivity,r1,98,332,0.003939709395484596
competition,without_sensitivity,r1,99,333,0.004172889023089668
competition,without_sensitivity,r1,100,335,0.004688266988746086
competition,without_sensitivity,r1,101,337,0.007582243624705474
competition,without_sensitivity,r1,102,340,0.005180327991002065
competition,without_sensitivity,r1,103,353,0.013545950488132643
competition,without_sensitivity,r1,104,367,0.010764032294376698
competition,without_sensitivity,r1,105,375,0.0069281489847812265
competition,without_sensitivity,r1,106,385,0.005068287353211871
competition,without_sensitivity,r1,107,388,0.0037533310553617837
competition,without_sensitivity,r1,108,407,0.02331877313766896
competition,without_sensitivity,r1,109,408,0.009137265513234669
competition,without_sensitivity,r1,110,410,0.005588107473878638
competition,without_sensitivity,r1,111,411,0.006513510543618367
competition,without_sensitivity,r1,112,416,0.008982834255625871
competition,without_sensitivity,r1,113,419,0.014137962416517016
competition,without_sensitivity,r1,114,420,0.003970106048631176
competition,without_sensitivity,r1,115,427,0.0023897857584340505
competition,without_sensitivity,r1,116,429,0.010924004960450096
competition,without_sensitivity,r1,117,442,0.0287871899180297
competition,without_sensitivity,r1,118,446,0.016881343396172286
competition,without_sensitivity,r1,119,451,0.013304193099782893
competition,without_sensitivity,r1,120,455,0.005665008780482937
competition,without_sensitivity,r1,121,460,0.004394987496236058
competition,without_sensitivity,r1,122,462,0.019205667335078367
competition,without_sensitivity,r1,123,465,0.006260274025361998
competition,without_sensitivity,r1,124,474,0.008309085775191311
competition,without_sensitivity,r1,125,475,0.009004972749897713
competition,without_sensitivity,r1,126,477,0.0051277659291567535
competition,without_sensitivity,r1,127,482,0.00921409102646102
competition,without_sensitivity,r1,128,484,0.00459129320906726
competition,without_sensitivity,r1,129,485,0.0038834263686117936
competition,without_sensitivity,r1,130,492,0.01137928639785943
competition,without_sensitivity,r1,131,503,0.012404704400671923
competition,without_sensitivity,r1,132,506,0.0023995741403037988
competition,without_sensitivity,r1,133,507,0.005501673727411527
competition,without_sensitivity,r1,134,508,0.012067747672894352
competition,without_sensitivity,r1,135,509,0.004473799867054839
competition,without_sensitivity,r1,136,523,0.012426910448033344
competition,without_sensitivity,r1,137,524,0.010188927140539124
competition,without_sensitivity,r1,138,525,0.004667031750861946
competition,without_sensitivity,r1,139,528,0.008718603732679884
competition,without_sensitivity,r1,140,529,0.0035442748172780356
competition,without_sensitivity,r1,141,530,0.006822095906987123
competition,without_sensitivity,r1,142,533,0.01612789637730258
competition,without_sensitivity,r1,143,549,0.0028103028839715108
competition,without_sensitivity,r1,144,557,0.004898865350487621
competition,without_sensitivity,r1,145,559,0.009717065521633898
competition,without_sensitivity,r1,146,563,0.004091652199562865
competition,without_sensitivity,r1,147,565,0.00370823677516684
competition,without_sensitivity,r1,148,566,0.005277678436907848
competition,without_sensitivity,r1,149,568,0.0051507469590519805
competition,without_sensitivity,r1,150,574,0.006059542213583772
competition,without_sensitivity,r1,151,579,0.015447164752565974
competition,without_sensitivity,r1,152,589,0.004986730481412911
competition,without_sensitivity,r1,153,594,0.030954624638400048
competition,without_sensitivity,r1,154,597,0.005223624547047794
competition,without_sensitivity,r1,155,599,0.0049395014817455556
competition,without_sensitivity,r1,156,605,0.03466366484759769
competition,without_sensitivity,r1,157,606,0.017381314887679175
competition,without_sensitivity,r1,158,610,0.010646828360342073
competition,without_sensitivity,r1,159,614,0.0044376969423136105
competition,without_sensitivity,r1,160,615,0.005166840364414507
competition,without_sensitivity,r1,161,616,0.003723571065631595
competition,without_sensitivity,r1,162,618,0.005007479930395435
competition,without_sensitivity,r1,163,621,0.005864660718016845
competition,without_sensitivity,r1,164,623,0.009145935883951135
competition,without_sensitivity,r1,165,632,0.00863627879305508
competition,without_sensitivity,r1,166,637,0.023642153689274116
competition,without_sensitivity,r1,167,641,0.0032149434539088
competition,without_sensitivity,r1,168,646,0.0033174424570432915
competition,without_sensitivity,r1,169,653,0.005313132110254374
competition,without_sensitivity,r1,170,660,0.011005356248285001
competition,without_sensitivity,r1,171,664,0.011330338411614502
competition,without_sensitivity,r1,172,667,0.004123120472373304
competition,without_sensitivity,r1,173,673,0.004917330273632753
competition,without_sensitivity,r1,174,687,0.004218563526896627
competition,without_sensitivity,r1,175,697,0.004405171257141326
competition,without_sensitivity,r1,176,703,0.004388080339145133
competition,without_sensitivity,r1,177,708,0.010181550748305616
competition,without_sensitivity,r1,178,710,0.005829499288429312
competition,without_sensitivity,r1,179,711,0.004758606154478639
competition,without_sensitivity,r1,180,718,0.003931879774866838
competition,without_sensitivity,r1,181,722,0.008115476815814197
competition,without_sensitivity,r1,182,724,0.00486563501837472
competition,without_sensitivity,r1,183,733,0.012104746652625134
competition,without_sensitivity,r1,184,737,0.002694988169317563
competition,without_sensitivity,r1,185,748,0.007292281505562293
competition,without_sensitivity,r1,186,749,0.009968165671877655
competition,without_sensitivity,r1,187,752,0.006213415783106835
competition,without_sensitivity,r1,188,753,0.007836753869483949
competition,without_sensitivity,r1,189,754,0.00592967393326632
competition,without_sensitivity,r1,190,759,0.003974876247328243
competition,without_sensitivity,r1,191,760,0.008534133231532999
competition,without_sensitivity,r1,192,761,0.010012653239732583
competition,without_sensitivity,r1,193,762,0.009844440889238961
competition,without_sensitivity,r1,194,769,0.004388501756857486
competition,without_sensitivity,r1,195,774,0.014586541668848667
competition,without_sensitivity,r1,196,776,0.004715014856850595
competition,without_sensitivity,r1,197,777,0.0042477420465201875
competition,without_sensitivity,r1,198,778,0.0034825395141658355
competition,without_sensitivity,r1,199,779,0.009111347302089576
competition,without_sensitivity,r1,200,780,0.018744192146627064
competition,without_sensitivity,r1,201,781,0.004460227538570506
competition,without_sensitivity,r1,202,783,0.009059409547278111
competition,without_sensitivity,r1,203,790,0.006800234913584053
competition,without_sensitivity,r1,204,797,0.008621217775511617
competition,without_sensitivity,r1,205,803,0.0021806846337267404
competition,without_sensitivity,r1,206,805,0.010483260365432108
competition,without_sensitivity,r1,207,808,0.00735962336860998
competition,without_sensitivity,r1,208,809,0.0019437441015897256
competition,without_sensitivity,r1,209,810,0.01202637965098646
competition,without_sensitivity,r1,210,811,0.004709875602171381
competition,without_sensitivity,r1,211,813,0.01702084694834752
competition,without_sensitivity,r1,212,815,0.0053836567201224605
competition,without_sensitivity,r1,213,816,0.005012887468890078
competition,without_sensitivity,r1,214,831,0.005113474792089876
competition,without_sensitivity,r1,215,836,0.011913945950425135
competition,without_sensitivity,r1,216,838,0.003288020863852166
competition,without_sensitivity,r1,217,841,0.013383249971649133
competition,without_sensitivity,r1,218,843,0.0023985989678286836
competition,without_sensitivity,r1,219,845,0.005987914084164148
competition,without_sensitivity,r1,220,846,0.021990715847502805
competition,without_sensitivity,r1,221,854,0.004592944570764395
competition,without_sensitivity,r1,222,859,0.005203157645528021
competition,without_sensitivity,r1,223,861,0.026231138983311208
competition,without_sensitivity,r1,224,862,0.004403482813111891
competition,without_sensitivity,r1,225,867,0.00572100201165072
competition,without_sensitivity,r1,226,869,0.01737614995686647
competition,without_sensitivity,r1,227,880,0.005963466469248438
competition,without_sensitivity,r1,228,886,0.004069017138381245
competition,without_sensitivity,r1,229,887,0.005345334869548148
competition,without_sensitivity,r1,230,889,0.015735214383523096
competition,without_sensitivity,r1,231,891,0.005275969450747091
competition,without_sensitivity,r1,232,893,0.004158918066745842
competition,without_sensitivity,r1,233,895,0.02249011775026195
competition,without_sensitivity,r1,234,906,0.00924840834204622
competition,without_sensitivity,r1,235,908,0.005263183026222901
competition,without_sensitivity,r1,236,912,0.012208797431564862
competition,without_sensitivity,r1,237,913,0.011176136556840263
competition,without_sensitivity,r1,238,916,0.003418467824766537
competition,without_sensitivity,r1,239,919,0.006048113883912518
competition,without_sensitivity,r1,240,929,0.003519985343844401
competition,without_sensitivity,r1,241,934,0.015151810952256643
competition,without_sensitivity,r1,242,942,0.022507428930518217
competition,without_sensitivity,r1,243,944,0.0038407838236429108
competition,without_sensitivity,r1,244,947,0.004345083014803385
competition,without_sensitivity,r1,245,950,0.018955255255796232
competition,without_sensitivity,r1,246,956,0.016293013280630566
competition,without_sensitivity,r1,247,960,0.010052046654505212
competition,without_sensitivity,r1,248,965,0.007818098387922906
competition,without_sensitivity,r1,249,967,0.00664817436394667
competition,without_sensitivity,r1,250,970,0.002783976271690995
competition,without_sensitivity,r1,251,972,0.0052619251298735665
competition,without_sensitivity,r1,252,976,0.008516555076190351
competition,without_sensitivity,r1,253,981,0.00628022240118828
competition,without_sensitivity,r1,254,982,0.004405596675732279
competition,without_sensitivity,r1,255,990,0.00984704993398611
competition,without_sensitivity,r1,256,991,0.01619066927713235
competition,without_sensitivity,r1,257,996,0.0066751199149468225
competition,without_sensitivity,r1,258,1007,0.004952877235149731
competition,without_sensitivity,r1,259,1013,0.0052250650714924796
competition,without_sensitivity,r1,260,1018,0.006447498928579053
competition,without_sensitivity,r1,261,1019,0.013069447873682275
competition,without_sensitivity,r1,262,1023,0.026166014574068648
competition,without_sensitivity,r1,263,1024,0.003202042561808073
competition,without_sensitivity,r1,264,1025,0.00394515395205597
competition,without_sensitivity,r1,265,1032,0.006144121230439535
competition,without_sensitivity,r1,266,1033,0.025663208284704534
competition,without_sensitivity,r1,267,1037,0.010058456915866768
competition,without_sensitivity,r1,268,1039,0.010921956299463721
competition,without_sensitivity,r1,269,1041,0.004521340205785064
competition,without_sensitivity,r1,270,1043,0.019556231970044205
competition,without_sensitivity,r1,271,1044,0.004222576509436309
competition,without_sensitivity,r1,272,1049,0.0048393436626429755
competition,without_sensitivity,r1,273,1050,0.006278784777137162
competition,without_sensitivity,r1,274,1061,0.0034221123554846536
competition,without_sensitivity,r1,275,1062,0.00429985970980408
competition,without_sensitivity,r1,276,1064,0.00352586171531307
competition,without_sensitivity,r1,277,1065,0.01613334225222807
competition,without_sensitivity,r1,278,1066,0.007406504771764835
competition,without_sensitivity,r1,279,1077,0.015238539544677613
competition,without_sensitivity,r1,280,1083,0.0040592901537518464
competition,without_sensitivity,r1,281,1085,0.002988669982487582
competition,without_sensitivity,r1,282,1086,0.0059095226932396145
competition,without_sensitivity,r1,283,1087,0.007816402490801953
competition,without_sensitivity,r1,284,1088,0.005136225381246587
competition,without_sensitivity,r1,285,1094,0.010355738634228796
competition,without_sensitivity,r1,286,1097,0.003501054742138365
competition,without_sensitivity,r1,287,1102,0.004580645216852779
competition,without_sensitivity,r1,288,1103,0.005164770131257141
competition,without_sensitivity,r1,289,1108,0.006738890452425513
competition,without_sensitivity,r1,290,1109,0.008619215894288696
competition,without_sensitivity,r1,291,1111,0.01002336263688416
competition,without_sensitivity,r1,292,1112,0.004015669268093649
competition,without_sensitivity,r1,293,1125,0.006955394605232169
competition,without_sensitivity,r1,294,1126,0.003925473081512369
competition,without_sensitivity,r1,295,1129,0.008112838461028447
competition,without_sensitivity,r1,296,1132,0.005844478505388002
competition,without_sensitivity,r1,297,1134,0.003999956360901833
competition,without_sensitivity,r1,298,1148,0.0033519197011772474
competition,without_sensitivity,r1,299,1157,0.01290083588222554
competition,without_sensitivity,r1,300,1161,0.0029139854899267676
competition,without_sensitivity,r1,301,1162,0.015450841072316732
competition,without_sensitivity,r1,302,1163,0.01821724427881672
competition,without_sensitivity,r1,303,1164,0.006150382304957623
competition,without_sensitivity,r1,304,1165,0.006073054227325224
competition,without_sensitivity,r1,305,1167,0.0026228530735954107
competition,without_sensitivity,r1,306,1168,0.006572127204067103
competition,without_sensitivity,r1,307,1169,0.005633778809842834
competition,without_sensitivity,r1,308,1174,0.0036188349074403056
competition,without_sensitivity,r1,309,1180,0.0036538872137074296
competition,without_sensitivity,r1,310,1182,0.018222354918586422
competition,without_sensitivity,r1,311,1185,0.006390459884732306
competition,without_sensitivity,r1,312,1191,0.014868054507039893
competition,without_sensitivity,r1,313,1193,0.004190148154629543
competition,without_sensitivity,r1,314,1194,0.0062875583694842925
competition,without_sensitivity,r1,315,1200,0.00491618794127287
competition,without_sensitivity,r1,316,1203,0.012664132802369497
competition,without_sensitivity,r1,317,1206,0.01771436648299414
competition,without_sensitivity,r1,318,1208,0.004987693644976806
competition,without_sensitivity,r1,319,1214,0.005617887856662402
competition,without_sensitivity,r1,320,1215,0.004248095909057983
competition,without_sensitivity,r1,321,1216,0.005294693945916005
competition,without_sensitivity,r1,322,1217,0.015674903457979197
competition,without_sensitivity,r1,323,1220,0.004897621295348475
competition,without_sensitivity,r1,324,1235,0.006219623844742716
competition,without_sensitivity,r1,325,1240,0.004963059637699826
competition,without_sensitivity,r1,326,1243,0.007808520101564629
competition,without_sensitivity,r1,327,1245,0.007252881070245347
competition,without_sensitivity,r1,328,1250,0.028466148248789503
competition,without_sensitivity,r1,329,1251,0.008942652301264876
competition,without_sensitivity,r1,330,1254,0.0073400813265302785
competition,without_sensitivity,r1,331,1256,0.0050536817298173315
competition,without_sensitivity,r1,332,1260,0.004243014191582581
competition,without_sensitivity,r1,333,1262,0.005254380526602638
competition,without_sensitivity,r1,334,1266,0.014965011037837572
competition,without_sensitivity,r1,335,1267,0.006729254828086404
competition,without_sensitivity,r1,336,1274,0.00393872836931218
competition,without_sensitivity,r1,337,1275,0.01914645148445055
competition,without_sensitivity,r1,338,1277,0.004467889094945109
competition,without_sensitivity,r1,339,1278,0.01174320513810413
competition,without_sensitivity,r1,340,1284,0.006833789462090578
competition,without_sensitivity,r1,341,1285,0.008110698006002654
competition,without_sensitivity,r1,342,1286,0.008431491896663423
competition,without_sensitivity,r1,343,1287,0.013643369729762496
competition,without_sensitivity,r1,344,1291,0.004532700214782218
competition,without_sensitivity,r1,345,1292,0.021540205304930577
competition,without_sensitivity,r1,346,1293,0.013977967170041797
competition,without_sensitivity,r1,347,1294,0.004219208457004291
competition,without_sensitivity,r1,348,1298,0.01500435943784408
competition,without_sensitivity,r1,349,1299,0.0044100292376957695
competition,without_sensitivity,r1,350,1306,0.0031188910025151165
competition,without_sensitivity,r1,351,1307,0.004365705597155357
competition,without_sensitivity,r1,352,1314,0.015581094598556208
competition,without_sensitivity,r1,353,1319,0.003787377960579368
competition,without_sensitivity,r1,354,1326,0.004304962896998653
competition,without_sensitivity,r1,355,1327,0.01241440615607303
competition,without_sensitivity,r1,356,1331,0.007698173290422486
competition,without_sensitivity,r1,357,1340,0.009561943920918302
competition,without_sensitivity,r1,358,1343,0.00537903647253242
competition,without_sensitivity,r1,359,1344,0.0036533584097746398
competition,without_sensitivity,r1,360,1346,0.014530423664830715
competition,without_sensitivity,r1,361,1350,0.004854761599607315
competition,without_sensitivity,r1,362,1367,0.006573535649558148
competition,without_sensitivity,r1,363,1368,0.004404305395959388
competition,without_sensitivity,r1,364,1369,0.006682229114974191
competition,without_sensitivity,r1,365,1373,0.009147872430645297
competition,without_sensitivity,r1,366,1379,0.005569091703914645
competition,without_sensitivity,r1,367,1382,0.011057716319828726
competition,without_sensitivity,r1,368,1385,0.0034687883948729343
competition,without_sensitivity,r1,369,1387,0.005208059381304967
competition,without_sensitivity,r1,370,1392,0.024624206934844597
competition,without_sensitivity,r1,371,1395,0.009258010940563473
competition,without_sensitivity,r1,372,1398,0.006171718175648748
competition,without_sensitivity,r1,373,1402,0.007810717864295261
competition,without_sensitivity,r1,374,1403,0.004531584164857657
competition,without_sensitivity,r1,375,1404,0.01313512099519102
competition,without_sensitivity,r1,376,1411,0.00935826968083231
competition,without_sensitivity,r1,377,1412,0.010548948794823963
competition,without_sensitivity,r1,378,1416,0.01742200407529436
competition,without_sensitivity,r1,379,1423,0.002570632978848227
competition,without_sensitivity,r1,380,1427,0.004146974020838241
competition,without_sensitivity,r1,381,1432,0.011701312036495128
competition,without_sensitivity,r1,382,1433,0.005767129273728472
competition,without_sensitivity,r1,383,1437,0.005930376757604448
competition,without_sensitivity,r1,384,1442,0.01691672579098166
competition,without_sensitivity,r1,385,1445,0.013331208331310252
competition,without_sensitivity,r1,386,1448,0.01901554363671265
competition,without_sensitivity,r1,387,1452,0.002520705140987817
competition,without_sensitivity,r1,388,1453,0.01875395270211001
competition,without_sensitivity,r1,389,1470,0.004633331898429013
competition,without_sensitivity,r1,390,1483,0.00400928832157819
competition,without_sensitivity,r1,391,1488,0.0037446797274851827
competition,without_sensitivity,r1,392,1491,0.002772223706743565
competition,without_sensitivity,r1,393,1494,0.004398864368690124
competition,without_sensitivity,r1,394,1495,0.0046253323660130855
competition,without_sensitivity,r1,395,1503,0.002031815242231358
competition,without_sensitivity,r1,396,1504,0.01826596933462159
competition,without_sensitivity,r1,397,1508,0.006484288864079999
competition,without_sensitivity,r1,398,1512,0.015678110972434982
competition,without_sensitivity,r1,399,1526,0.004949410781921259
competition,without_sensitivity,r1,400,1529,0.01655325676914145
competition,without_sensitivity,r1,401,1534,0.005114295720208411
competition,without_sensitivity,r1,402,1554,0.0063908583926544
competition,without_sensitivity,r1,403,1567,0.01519479412746858
competition,without_sensitivity,r1,404,1569,0.018009277153032677
competition,without_sensitivity,r1,405,1571,0.00731245514701399
competition,without_sensitivity,r1,406,1575,0.01104882507954767
competition,without_sensitivity,r1,407,1580,0.0035361292514550177
competition,without_sensitivity,r1,408,1584,0.0040811080085869245
competition,without_sensitivity,r1,409,1585,0.008490891451806893
competition,without_sensitivity,r1,410,1593,0.006528077542376292
competition,without_sensitivity,r1,411,1594,0.014102182982163312
competition,without_sensitivity,r1,412,1598,0.009151991970061423
competition,without_sensitivity,r1,413,1599,0.013021650365150503
competition,without_sensitivity,r1,414,1601,0.00553181864367517
competition,without_sensitivity,r1,415,1605,0.006253725723814298
competition,without_sensitivity,r1,416,1623,0.004335166592698979
competition,without_sensitivity,r1,417,1627,0.006248672080850881
competition,without_sensitivity,r1,418,1628,0.0039377656602088765
competition,without_sensitivity,r1,419,1629,0.014921781584218297
competition,without_sensitivity,r1,420,1634,0.010693996730052552
competition,without_sensitivity,r1,421,1637,0.014455449586336258
competition,without_sensitivity,r1,422,1640,0.004158966893121978
competition,without_sensitivity,r1,423,1643,0.005707640530469506
competition,without_sensitivity,r1,424,1644,0.006506650238390471
competition,without_sensitivity,r1,425,1648,0.002555520734096147
competition,without_sensitivity,r1,426,1657,0.017041710362032045
competition,without_sensitivity,r1,427,1675,0.004798312402733535
competition,without_sensitivity,r1,428,1682,0.003674382387636139
competition,without_sensitivity,r1,429,1695,0.00647375255001487
competition,without_sensitivity,r1,430,1697,0.0020164286577777036
competition,without_sensitivity,r1,431,1706,0.017901649854109213
competition,without_sensitivity,r1,432,1715,0.013271921016415625
competition,without_sensitivity,r1,433,1717,0.0049898275750521704
competition,without_sensitivity,r1,434,1718,0.004266926081188524
competition,without_sensitivity,r1,435,1720,0.002166322170246662
competition,without_sensitivity,r1,436,1725,0.00309969085665199
competition,without_sensitivity,r1,437,1729,0.0042918616527951505
competition,without_sensitivity,r1,438,1733,0.0028801338591281016
competition,without_sensitivity,r1,439,1735,0.012309963408399434
competition,without_sensitivity,r1,440,1736,0.0021065238096254863
competition,without_sensitivity,r1,441,1738,0.004161042891600474
competition,without_sensitivity,r1,442,1739,0.005894538486001659
competition,without_sensitivity,r1,443,1743,0.0028880965817922617
competition,without_sensitivity,r1,444,1745,0.028298507614964788
competition,without_sensitivity,r1,445,1755,0.010934092949998876
competition,without_sensitivity,r1,446,1760,0.002643861894992591
competition,without_sensitivity,r1,447,1764,0.020349906957867734
competition,without_sensitivity,r1,448,1767,0.0060243780259242544
competition,without_sensitivity,r1,449,1771,0.008687009114878307
competition,without_sensitivity,r1,450,1776,0.00580769654000284
competition,without_sensitivity,r1,451,1784,0.004324887219311741
competition,without_sensitivity,r1,452,1788,0.011377712133366111
competition,without_sensitivity,r1,453,1794,0.00661698155113185
competition,without_sensitivity,r1,454,1796,0.006629724982740925
competition,without_sensitivity,r1,455,1798,0.01141611586115463
competition,without_sensitivity,r1,456,1800,0.013585008130895507
competition,without_sensitivity,r1,457,1802,0.019589551492754157
competition,without_sensitivity,r1,458,1804,0.008024269198265389
competition,without_sensitivity,r1,459,1808,0.0087592992287154
competition,without_sensitivity,r1,460,1815,0.010475455565245416
competition,without_sensitivity,r1,461,1817,0.006371116396445275
competition,without_sensitivity,r1,462,1819,0.017239335189273966
competition,without_sensitivity,r1,463,1823,0.025603316394051834
competition,without_sensitivity,r1,464,1826,0.004446527438894162
competition,without_sensitivity,r1,465,1834,0.014439715848980246
competition,without_sensitivity,r1,466,1836,0.003006110632726639
competition,without_sensitivity,r1,467,1840,0.02150010048523526
competition,without_sensitivity,r1,468,1850,0.007584072777602176
competition,without_sensitivity,r1,469,1854,0.016165090884999553
competition,without_sensitivity,r1,470,1860,0.018831799165309294
competition,without_sensitivity,r1,471,1862,0.008782399582977331
competition,without_sensitivity,r1,472,1866,0.0038640403594995864
competition,without_sensitivity,r1,473,1868,0.0038793734123292764
competition,without_sensitivity,r1,474,1869,0.004881770884190824
competition,without_sensitivity,r1,475,1870,0.014840842134089488
competition,without_sensitivity,r1,476,1872,0.0072079931325554495
competition,without_sensitivity,r1,477,1877,0.037683502813757944
competition,without_sensitivity,r1,478,1881,0.0049081458908936115
competition,without_sensitivity,r1,479,1895,0.005094297599467183
competition,without_sensitivity,r1,480,1899,0.003235344631666371
competition,without_sensitivity,r1,481,1902,0.014900348696693672
competition,without_sensitivity,r1,482,1910,0.0039257471541103775
competition,without_sensitivity,r1,483,1913,0.0030319096997635576
competition,without_sensitivity,r1,484,1915,0.004836646879993846
competition,without_sensitivity,r1,485,1916,0.0047560120881941
competition,without_sensitivity,r1,486,1918,0.010028431511171058
competition,without_sensitivity,r1,487,1919,0.03805428393842783
competition,without_sensitivity,r1,488,1926,0.004995879947382949
competition,without_sensitivity,r1,489,1932,0.020054292555843473
competition,without_sensitivity,r1,490,1935,0.016942282654076643
competition,without_sensitivity,r1,491,1952,0.008108139942607211
competition,without_sensitivity,r1,492,1953,0.00349183556632445
competition,without_sensitivity,r1,493,1956,0.010418626461954406
competition,without_sensitivity,r1,494,1958,0.00900268413716816
competition,without_sensitivity,r1,495,1962,0.0029500948806587433
competition,without_sensitivity,r1,496,1963,0.003027132699175859
competition,without_sensitivity,r1,497,1967,0.008354292191987498
competition,without_sensitivity,r1,498,1972,0.00738393890405081
competition,without_sensitivity,r1,499,1979,0.0058555522187388725
competition,without_sensitivity,r1,500,1983,0.004444973757421563
competition,without_sensitivity,r1,501,1985,0.0037272178035084934
competition,without_sensitivity,r1,502,2008,0.0045501052437811286
competition,without_sensitivity,r1,503,2009,0.007573669705913701
competition,without_sensitivity,r1,504,2010,0.0029478218492980783
competition,without_sensitivity,r1,505,2015,0.013036247943120563
competition,without_sensitivity,r1,506,2016,0.024906171772975022
competition,without_sensitivity,r1,507,2022,0.015395058028143163
competition,without_sensitivity,r1,508,2024,0.003180068074556822
competition,without_sensitivity,r1,509,2033,0.0037204967755565498
competition,without_sensitivity,r1,510,2038,0.0047783039386037765
competition,without_sensitivity,r1,511,2045,0.005725390419433974
competition,without_sensitivity,r2,0,0,0.005195532014918264
competition,without_sensitivity,r2,1,8,0.019303213737927538
competition,without_sensitivity,r2,2,10,0.005765286495170269
competition,without_sensitivity,r2,3,11,0.004809082160182053
competition,without_sensitivity,r2,4,12,0.009342087080096328
competition,without_sensitivity,r2,5,16,0.014701540762337246
competition,without_sensitivity,r2,6,28,0.004893922088846382
competition,without_sensitivity,r2,7,32,0.012339597565175432
competition,without_sensitivity,r2,8,33,0.007811234638424687
competition,without_sensitivity,r2,9,38,0.0133036390318286
competition,without_sensitivity,r2,10,43,0.014303853874913968
competition,without_sensitivity,r2,11,44,0.006932358462046196
competition,without_sensitivity,r2,12,47,0.012403380350635866
competition,without_sensitivity,r2,13,57,0.006792469225185847
competition,without_sensitivity,r2,14,58,0.01517509049857205
competition,without_sensitivity,r2,15,59,0.006613722106286202
competition,without_sensitivity,r2,16,63,0.00636967440353461
competition,without_sensitivity,r2,17,66,0.0038693420691031173
competition,without_sensitivity,r2,18,72,0.007188899308186789
competition,without_sensitivity,r2,19,73,0.02363841468959305
competition,without_sensitivity,r2,20,83,0.0061184141809390805
competition,without_sensitivity,r2,21,86,0.004433660551915978
competition,without_sensitivity,r2,22,87,0.008287275654174689
competition,without_sensitivity,r2,23,88,0.01258669908764013
competition,without_sensitivity,r2,24,89,0.007389756067073756
competition,without_sensitivity,r2,25,90,0.008983106811906262
competition,without_sensitivity,r2,26,92,0.02462192851623727
competition,without_sensitivity,r2,27,93,0.005675155101083743
competition,without_sensitivity,r2,28,99,0.007995692868178982
competition,without_sensitivity,r2,29,105,0.011486686968272807
competition,without_sensitivity,r2,30,108,0.006033821221065618
competition,without_sensitivity,r2,31,109,0.015425544551385605
competition,without_sensitivity,r2,32,111,0.009067215741257347
competition,without_sensitivity,r2,33,112,0.0032419400627342067
competition,without_sensitivity,r2,34,116,0.004827450775304066
competition,without_sensitivity,r2,35,119,0.004949875724903096
competition,without_sensitivity,r2,36,126,0.007030806635132037
competition,without_sensitivity,r2,37,128,0.03325413084803356
competition,without_sensitivity,r2,38,129,0.016391395880130832
competition,without_sensitivity,r2,39,132,0.019139879249612135
competition,without_sensitivity,r2,40,140,0.006356173021251046
competition,without_sensitivity,r2,41,142,0.035579459810988194
competition,without_sensitivity,r2,42,146,0.011657818141706527
competition,without_sensitivity,r2,43,157,0.004545944810946469
competition,without_sensitivity,r2,44,158,0.007149447427270219
competition,without_sensitivity,r2,45,162,0.0057840438595444825
competition,without_sensitivity,r2,46,167,0.019957380842915633
competition,without_sensitivity,r2,47,169,0.01178468772900365
competition,without_sensitivity,r2,48,171,0.007650948879729701
competition,without_sensitivity,r2,49,175,0.02367857201442043
competition,without_sensitivity,r2,50,183,0.004772176655418948
competition,without_sensitivity,r2,51,185,0.00511832471163943
competition,without_sensitivity,r2,52,188,0.006472534087168054
competition,without_sensitivity,r2,53,189,0.010390566877317774
competition,without_sensitivity,r2,54,191,0.004456220686991656
competition,without_sensitivity,r2,55,193,0.017437814530535663
competition,without_sensitivity,r2,56,194,0.005607356867687149
competition,without_sensitivity,r2,57,196,0.007467614964046024
competition,without_sensitivity,r2,58,199,0.0050879069139466455
competition,without_sensitivity,r2,59,206,0.006858599281912143
competition,without_sensitivity,r2,60,207,0.013012430617978856
competition,without_sensitivity,r2,61,211,0.024267268896831035
competition,without_sensitivity,r2,62,214,0.011929451467917632
competition,without_sensitivity,r2,63,215,0.008606402882576114
competition,without_sensitivity,r2,64,216,0.029634849104947323
competition,without_sensitivity,r2,65,217,0.0044377514988369745
competition,without_sensitivity,r2,66,218,0.009670382527195537
competition,without_sensitivity,r2,67,219,0.01327315592471156
competition,without_sensitivity,r2,68,227,0.008163646880900842
competition,without_sensitivity,r2,69,231,0.0063886568307958405
competition,without_sensitivity,r2,70,239,0.015518208647385519
competition,without_sensitivity,r2,71,240,0.007153066862854863
competition,without_sensitivity,r2,72,244,0.006261519658905701
competition,without_sensitivity,r2,73,245,0.010965122971648505
competition,without_sensitivity,r2,74,246,0.014834105725039525
competition,without_sensitivity,r2,75,248,0.021314662687339503
competition,without_sensitivity,r2,76,251,0.02371681400271426
competition,without_sensitivity,r2,77,255,0.004981672488503691
competition,without_sensitivity,r2,78,264,0.017587862492831206
competition,without_sensitivity,r2,79,268,0.013703596313590005
competition,without_sensitivity,r2,80,269,0.011135049972794946
competition,without_sensitivity,r2,81,273,0.024989963747047823
competition,without_sensitivity,r2,82,282,0.00552460328812319
competition,without_sensitivity,r2,83,283,0.026545976395125848
competition,without_sensitivity,r2,84,285,0.0042402228776728095
competition,without_sensitivity,r2,85,286,0.0034460366835568743
competition,without_sensitivity,r2,86,287,0.004374031591816471
competition,without_sensitivity,r2,87,297,0.030673799762272223
competition,without_sensitivity,r2,88,302,0.0076965767756843
competition,without_sensitivity,r2,89,303,0.004495312327534955
competition,without_sensitivity,r2,90,306,0.0038332106645379217
competition,without_sensitivity,r2,91,307,0.008820509740138423
competition,without_sensitivity,r2,92,315,0.005457440326780374
competition,without_sensitivity,r2,93,321,0.005529054713846541
competition,without_sensitivity,r2,94,322,0.011408105958476753
competition,without_sensitivity,r2,95,327,0.013299277908812352
competition,without_sensitivity,r2,96,328,0.003953985857642492
competition,without_sensitivity,r2,97,329,0.0202384403076759
competition,without_sensitivity,r2,98,332,0.005234911274079346
competition,without_sensitivity,r2,99,333,0.006160168559111688
competition,without_sensitivity,r2,100,335,0.0034066268436813863
competition,without_sensitivity,r2,101,337,0.02609223287024036
competition,without_sensitivity,r2,102,340,0.014548321243229027
competition,without_sensitivity,r2,103,353,0.004355864478011558
competition,without_sensitivity,r2,104,367,0.014251178540912129
competition,without_sensitivity,r2,105,375,0.004162258346134799
competition,without_sensitivity,r2,106,385,0.007407045525876194
competition,without_sensitivity,r2,107,388,0.0045446119832209175
competition,without_sensitivity,r2,108,407,0.02358088851465486
competition,without_sensitivity,r2,109,408,0.004062687598334968
competition,without_sensitivity,r2,110,410,0.00439216784264935
competition,without_sensitivity,r2,111,411,0.010421243153901848
competition,without_sensitivity,r2,112,416,0.009043411465854795
competition,without_sensitivity,r2,113,419,0.007282298698171784
competition,without_sensitivity,r2,114,420,0.006125909350931002
competition,without_sensitivity,r2,115,427,0.003971545806184758
competition,without_sensitivity,r2,116,429,0.0107285446504629
competition,without_sensitivity,r2,117,442,0.02397750938323853
competition,without_sensitivity,r2,118,446,0.03370649174380171
competition,without_sensitivity,r2,119,451,0.004876771689926523
competition,without_sensitivity,r2,120,455,0.003768929312185694
competition,without_sensitivity,r2,121,460,0.006329282105012032
competition,without_sensitivity,r2,122,462,0.009966387647696548
competition,without_sensitivity,r2,123,465,0.005911405833156794
competition,without_sensitivity,r2,124,474,0.008763829091916062
competition,without_sensitivity,r2,125,475,0.005396837035876441
competition,without_sensitivity,r2,126,477,0.002597172206133004
competition,without_sensitivity,r2,127,482,0.022067708894337006
competition,without_sensitivity,r2,128,484,0.03175434063991054
competition,without_sensitivity,r2,129,485,0.006676196480156251
competition,without_sensitivity,r2,130,492,0.015080394505745914
competition,without_sensitivity,r2,131,503,0.006210419607840961
competition,without_sensitivity,r2,132,506,0.004981579201144695
competition,without_sensitivity,r2,133,507,0.017226340497397182
competition,without_sensitivity,r2,134,508,0.018680280986317046
competition,without_sensitivity,r2,135,509,0.006432412562235097
competition,without_sensitivity,r2,136,523,0.005808654158928346
competition,without_sensitivity,r2,137,524,0.02164840824918833
competition,without_sensitivity,r2,138,525,0.004359941282373824
competition,without_sensitivity,r2,139,528,0.011272967560377349
competition,without_sensitivity,r2,140,529,0.005763161625307676
competition,without_sensitivity,r2,141,530,0.018157279870471898
competition,without_sensitivity,r2,142,533,0.006943662381840199
competition,without_sensitivity,r2,143,549,0.007659422788879707
competition,without_sensitivity,r2,144,557,0.016882533692584474
competition,without_sensitivity,r2,145,559,0.014124295504072515
competition,without_sensitivity,r2,146,563,0.005011575730502905
competition,without_sensitivity,r2,147,565,0.00843103531396357
competition,without_sensitivity,r2,148,566,0.02429441859347048
competition,without_sensitivity,r2,149,568,0.004004375849664497
competition,without_sensitivity,r2,150,574,0.006733149641845422
competition,without_sensitivity,r2,151,579,0.010154921736696304
competition,without_sensitivity,r2,152,589,0.006427944615102142
competition,without_sensitivity,r2,153,594,0.022825185786686887
competition,without_sensitivity,r2,154,597,0.004470566934137437
competition,without_sensitivity,r2,155,599,0.0060609737120831545
competition,without_sensitivity,r2,156,605,0.060787144013642665
competition,without_sensitivity,r2,157,606,0.005409984005826592
competition,without_sensitivity,r2,158,610,0.006215500518061974
competition,without_sensitivity,r2,159,614,0.0053237824317780265
competition,without_sensitivity,r2,160,615,0.007285454084773135
competition,without_sensitivity,r2,161,616,0.008191771743115448
competition,without_sensitivity,r2,162,618,0.012791111257076238
competition,without_sensitivity,r2,163,621,0.025100420890554778
competition,without_sensitivity,r2,164,623,0.007085987516844457
competition,without_sensitivity,r2,165,632,0.005031719914861809
competition,without_sensitivity,r2,166,637,0.0049832469062338364
competition,without_sensitivity,r2,167,641,0.004706190399115971
competition,without_sensitivity,r2,168,646,0.020430461424465793
competition,without_sensitivity,r2,169,653,0.005304804806815407
competition,without_sensitivity,r2,170,660,0.005220247813361053
competition,without_sensitivity,r2,171,664,0.01472451535230102
competition,without_sensitivity,r2,172,667,0.00903550890329444
competition,without_sensitivity,r2,173,673,0.028649267411079673
competition,without_sensitivity,r2,174,687,0.003998530277434077
competition,without_sensitivity,r2,175,697,0.005614994578650747
competition,without_sensitivity,r2,176,703,0.006387008556601387
competition,without_sensitivity,r2,177,708,0.012261908288663486
competition,without_sensitivity,r2,178,710,0.006956909460884472
competition,without_sensitivity,r2,179,711,0.00606172303294901
competition,without_sensitivity,r2,180,718,0.002764269113869604
competition,without_sensitivity,r2,181,722,0.003738750943445624
competition,without_sensitivity,r2,182,724,0.002967040397139908
competition,without_sensitivity,r2,183,733,0.00973114008777039
competition,without_sensitivity,r2,184,737,0.006681358747739397
competition,without_sensitivity,r2,185,748,0.004172522192899375
competition,without_sensitivity,r2,186,749,0.009887974040131902
competition,without_sensitivity,r2,187,752,0.022543191615765616
competition,without_sensitivity,r2,188,753,0.005295264496703024
competition,without_sensitivity,r2,189,754,0.01037146775843907
competition,without_sensitivity,r2,190,759,0.009032340830858148
competition,without_sensitivity,r2,191,760,0.006467558802110998
competition,without_sensitivity,r2,192,761,0.00737091101344036
competition,without_sensitivity,r2,193,762,0.015045759201202548
competition,without_sensitivity,r2,194,769,0.018031545061734305
competition,without_sensitivity,r2,195,774,0.023660316549679785
competition,without_sensitivity,r2,196,776,0.022299408935077945
competition,without_sensitivity,r2,197,777,0.028968466576327512
competition,without_sensitivity,r2,198,778,0.008449442629314574
competition,without_sensitivity,r2,199,779,0.011383212473484046
competition,without_sensitivity,r2,200,780,0.033574947051725285
competition,without_sensitivity,r2,201,781,0.020779004955528504
competition,without_sensitivity,r2,202,783,0.012626758857999515
competition,without_sensitivity,r2,203,790,0.0054536032086030676
competition,without_sensitivity,r2,204,797,0.006363354674339784
competition,without_sensitivity,r2,205,803,0.02043064049163941
competition,without_sensitivity,r2,206,805,0.02995320443842256
competition,without_sensitivity,r2,207,808,0.010170173463112697
competition,without_sensitivity,r2,208,809,0.005538031624870386
competition,without_sensitivity,r2,209,810,0.019028128890556613
competition,without_sensitivity,r2,210,811,0.005281364743800119
competition,without_sensitivity,r2,211,813,0.008570603777957516
competition,without_sensitivity,r2,212,815,0.0033215423393785143
competition,without_sensitivity,r2,213,816,0.006877599389380949
competition,without_sensitivity,r2,214,831,0.005342476410223674
competition,without_sensitivity,r2,215,836,0.0077132446904208665
competition,without_sensitivity,r2,216,838,0.004307034024289456
competition,without_sensitivity,r2,217,841,0.013559425787143697
competition,without_sensitivity,r2,218,843,0.015883625577002732
competition,without_sensitivity,r2,219,845,0.0024457956691290124
competition,without_sensitivity,r2,220,846,0.005842538577858027
competition,without_sensitivity,r2,221,854,0.0055669454420561185
competition,without_sensitivity,r2,222,859,0.01443806465349761
competition,without_sensitivity,r2,223,861,0.0061352912374843475
competition,without_sensitivity,r2,224,862,0.004337032935324017
competition,without_sensitivity,r2,225,867,0.009225803690607073
competition,without_sensitivity,r2,226,869,0.019827362708122048
competition,without_sensitivity,r2,227,880,0.014675559962412935
competition,without_sensitivity,r2,228,886,0.006769782654542186
competition,without_sensitivity,r2,229,887,0.004292723044658589
competition,without_sensitivity,r2,230,889,0.005322736541130907
competition,without_sensitivity,r2,231,891,0.00512865116473418
competition,without_sensitivity,r2,232,893,0.008364657535908331
competition,without_sensitivity,r2,233,895,0.01643700770687577
competition,without_sensitivity,r2,234,906,0.010063716297057752
competition,without_sensitivity,r2,235,908,0.011290691203593335
competition,without_sensitivity,r2,236,912,0.00468319028491111
competition,without_sensitivity,r2,237,913,0.009519161519141514
competition,without_sensitivity,r2,238,916,0.0064930554715024085
competition,without_sensitivity,r2,239,919,0.003721574927651673
competition,without_sensitivity,r2,240,929,0.007598248023953856
competition,without_sensitivity,r2,241,934,0.022563619547339254
competition,without_sensitivity,r2,242,942,0.014050053151101286
competition,without_sensitivity,r2,243,944,0.006495194725050282
competition,without_sensitivity,r2,244,947,0.005773274843138509
competition,without_sensitivity,r2,245,950,0.01692764216298709
competition,without_sensitivity,r2,246,956,0.006951875060142274
competition,without_sensitivity,r2,247,960,0.004698778712230098
competition,without_sensitivity,r2,248,965,0.006549309696371557
competition,without_sensitivity,r2,249,967,0.007087358702630792
competition,without_sensitivity,r2,250,970,0.005305618893571612
competition,without_sensitivity,r2,251,972,0.01563805972037821
competition,without_sensitivity,r2,252,976,0.02091672884351503
competition,without_sensitivity,r2,253,981,0.004783208853361249
competition,without_sensitivity,r2,254,982,0.005388482706535283
competition,without_sensitivity,r2,255,990,0.02424723275283518
competition,without_sensitivity,r2,256,991,0.017998435196588853
competition,without_sensitivity,r2,257,996,0.012344615696655258
competition,without_sensitivity,r2,258,1007,0.0051155432973946195
competition,without_sensitivity,r2,259,1013,0.0056054569584219624
competition,without_sensitivity,r2,260,1018,0.03255238663887947
competition,without_sensitivity,r2,261,1019,0.003284487211923288
competition,without_sensitivity,r2,262,1023,0.005952223671276579
competition,without_sensitivity,r2,263,1024,0.004374150860348285
competition,without_sensitivity,r2,264,1025,0.0045217764590672
competition,without_sensitivity,r2,265,1032,0.008612669086418744
competition,without_sensitivity,r2,266,1033,0.00453368727378658
competition,without_sensitivity,r2,267,1037,0.003377190949721682
competition,without_sensitivity,r2,268,1039,0.009646559508087583
competition,without_sensitivity,r2,269,1041,0.005979972639446153
competition,without_sensitivity,r2,270,1043,0.004907779808447857
competition,without_sensitivity,r2,271,1044,0.013348257967032585
competition,without_sensitivity,r2,272,1049,0.0050059293079747855
competition,without_sensitivity,r2,273,1050,0.023366675654126333
competition,without_sensitivity,r2,274,1061,0.005453283515606268
competition,without_sensitivity,r2,275,1062,0.004247675693713029
competition,without_sensitivity,r2,276,1064,0.005912281770709839
competition,without_sensitivity,r2,277,1065,0.016462012885564908
competition,without_sensitivity,r2,278,1066,0.014527297354256228
competition,without_sensitivity,r2,279,1077,0.008696543704953097
competition,without_sensitivity,r2,280,1083,0.013567403599026763
competition,without_sensitivity,r2,281,1085,0.004592357074130605
competition,without_sensitivity,r2,282,1086,0.01998108938310167
competition,without_sensitivity,r2,283,1087,0.004646455742710738
competition,without_sensitivity,r2,284,1088,0.011693123227951312
competition,without_sensitivity,r2,285,1094,0.0064050024737659465
competition,without_sensitivity,r2,286,1097,0.009669127974591019
competition,without_sensitivity,r2,287,1102,0.0029603795399046296
competition,without_sensitivity,r2,288,1103,0.01872454673276839
competition,without_sensitivity,r2,289,1108,0.006249194049255655
competition,without_sensitivity,r2,290,1109,0.017480503447286504
competition,without_sensitivity,r2,291,1111,0.015168057356167145
competition,without_sensitivity,r2,292,1112,0.018708355451370923
competition,without_sensitivity,r2,293,1125,0.0057528141475181845
competition,without_sensitivity,r2,294,1126,0.0059141691103383135
competition,without_sensitivity,r2,295,1129,0.015717606523003923
competition,without_sensitivity,r2,296,1132,0.0064115400250668
competition,without_sensitivity,r2,297,1134,0.010463915734829597
competition,without_sensitivity,r2,298,1148,0.005028243296307838
competition,without_sensitivity,r2,299,1157,0.007995370802645405
competition,without_sensitivity,r2,300,1161,0.002140855074439905
competition,without_sensitivity,r2,301,1162,0.028748648934213774
competition,without_sensitivity,r2,302,1163,0.013344734445979223
competition,without_sensitivity,r2,303,1164,0.004650592547183467
competition,without_sensitivity,r2,304,1165,0.005791661718510267
competition,without_sensitivity,r2,305,1167,0.006052587092041405
competition,without_sensitivity,r2,306,1168,0.005770924276534198
competition,without_sensitivity,r2,307,1169,0.00972095731699696
competition,without_sensitivity,r2,308,1174,0.008576452751220024
competition,without_sensitivity,r2,309,1180,0.006142744855146646
competition,without_sensitivity,r2,310,1182,0.0043505020726901265
competition,without_sensitivity,r2,311,1185,0.005667094758978397
competition,without_sensitivity,r2,312,1191,0.004602615268927895
competition,without_sensitivity,r2,313,1193,0.021989442107323242
competition,without_sensitivity,r2,314,1194,0.00451839779376833
competition,without_sensitivity,r2,315,1200,0.005552872903900978
competition,without_sensitivity,r2,316,1203,0.005748150256399228
competition,without_sensitivity,r2,317,1206,0.02203019641061551
competition,without_sensitivity,r2,318,1208,0.004596169027430595
competition,without_sensitivity,r2,319,1214,0.0062263441861697974
competition,without_sensitivity,r2,320,1215,0.003076787798939125
competition,without_sensitivity,r2,321,1216,0.014425730346419741
competition,without_sensitivity,r2,322,1217,0.021542580050748415
competition,without_sensitivity,r2,323,1220,0.009796905262383799
competition,without_sensitivity,r2,324,1235,0.005072357238144482
competition,without_sensitivity,r2,325,1240,0.013603729813103335
competition,without_sensitivity,r2,326,1243,0.0036631321419993536
competition,without_sensitivity,r2,327,1245,0.009582632437201689
competition,without_sensitivity,r2,328,1250,0.007531829789522844
competition,without_sensitivity,r2,329,1251,0.005635269725638909
competition,without_sensitivity,r2,330,1254,0.011725106387398041
competition,without_sensitivity,r2,331,1256,0.00552122174551403
competition,without_sensitivity,r2,332,1260,0.0025677153928451543
competition,without_sensitivity,r2,333,1262,0.004989296807296282
competition,without_sensitivity,r2,334,1266,0.02728909339394602
competition,without_sensitivity,r2,335,1267,0.012805284332949179
competition,without_sensitivity,r2,336,1274,0.005565130687749666
competition,without_sensitivity,r2,337,1275,0.014646651748646879
competition,without_sensitivity,r2,338,1277,0.007419266584122851
competition,without_sensitivity,r2,339,1278,0.0040367581457119404
competition,without_sensitivity,r2,340,1284,0.006499662192832851
competition,without_sensitivity,r2,341,1285,0.004496842788191248
competition,without_sensitivity,r2,342,1286,0.00782899661238484
competition,without_sensitivity,r2,343,1287,0.027052555287648834
competition,without_sensitivity,r2,344,1291,0.005685777498868942
competition,without_sensitivity,r2,345,1292,0.005320492963013474
competition,without_sensitivity,r2,346,1293,0.00566495865486246
competition,without_sensitivity,r2,347,1294,0.004294392604948517
competition,without_sensitivity,r2,348,1298,0.028412490628826337
competition,without_sensitivity,r2,349,1299,0.005216133126036916
competition,without_sensitivity,r2,350,1306,0.006912412077675209
competition,without_sensitivity,r2,351,1307,0.005330767667097058
competition,without_sensitivity,r2,352,1314,0.004589049151946206
competition,without_sensitivity,r2,353,1319,0.014698347726439282
competition,without_sensitivity,r2,354,1326,0.011782120037159474
competition,without_sensitivity,r2,355,1327,0.005850960366034023
competition,without_sensitivity,r2,356,1331,0.00480745187224415
competition,without_sensitivity,r2,357,1340,0.013211648761333258
competition,without_sensitivity,r2,358,1343,0.018989041185377593
competition,without_sensitivity,r2,359,1344,0.005110204134242247
competition,without_sensitivity,r2,360,1346,0.00829974513954528
competition,without_sensitivity,r2,361,1350,0.00395548800455377
competition,without_sensitivity,r2,362,1367,0.009114354993208281
competition,without_sensitivity,r2,363,1368,0.02874926743742339
competition,without_sensitivity,r2,364,1369,0.004335547724392041
competition,without_sensitivity,r2,365,1373,0.021465556493720443
competition,without_sensitivity,r2,366,1379,0.009494650906934349
competition,without_sensitivity,r2,367,1382,0.011432124852713521
competition,without_sensitivity,r2,368,1385,0.006424026036134797
competition,without_sensitivity,r2,369,1387,0.007869565570187791
competition,without_sensitivity,r2,370,1392,0.0057251492760604
competition,without_sensitivity,r2,371,1395,0.018188331986701924
competition,without_sensitivity,r2,372,1398,0.010323672536537314
competition,without_sensitivity,r2,373,1402,0.010027680144732634
competition,without_sensitivity,r2,374,1403,0.007480038495913163
competition,without_sensitivity,r2,375,1404,0.01379167774664454
competition,without_sensitivity,r2,376,1411,0.01809063593517382
competition,without_sensitivity,r2,377,1412,0.00547601245162506
competition,without_sensitivity,r2,378,1416,0.015871153203992152
competition,without_sensitivity,r2,379,1423,0.00470607399864404
competition,without_sensitivity,r2,380,1427,0.005412681235219142
competition,without_sensitivity,r2,381,1432,0.023516191037110796
competition,without_sensitivity,r2,382,1433,0.006070804389147804
competition,without_sensitivity,r2,383,1437,0.02083203215755157
competition,without_sensitivity,r2,384,1442,0.014614296191778618
competition,without_sensitivity,r2,385,1445,0.006121751458548859
competition,without_sensitivity,r2,386,1448,0.018521923889254353
competition,without_sensitivity,r2,387,1452,0.0030985125546684365
competition,without_sensitivity,r2,388,1453,0.005286243311700195
competition,without_sensitivity,r2,389,1470,0.005520379582171036
competition,without_sensitivity,r2,390,1483,0.004885447763371516
competition,without_sensitivity,r2,391,1488,0.006747901234441741
competition,without_sensitivity,r2,392,1491,0.01678242888880781
competition,without_sensitivity,r2,393,1494,0.004586858880572694
competition,without_sensitivity,r2,394,1495,0.01101507694352778
competition,without_sensitivity,r2,395,1503,0.007206856400225174
competition,without_sensitivity,r2,396,1504,0.0105245331341848
competition,without_sensitivity,r2,397,1508,0.007440956532823848
competition,without_sensitivity,r2,398,1512,0.023295960487873205
competition,without_sensitivity,r2,399,1526,0.006337108939515681
competition,without_sensitivity,r2,400,1529,0.015488349722041033
competition,without_sensitivity,r2,401,1534,0.009739824936588573
competition,without_sensitivity,r2,402,1554,0.01596051407967426
competition,without_sensitivity,r2,403,1567,0.004325315146152831
competition,without_sensitivity,r2,404,1569,0.013751760672107222
competition,without_sensitivity,r2,405,1571,0.02668771136604938
competition,without_sensitivity,r2,406,1575,0.006862223960944424
competition,without_sensitivity,r2,407,1580,0.006859239409049554
competition,without_sensitivity,r2,408,1584,0.0058565090027346235
competition,without_sensitivity,r2,409,1585,0.00688418816728012
competition,without_sensitivity,r2,410,1593,0.005875348367141551
competition,without_sensitivity,r2,411,1594,0.013153003917269356
competition,without_sensitivity,r2,412,1598,0.006284900399527915
competition,without_sensitivity,r2,413,1599,0.026833395781553627
competition,without_sensitivity,r2,414,1601,0.008965001560405353
competition,without_sensitivity,r2,415,1605,0.004903328061792648
competition,without_sensitivity,r2,416,1623,0.009634616426970678
competition,without_sensitivity,r2,417,1627,0.004374770946195505
competition,without_sensitivity,r2,418,1628,0.005106101914498824
competition,without_sensitivity,r2,419,1629,0.028859426163783636
competition,without_sensitivity,r2,420,1634,0.014783890483349124
competition,without_sensitivity,r2,421,1637,0.015639315148324954
competition,without_sensitivity,r2,422,1640,0.003854912827128001
competition,without_sensitivity,r2,423,1643,0.004986776676015579
competition,without_sensitivity,r2,424,1644,0.005790630299884376
competition,without_sensitivity,r2,425,1648,0.0031573231238521053
competition,without_sensitivity,r2,426,1657,0.014530837433403634
competition,without_sensitivity,r2,427,1675,0.004407069366567789
competition,without_sensitivity,r2,428,1682,0.004081119550043368
competition,without_sensitivity,r2,429,1695,0.030954508057260126
competition,without_sensitivity,r2,430,1697,0.004755785204840353
competition,without_sensitivity,r2,431,1706,0.010359894119230554
competition,without_sensitivity,r2,432,1715,0.008090486521103146
competition,without_sensitivity,r2,433,1717,0.01042060914100237
competition,without_sensitivity,r2,434,1718,0.007302735264708586
competition,without_sensitivity,r2,435,1720,0.0037498561417672466
competition,without_sensitivity,r2,436,1725,0.00466211606770669
competition,without_sensitivity,r2,437,1729,0.005238068533203733
competition,without_sensitivity,r2,438,1733,0.008876976002372777
competition,without_sensitivity,r2,439,1735,0.01868134188734888
competition,without_sensitivity,r2,440,1736,0.004838463376857372
competition,without_sensitivity,r2,441,1738,0.001993477358936916
competition,without_sensitivity,r2,442,1739,0.003937643118361054
competition,without_sensitivity,r2,443,1743,0.004153064489011908
competition,without_sensitivity,r2,444,1745,0.013351846311447268
competition,without_sensitivity,r2,445,1755,0.013488025010601624
competition,without_sensitivity,r2,446,1760,0.022181018683313427
competition,without_sensitivity,r2,447,1764,0.026812929142603907
competition,without_sensitivity,r2,448,1767,0.005942927056968959
competition,without_sensitivity,r2,449,1771,0.015413488816178286
competition,without_sensitivity,r2,450,1776,0.006473614537190155
competition,without_sensitivity,r2,451,1784,0.004748941640830391
competition,without_sensitivity,r2,452,1788,0.011871020966126378
competition,without_sensitivity,r2,453,1794,0.00507182954661435
competition,without_sensitivity,r2,454,1796,0.007938434601909499
competition,without_sensitivity,r2,455,1798,0.004947311353447802
competition,without_sensitivity,r2,456,1800,0.005387717603740778
competition,without_sensitivity,r2,457,1802,0.011262115628299601
competition,without_sensitivity,r2,458,1804,0.005148973949600188
competition,without_sensitivity,r2,459,1808,0.030878724726001804
competition,without_sensitivity,r2,460,1815,0.0055065776682324975
competition,without_sensitivity,r2,461,1817,0.004492992310366383
competition,without_sensitivity,r2,462,1819,0.008750561108073136
competition,without_sensitivity,r2,463,1823,0.008493043327251386
competition,without_sensitivity,r2,464,1826,0.013181896221803385
competition,without_sensitivity,r2,465,1834,0.012203718255890525
competition,without_sensitivity,r2,466,1836,0.006067595534690435
competition,without_sensitivity,r2,467,1840,0.029443180330444546
competition,without_sensitivity,r2,468,1850,0.006686936618999571
competition,without_sensitivity,r2,469,1854,0.009222769056557263
competition,without_sensitivity,r2,470,1860,0.011465803494700137
competition,without_sensitivity,r2,471,1862,0.018321575177572186
competition,without_sensitivity,r2,472,1866,0.006968576257518717
competition,without_sensitivity,r2,473,1868,0.010742876294823579
competition,without_sensitivity,r2,474,1869,0.008479212498286785
competition,without_sensitivity,r2,475,1870,0.005987613895388619
competition,without_sensitivity,r2,476,1872,0.005818245291724008
competition,without_sensitivity,r2,477,1877,0.029533753013356222
competition,without_sensitivity,r2,478,1881,0.007061685784355148
competition,without_sensitivity,r2,479,1895,0.010359005645268638
competition,without_sensitivity,r2,480,1899,0.004365100315487407
competition,without_sensitivity,r2,481,1902,0.015716850592164846
competition,without_sensitivity,r2,482,1910,0.0055319283423153915
competition,without_sensitivity,r2,483,1913,0.022376712799937717
competition,without_sensitivity,r2,484,1915,0.006006112822323247
competition,without_sensitivity,r2,485,1916,0.003337264680874091
competition,without_sensitivity,r2,486,1918,0.017773697227029834
competition,without_sensitivity,r2,487,1919,0.012824259480321992
competition,without_sensitivity,r2,488,1926,0.006370981653655413
competition,without_sensitivity,r2,489,1932,0.015600464215808801
competition,without_sensitivity,r2,490,1935,0.00554343177664468
competition,without_sensitivity,r2,491,1952,0.009021672685611156
competition,without_sensitivity,r2,492,1953,0.019413754181176326
competition,without_sensitivity,r2,493,1956,0.006469380596966073
competition,without_sensitivity,r2,494,1958,0.006150937787554947
competition,without_sensitivity,r2,495,1962,0.006675587998544785
competition,without_sensitivity,r2,496,1963,0.008765259983214991
competition,without_sensitivity,r2,497,1967,0.01137811382864946
competition,without_sensitivity,r2,498,1972,0.007083322469485412
competition,without_sensitivity,r2,499,1979,0.02226762894035884
competition,without_sensitivity,r2,500,1983,0.004200680248998135
competition,without_sensitivity,r2,501,1985,0.003026331809701587
competition,without_sensitivity,r2,502,2008,0.01812250017588462
competition,without_sensitivity,r2,503,2009,0.0022045756194918687
competition,without_sensitivity,r2,504,2010,0.010316150643120156
competition,without_sensitivity,r2,505,2015,0.007313925452019913
competition,without_sensitivity,r2,506,2016,0.015318660183649047
competition,without_sensitivity,r2,507,2022,0.006687464529992901
competition,without_sensitivity,r2,508,2024,0.003493864540749483
competition,without_sensitivity,r2,509,2033,0.014487939464832664
competition,without_sensitivity,r2,510,2038,0.02038185451408751
competition,without_sensitivity,r2,511,2045,0.005602045425366534
competition,with_sensitivity,overall,0,0,0.008379570575338507
competition,with_sensitivity,overall,1,8,0.008536154685995544
competition,with_sensitivity,overall,2,10,0.002231922494630863
competition,with_sensitivity,overall,3,11,0.0030717461820365657
competition,with_sensitivity,overall,4,12,0.005616597310869744
competition,with_sensitivity,overall,5,16,0.004986041647580746
competition,with_sensitivity,overall,6,28,0.0023236821532824315
competition,with_sensitivity,overall,7,32,0.004585538964951415
competition,with_sensitivity,overall,8,33,0.004155856492921955
competition,with_sensitivity,overall,9,38,0.007579758369174369
competition,with_sensitivity,overall,10,43,0.004600248566165731
competition,with_sensitivity,overall,11,44,0.002527867682462427
competition,with_sensitivity,overall,12,47,0.0032172941612222386
competition,with_sensitivity,overall,13,57,0.003913984589662917
competition,with_sensitivity,overall,14,58,0.005288461445070798
competition,with_sensitivity,overall,15,59,0.005859929171052563
competition,with_sensitivity,overall,16,63,0.00460111137357979
competition,with_sensitivity,overall,17,66,0.002593053486757716
competition,with_sensitivity,overall,18,72,0.003113296804861954
competition,with_sensitivity,overall,19,73,0.004879272552376292
competition,with_sensitivity,overall,20,83,0.004742035941800294
competition,with_sensitivity,overall,21,86,0.002631786921571961
competition,with_sensitivity,overall,22,87,0.0027229044525773002
competition,with_sensitivity,overall,23,88,0.0031189587251769357
competition,with_sensitivity,overall,24,89,0.002632946250675822
competition,with_sensitivity,overall,25,90,0.005994058822083686
competition,with_sensitivity,overall,26,92,0.003440860340436137
competition,with_sensitivity,overall,27,93,0.004703562920631164
competition,with_sensitivity,overall,28,99,0.0033423451117989356
competition,with_sensitivity,overall,29,105,0.0025185325214999096
competition,with_sensitivity,overall,30,108,0.005010259490437328
competition,with_sensitivity,overall,31,109,0.004654729246932058
competition,with_sensitivity,overall,32,111,0.006134325550820897
competition,with_sensitivity,overall,33,112,0.002723521489308322
competition,with_sensitivity,overall,34,116,0.005048552168364093
competition,with_sensitivity,overall,35,119,0.0024882039983986173
competition,with_sensitivity,overall,36,126,0.002281058161917379
competition,with_sensitivity,overall,37,128,0.0034121248248069223
competition,with_sensitivity,overall,38,129,0.010760727401226893
competition,with_sensitivity,overall,39,132,0.00370030702375533
competition,with_sensitivity,overall,40,140,0.0022459044823003784
competition,with_sensitivity,overall,41,142,0.011535643363196856
competition,with_sensitivity,overall,42,146,0.0027003269214904016
competition,with_sensitivity,overall,43,157,0.0036027014866495716
competition,with_sensitivity,overall,44,158,0.003067382997677553
competition,with_sensitivity,overall,45,162,0.002698921611213091
competition,with_sensitivity,overall,46,167,0.008016942579309093
competition,with_sensitivity,overall,47,169,0.004228657960163643
competition,with_sensitivity,overall,48,171,0.004220763311234126
competition,with_sensitivity,overall,49,175,0.00512203297067767
competition,with_sensitivity,overall,50,183,0.003385316750354299
competition,with_sensitivity,overall,51,185,0.0020515280779386633
competition,with_sensitivity,overall,52,188,0.002975508565164542
competition,with_sensitivity,overall,53,189,0.0030057492611384727
competition,with_sensitivity,overall,54,191,0.0024858907399205083
competition,with_sensitivity,overall,55,193,0.0031329098840597244
competition,with_sensitivity,overall,56,194,0.0031325924341856267
competition,with_sensitivity,overall,57,196,0.002470344227394041
competition,with_sensitivity,overall,58,199,0.0030786512866561792
competition,with_sensitivity,overall,59,206,0.0028248167872500624
competition,with_sensitivity,overall,60,207,0.007993607938000602
competition,with_sensitivity,overall,61,211,0.007115168907978972
competition,with_sensitivity,overall,62,214,0.0032458029901945478
competition,with_sensitivity,overall,63,215,0.004885354676333902
competition,with_sensitivity,overall,64,216,0.003426360856170137
competition,with_sensitivity,overall,65,217,0.003456626365357853
competition,with_sensitivity,overall,66,218,0.004239902340029429
competition,with_sensitivity,overall,67,219,0.004100649919081421
competition,with_sensitivity,overall,68,227,0.00289166891962228
competition,with_sensitivity,overall,69,231,0.003014863650260482
competition,with_sensitivity,overall,70,239,0.003322036979871541
competition,with_sensitivity,overall,71,240,0.00317994662711027
competition,with_sensitivity,overall,72,244,0.0028812691797143746
competition,with_sensitivity,overall,73,245,0.005316712613354589
competition,with_sensitivity,overall,74,246,0.006532377275956007
competition,with_sensitivity,overall,75,248,0.0040027217927583415
competition,with_sensitivity,overall,76,251,0.0032326188731678375
competition,with_sensitivity,overall,77,255,0.002639530082831543
competition,with_sensitivity,overall,78,264,0.002432075746755585
competition,with_sensitivity,overall,79,268,0.00465205817771624
competition,with_sensitivity,overall,80,269,0.003922627398512963
competition,with_sensitivity,overall,81,273,0.006884356034166474
competition,with_sensitivity,overall,82,282,0.003282820094857584
competition,with_sensitivity,overall,83,283,0.00878070582450515
competition,with_sensitivity,overall,84,285,0.002658837409218053
competition,with_sensitivity,overall,85,286,0.002170074030813037
competition,with_sensitivity,overall,86,287,0.002384385395076298
competition,with_sensitivity,overall,87,297,0.012090465542262906
competition,with_sensitivity,overall,88,302,0.00668926303124976
competition,with_sensitivity,overall,89,303,0.0031241373366370506
competition,with_sensitivity,overall,90,306,0.0016858981801383185
competition,with_sensitivity,overall,91,307,0.0015663452574211103
competition,with_sensitivity,overall,92,315,0.0023306134209648056
competition,with_sensitivity,overall,93,321,0.0023788369060965286
competition,with_sensitivity,overall,94,322,0.004661377505320212
competition,with_sensitivity,overall,95,327,0.0028807591915441574
competition,with_sensitivity,overall,96,328,0.00308745204394783
competition,with_sensitivity,overall,97,329,0.007566459622339816
competition,with_sensitivity,overall,98,332,0.00205197206164048
competition,with_sensitivity,overall,99,333,0.003412521604477809
competition,with_sensitivity,overall,100,335,0.0022117158758235686
competition,with_sensitivity,overall,101,337,0.0023380775941494237
competition,with_sensitivity,overall,102,340,0.002718172517051674
competition,with_sensitivity,overall,103,353,0.003554020516030997
competition,with_sensitivity,overall,104,367,0.0037474825661970145
competition,with_sensitivity,overall,105,375,0.003241736443578689
competition,with_sensitivity,overall,106,385,0.0025926409813034563
competition,with_sensitivity,overall,107,388,0.0020581561220248735
competition,with_sensitivity,overall,108,407,0.009663300977660274
competition,with_sensitivity,overall,109,408,0.004959781195026567
competition,with_sensitivity,overall,110,410,0.0030323040717832425
competition,with_sensitivity,overall,111,411,0.005667748054430946
competition,with_sensitivity,overall,112,416,0.004316200598981081
competition,with_sensitivity,overall,113,419,0.003206034454122177
competition,with_sensitivity,overall,114,420,0.002358823512563205
competition,with_sensitivity,overall,115,427,0.0025110916118064102
competition,with_sensitivity,overall,116,429,0.003157781212684943
competition,with_sensitivity,overall,117,442,0.009588757534041587
competition,with_sensitivity,overall,118,446,0.00550795502810696
competition,with_sensitivity,overall,119,451,0.0036368033287729386
competition,with_sensitivity,overall,120,455,0.004545349503533958
competition,with_sensitivity,overall,121,460,0.0029833318800853168
competition,with_sensitivity,overall,122,462,0.008189481824801125
competition,with_sensitivity,overall,123,465,0.0031854631709822907
competition,with_sensitivity,overall,124,474,0.003109764207305519
competition,with_sensitivity,overall,125,475,0.0023208804097657717
competition,with_sensitivity,overall,126,477,0.0022938185709657885
competition,with_sensitivity,overall,127,482,0.007980780724056698
competition,with_sensitivity,overall,128,484,0.006018981915166532
competition,with_sensitivity,overall,129,485,0.0028961055032142003
competition,with_sensitivity,overall,130,492,0.006104618503344116
competition,with_sensitivity,overall,131,503,0.005885009774551186
competition,with_sensitivity,overall,132,506,0.002311228186440193
competition,with_sensitivity,overall,133,507,0.003479992573916463
competition,with_sensitivity,overall,134,508,0.006288526802400805
competition,with_sensitivity,overall,135,509,0.0036887713685690346
competition,with_sensitivity,overall,136,523,0.004466814392232078
competition,with_sensitivity,overall,137,524,0.0036296203425534622
competition,with_sensitivity,overall,138,525,0.0021390575375408415
competition,with_sensitivity,overall,139,528,0.004250100627921633
competition,with_sensitivity,overall,140,529,0.002627347408556892
competition,with_sensitivity,overall,141,530,0.0055442699934481416
competition,with_sensitivity,overall,142,533,0.0064718442139792155
competition,with_sensitivity,overall,143,549,0.0015740350309014874
competition,with_sensitivity,overall,144,557,0.0033147049186144006
competition,with_sensitivity,overall,145,559,0.0052717830681154225
competition,with_sensitivity,overall,146,563,0.003050425671426221
competition,with_sensitivity,overall,147,565,0.0025874193939741845
competition,with_sensitivity,overall,148,566,0.004346742073497343
competition,with_sensitivity,overall,149,568,0.0024388500365403365
competition,with_sensitivity,overall,150,574,0.0029734056619390593
competition,with_sensitivity,overall,151,579,0.01024302106717377
competition,with_sensitivity,overall,152,589,0.002935266490844072
competition,with_sensitivity,overall,153,594,0.02200008873148433
competition,with_sensitivity,overall,154,597,0.0023284517163593855
competition,with_sensitivity,overall,155,599,0.0020919529285448376
competition,with_sensitivity,overall,156,605,0.02094160636599106
competition,with_sensitivity,overall,157,606,0.0033964711957464133
competition,with_sensitivity,overall,158,610,0.0026123838206862705
competition,with_sensitivity,overall,159,614,0.0023980775948017757
competition,with_sensitivity,overall,160,615,0.004585785397985471
competition,with_sensitivity,overall,161,616,0.0025565788504899015
competition,with_sensitivity,overall,162,618,0.004886791812709354
competition,with_sensitivity,overall,163,621,0.006094872560970086
competition,with_sensitivity,overall,164,623,0.004382227555304502
competition,with_sensitivity,overall,165,632,0.003299511751556959
competition,with_sensitivity,overall,166,637,0.003408539116167107
competition,with_sensitivity,overall,167,641,0.002753750009103009
competition,with_sensitivity,overall,168,646,0.004227262228553472
competition,with_sensitivity,overall,169,653,0.002906516150120731
competition,with_sensitivity,overall,170,660,0.0031125441502544817
competition,with_sensitivity,overall,171,664,0.0045593161432064076
competition,with_sensitivity,overall,172,667,0.0028561546703051977
competition,with_sensitivity,overall,173,673,0.0043693363728390154
competition,with_sensitivity,overall,174,687,0.0022348356659560227
competition,with_sensitivity,overall,175,697,0.0025940412942554074
competition,with_sensitivity,overall,176,703,0.0029799065115935683
competition,with_sensitivity,overall,177,708,0.004935925060506128
competition,with_sensitivity,overall,178,710,0.002672991087696183
competition,with_sensitivity,overall,179,711,0.003143285103100309
competition,with_sensitivity,overall,180,718,0.0036069832395104785
competition,with_sensitivity,overall,181,722,0.0018626577938090866
competition,with_sensitivity,overall,182,724,0.0032637773051397887
competition,with_sensitivity,overall,183,733,0.0038476295163218095
competition,with_sensitivity,overall,184,737,0.003284999083916119
competition,with_sensitivity,overall,185,748,0.004077911256901563
competition,with_sensitivity,overall,186,749,0.006536522696775328
competition,with_sensitivity,overall,187,752,0.005194827109172249
competition,with_sensitivity,overall,188,753,0.002535257210009656
competition,with_sensitivity,overall,189,754,0.004001895815880674
competition,with_sensitivity,overall,190,759,0.0030537892644048217
competition,with_sensitivity,overall,191,760,0.0034762849739887447
competition,with_sensitivity,overall,192,761,0.003606924523453061
competition,with_sensitivity,overall,193,762,0.004300644728553377
competition,with_sensitivity,overall,194,769,0.004345086471249302
competition,with_sensitivity,overall,195,774,0.008982879469923296
competition,with_sensitivity,overall,196,776,0.004735138950197042
competition,with_sensitivity,overall,197,777,0.004202517359986616
competition,with_sensitivity,overall,198,778,0.003780139717946906
competition,with_sensitivity,overall,199,779,0.004393616565091023
competition,with_sensitivity,overall,200,780,0.009584442916105156
competition,with_sensitivity,overall,201,781,0.005079508041374022
competition,with_sensitivity,overall,202,783,0.003483497361779283
competition,with_sensitivity,overall,203,790,0.0024743264643988148
competition,with_sensitivity,overall,204,797,0.002993499812395826
competition,with_sensitivity,overall,205,803,0.003109553738991259
competition,with_sensitivity,overall,206,805,0.004851034871387799
competition,with_sensitivity,overall,207,808,0.002748474329979368
competition,with_sensitivity,overall,208,809,0.0029048755069272614
competition,with_sensitivity,overall,209,810,0.00575784849970491
competition,with_sensitivity,overall,210,811,0.0022244180168708967
competition,with_sensitivity,overall,211,813,0.0046416704527554075
competition,with_sensitivity,overall,212,815,0.002372728706235939
competition,with_sensitivity,overall,213,816,0.002237237966018173
competition,with_sensitivity,overall,214,831,0.0026272945531101706
competition,with_sensitivity,overall,215,836,0.006387588978070964
competition,with_sensitivity,overall,216,838,0.0023530199703476577
competition,with_sensitivity,overall,217,841,0.0044707560692682545
competition,with_sensitivity,overall,218,843,0.002135255897302882
competition,with_sensitivity,overall,219,845,0.0027603617189545194
competition,with_sensitivity,overall,220,846,0.00540735779100151
competition,with_sensitivity,overall,221,854,0.0023047274472628053
competition,with_sensitivity,overall,222,859,0.003032247613148714
competition,with_sensitivity,overall,223,861,0.007206535663373409
competition,with_sensitivity,overall,224,862,0.002635467903213769
competition,with_sensitivity,overall,225,867,0.003386214702180088
competition,with_sensitivity,overall,226,869,0.00850287936596771
competition,with_sensitivity,overall,227,880,0.00443652044854299
competition,with_sensitivity,overall,228,886,0.0024871144900865077
competition,with_sensitivity,overall,229,887,0.0017674021354274342
competition,with_sensitivity,overall,230,889,0.003569993247035295
competition,with_sensitivity,overall,231,891,0.0020134427137161125
competition,with_sensitivity,overall,232,893,0.005074280346382008
competition,with_sensitivity,overall,233,895,0.008974870077506436
competition,with_sensitivity,overall,234,906,0.00423112659416536
competition,with_sensitivity,overall,235,908,0.0041274283440508935
competition,with_sensitivity,overall,236,912,0.0027638808556994503
competition,with_sensitivity,overall,237,913,0.0032150445165758383
competition,with_sensitivity,overall,238,916,0.002870839446345565
competition,with_sensitivity,overall,239,919,0.004892316455878098
competition,with_sensitivity,overall,240,929,0.002420154471608281
competition,with_sensitivity,overall,241,934,0.006382470937860358
competition,with_sensitivity,overall,242,942,0.007068809537652191
competition,with_sensitivity,overall,243,944,0.0038837802240758858
competition,with_sensitivity,overall,244,947,0.0031236444206748414
competition,with_sensitivity,overall,245,950,0.0054202202528874895
competition,with_sensitivity,overall,246,956,0.0067537112038142475
competition,with_sensitivity,overall,247,960,0.003220420982186135
competition,with_sensitivity,overall,248,965,0.004692471369684272
competition,with_sensitivity,overall,249,967,0.006119755900100797
competition,with_sensitivity,overall,250,970,0.002700385587868293
competition,with_sensitivity,overall,251,972,0.004076799670805934
competition,with_sensitivity,overall,252,976,0.006375289469313138
competition,with_sensitivity,overall,253,981,0.0030851616830312604
competition,with_sensitivity,overall,254,982,0.002924017129249663
competition,with_sensitivity,overall,255,990,0.0034111422429676597
competition,with_sensitivity,overall,256,991,0.005634640500151288
competition,with_sensitivity,overall,257,996,0.0030003786872529947
competition,with_sensitivity,overall,258,1007,0.002693446740552485
competition,with_sensitivity,overall,259,1013,0.0027927482042611625
competition,with_sensitivity,overall,260,1018,0.005789744394389141
competition,with_sensitivity,overall,261,1019,0.0030234112924329027
competition,with_sensitivity,overall,262,1023,0.005428267297097394
competition,with_sensitivity,overall,263,1024,0.0017363954182995425
competition,with_sensitivity,overall,264,1025,0.0029600979970720413
competition,with_sensitivity,overall,265,1032,0.004220751689429304
competition,with_sensitivity,overall,266,1033,0.0038060286126308297
competition,with_sensitivity,overall,267,1037,0.00263962972182071
competition,with_sensitivity,overall,268,1039,0.0026747931205757785
competition,with_sensitivity,overall,269,1041,0.0028683694591390557
competition,with_sensitivity,overall,270,1043,0.004121945452243207
competition,with_sensitivity,overall,271,1044,0.0027980313463925334
competition,with_sensitivity,overall,272,1049,0.00441007196647088
competition,with_sensitivity,overall,273,1050,0.0019331268076956622
competition,with_sensitivity,overall,274,1061,0.004698859287018547
competition,with_sensitivity,overall,275,1062,0.002915182618506221
competition,with_sensitivity,overall,276,1064,0.0020400452089158728
competition,with_sensitivity,overall,277,1065,0.007068849537521928
competition,with_sensitivity,overall,278,1066,0.00439648940879245
competition,with_sensitivity,overall,279,1077,0.0026105804577894764
competition,with_sensitivity,overall,280,1083,0.006501162754886229
competition,with_sensitivity,overall,281,1085,0.00291150101381473
competition,with_sensitivity,overall,282,1086,0.004041428570206943
competition,with_sensitivity,overall,283,1087,0.0025524673541985196
competition,with_sensitivity,overall,284,1088,0.0023916153649189394
competition,with_sensitivity,overall,285,1094,0.0028097460435087666
competition,with_sensitivity,overall,286,1097,0.002769589040825423
competition,with_sensitivity,overall,287,1102,0.002416961460233171
competition,with_sensitivity,overall,288,1103,0.004405972030342611
competition,with_sensitivity,overall,289,1108,0.002973056297482019
competition,with_sensitivity,overall,290,1109,0.0026676485802117934
competition,with_sensitivity,overall,291,1111,0.004282736039241877
competition,with_sensitivity,overall,292,1112,0.006252534327128373
competition,with_sensitivity,overall,293,1125,0.004017843547041244
competition,with_sensitivity,overall,294,1126,0.002759357125975513
competition,with_sensitivity,overall,295,1129,0.003973318508279886
competition,with_sensitivity,overall,296,1132,0.0028235812123139923
competition,with_sensitivity,overall,297,1134,0.0020699390234932493
competition,with_sensitivity,overall,298,1148,0.0030546445948917587
competition,with_sensitivity,overall,299,1157,0.006507785146697027
competition,with_sensitivity,overall,300,1161,0.0023394017245204563
competition,with_sensitivity,overall,301,1162,0.009068655417547599
competition,with_sensitivity,overall,302,1163,0.006289189197629367
competition,with_sensitivity,overall,303,1164,0.0024843208496863026
competition,with_sensitivity,overall,304,1165,0.0031122839405952627
competition,with_sensitivity,overall,305,1167,0.0031649348742203037
competition,with_sensitivity,overall,306,1168,0.0031399032253654883
competition,with_sensitivity,overall,307,1169,0.0036618306447459247
competition,with_sensitivity,overall,308,1174,0.003878013626876973
competition,with_sensitivity,overall,309,1180,0.002687621834334152
competition,with_sensitivity,overall,310,1182,0.003901384922624013
competition,with_sensitivity,overall,311,1185,0.0030083171204875496
competition,with_sensitivity,overall,312,1191,0.005538195150518569
competition,with_sensitivity,overall,313,1193,0.004778330776556952
competition,with_sensitivity,overall,314,1194,0.00281469167893467
competition,with_sensitivity,overall,315,1200,0.002325056636636982
competition,with_sensitivity,overall,316,1203,0.0036338220224035466
competition,with_sensitivity,overall,317,1206,0.00941045655020505
competition,with_sensitivity,overall,318,1208,0.0027810917320576244
competition,with_sensitivity,overall,319,1214,0.003370496803979854
competition,with_sensitivity,overall,320,1215,0.0022101848921453706
competition,with_sensitivity,overall,321,1216,0.0030461533179344893
competition,with_sensitivity,overall,322,1217,0.007241267140946657
competition,with_sensitivity,overall,323,1220,0.005029425896635473
competition,with_sensitivity,overall,324,1235,0.002145543768891725
competition,with_sensitivity,overall,325,1240,0.004174065636520842
competition,with_sensitivity,overall,326,1243,0.004330179921848177
competition,with_sensitivity,overall,327,1245,0.005031601225793332
competition,with_sensitivity,overall,328,1250,0.008774454731767285
competition,with_sensitivity,overall,329,1251,0.0047261976945722
competition,with_sensitivity,overall,330,1254,0.005281582221741811
competition,with_sensitivity,overall,331,1256,0.0024664537415521283
competition,with_sensitivity,overall,332,1260,0.002725360045500585
competition,with_sensitivity,overall,333,1262,0.0027593168950685483
competition,with_sensitivity,overall,334,1266,0.008345333400197812
competition,with_sensitivity,overall,335,1267,0.005968399856131314
competition,with_sensitivity,overall,336,1274,0.0021024338475083334
competition,with_sensitivity,overall,337,1275,0.006026009508283452
competition,with_sensitivity,overall,338,1277,0.003545039682568202
competition,with_sensitivity,overall,339,1278,0.0042592640729455355
competition,with_sensitivity,overall,340,1284,0.0033425366146668492
competition,with_sensitivity,overall,341,1285,0.0019998945806901074
competition,with_sensitivity,overall,342,1286,0.003597822418322166
competition,with_sensitivity,overall,343,1287,0.00945081735971138
competition,with_sensitivity,overall,344,1291,0.0046545275326584055
competition,with_sensitivity,overall,345,1292,0.004040349514496683
competition,with_sensitivity,overall,346,1293,0.003908357676416939
competition,with_sensitivity,overall,347,1294,0.0025376514065615107
competition,with_sensitivity,overall,348,1298,0.005583136344545795
competition,with_sensitivity,overall,349,1299,0.002820736983336793
competition,with_sensitivity,overall,350,1306,0.003417604936478605
competition,with_sensitivity,overall,351,1307,0.0020473366654994813
competition,with_sensitivity,overall,352,1314,0.004007949798264948
competition,with_sensitivity,overall,353,1319,0.00477013033821349
competition,with_sensitivity,overall,354,1326,0.0032947645819141305
competition,with_sensitivity,overall,355,1327,0.0036843872914885324
competition,with_sensitivity,overall,356,1331,0.0028218929020854323
competition,with_sensitivity,overall,357,1340,0.0036653320976365302
competition,with_sensitivity,overall,358,1343,0.0033771537696423485
competition,with_sensitivity,overall,359,1344,0.00274735236032849
competition,with_sensitivity,overall,360,1346,0.005467879236665252
competition,with_sensitivity,overall,361,1350,0.003072168335871414
competition,with_sensitivity,overall,362,1367,0.004398511896763647
competition,with_sensitivity,overall,363,1368,0.004941122451373764
competition,with_sensitivity,overall,364,1369,0.004447859471931856
competition,with_sensitivity,overall,365,1373,0.009120490124752436
competition,with_sensitivity,overall,366,1379,0.005150459906996911
competition,with_sensitivity,overall,367,1382,0.006763985111317831
competition,with_sensitivity,overall,368,1385,0.0030607803422910227
competition,with_sensitivity,overall,369,1387,0.004552220207696865
competition,with_sensitivity,overall,370,1392,0.005699124432004518
competition,with_sensitivity,overall,371,1395,0.005978792693730166
competition,with_sensitivity,overall,372,1398,0.00286879250808054
competition,with_sensitivity,overall,373,1402,0.006571589164930628
competition,with_sensitivity,overall,374,1403,0.0019487196317144518
competition,with_sensitivity,overall,375,1404,0.0054365665226871725
competition,with_sensitivity,overall,376,1411,0.002652647644541102
competition,with_sensitivity,overall,377,1412,0.0032968292064016747
competition,with_sensitivity,overall,378,1416,0.004479452705969986
competition,with_sensitivity,overall,379,1423,0.0023749946332467242
competition,with_sensitivity,overall,380,1427,0.0023678767237901837
competition,with_sensitivity,overall,381,1432,0.008531661737626924
competition,with_sensitivity,overall,382,1433,0.0027629500385296635
competition,with_sensitivity,overall,383,1437,0.003857025170303749
competition,with_sensitivity,overall,384,1442,0.005901913769524176
competition,with_sensitivity,overall,385,1445,0.0034483975617600163
competition,with_sensitivity,overall,386,1448,0.008260088060434417
competition,with_sensitivity,overall,387,1452,0.002390058665995629
competition,with_sensitivity,overall,388,1453,0.004298519434845361
competition,with_sensitivity,overall,389,1470,0.0026050805804192396
competition,with_sensitivity,overall,390,1483,0.0017209346017969562
competition,with_sensitivity,overall,391,1488,0.0030904807174099613
competition,with_sensitivity,overall,392,1491,0.002563440938598626
competition,with_sensitivity,overall,393,1494,0.0031185391551119706
competition,with_sensitivity,overall,394,1495,0.002399607629344723
competition,with_sensitivity,overall,395,1503,0.0034017781316992204
competition,with_sensitivity,overall,396,1504,0.009993156749875644
competition,with_sensitivity,overall,397,1508,0.005592908331757129
competition,with_sensitivity,overall,398,1512,0.009826760587600803
competition,with_sensitivity,overall,399,1526,0.0025041829906924354
competition,with_sensitivity,overall,400,1529,0.010865011563280506
competition,with_sensitivity,overall,401,1534,0.002952340586581582
competition,with_sensitivity,overall,402,1554,0.004187131340005783
competition,with_sensitivity,overall,403,1567,0.003158398931867046
competition,with_sensitivity,overall,404,1569,0.006032566193417735
competition,with_sensitivity,overall,405,1571,0.003154965019829682
competition,with_sensitivity,overall,406,1575,0.004062675462123872
competition,with_sensitivity,overall,407,1580,0.0028397370796383044
competition,with_sensitivity,overall,408,1584,0.0029468312583153682
competition,with_sensitivity,overall,409,1585,0.0057862639784766355
competition,with_sensitivity,overall,410,1593,0.0019319960841924855
competition,with_sensitivity,overall,411,1594,0.004249098825516097
competition,with_sensitivity,overall,412,1598,0.003736104389342138
competition,with_sensitivity,overall,413,1599,0.004153341647624769
competition,with_sensitivity,overall,414,1601,0.0015706624765573082
competition,with_sensitivity,overall,415,1605,0.0015615772524496868
competition,with_sensitivity,overall,416,1623,0.0023034256587537213
competition,with_sensitivity,overall,417,1627,0.0020096138655268337
competition,with_sensitivity,overall,418,1628,0.0027950815214612752
competition,with_sensitivity,overall,419,1629,0.007907520204328531
competition,with_sensitivity,overall,420,1634,0.007265033879448274
competition,with_sensitivity,overall,421,1637,0.008066915666510506
competition,with_sensitivity,overall,422,1640,0.0032373576944701036
competition,with_sensitivity,overall,423,1643,0.005151601380530845
competition,with_sensitivity,overall,424,1644,0.002624918677022717
competition,with_sensitivity,overall,425,1648,0.0022544167008320863
competition,with_sensitivity,overall,426,1657,0.00500637193581283
competition,with_sensitivity,overall,427,1675,0.0030506203964598237
competition,with_sensitivity,overall,428,1682,0.0020852088693965663
competition,with_sensitivity,overall,429,1695,0.007011598954987687
competition,with_sensitivity,overall,430,1697,0.0027918195083677416
competition,with_sensitivity,overall,431,1706,0.00345906748463004
competition,with_sensitivity,overall,432,1715,0.00405318103064283
competition,with_sensitivity,overall,433,1717,0.005444535373171995
competition,with_sensitivity,overall,434,1718,0.003378095068157076
competition,with_sensitivity,overall,435,1720,0.002354949463848557
competition,with_sensitivity,overall,436,1725,0.0025416438704773912
competition,with_sensitivity,overall,437,1729,0.0020559460989956887
competition,with_sensitivity,overall,438,1733,0.002823999252874193
competition,with_sensitivity,overall,439,1735,0.003264094384035318
competition,with_sensitivity,overall,440,1736,0.0020903223787089214
competition,with_sensitivity,overall,441,1738,0.002416503790479941
competition,with_sensitivity,overall,442,1739,0.0029807649526702434
competition,with_sensitivity,overall,443,1743,0.0025744334502177677
competition,with_sensitivity,overall,444,1745,0.00807557459312226
competition,with_sensitivity,overall,445,1755,0.003766669643989745
competition,with_sensitivity,overall,446,1760,0.0029397678108178276
competition,with_sensitivity,overall,447,1764,0.01133535033375074
competition,with_sensitivity,overall,448,1767,0.003677418515208523
competition,with_sensitivity,overall,449,1771,0.004829384444264563
competition,with_sensitivity,overall,450,1776,0.002703868573709759
competition,with_sensitivity,overall,451,1784,0.0024086951066763064
competition,with_sensitivity,overall,452,1788,0.0035051100598972548
competition,with_sensitivity,overall,453,1794,0.003209815188050624
competition,with_sensitivity,overall,454,1796,0.005273261536445294
competition,with_sensitivity,overall,455,1798,0.003607409518010318
competition,with_sensitivity,overall,456,1800,0.0036163428478759646
competition,with_sensitivity,overall,457,1802,0.01344789618166387
competition,with_sensitivity,overall,458,1804,0.0026936624714502568
competition,with_sensitivity,overall,459,1808,0.003779995317867119
competition,with_sensitivity,overall,460,1815,0.0036161757308878204
competition,with_sensitivity,overall,461,1817,0.003230078461856497
competition,with_sensitivity,overall,462,1819,0.005306458612252253
competition,with_sensitivity,overall,463,1823,0.003312300416751693
competition,with_sensitivity,overall,464,1826,0.0028900080997302634
competition,with_sensitivity,overall,465,1834,0.00511700101757364
competition,with_sensitivity,overall,466,1836,0.003170445180013449
competition,with_sensitivity,overall,467,1840,0.01437895788095105
competition,with_sensitivity,overall,468,1850,0.0027217443651054224
competition,with_sensitivity,overall,469,1854,0.004885030202535842
competition,with_sensitivity,overall,470,1860,0.0077451912246558965
competition,with_sensitivity,overall,471,1862,0.006117752188135433
competition,with_sensitivity,overall,472,1866,0.002688920633065129
competition,with_sensitivity,overall,473,1868,0.0021109616222327603
competition,with_sensitivity,overall,474,1869,0.003942565576305434
competition,with_sensitivity,overall,475,1870,0.0040255849505665174
competition,with_sensitivity,overall,476,1872,0.00412742677837361
competition,with_sensitivity,overall,477,1877,0.01952047928127288
competition,with_sensitivity,overall,478,1881,0.002808690806184794
competition,with_sensitivity,overall,479,1895,0.0037252079954422715
competition,with_sensitivity,overall,480,1899,0.0035812543841199835
competition,with_sensitivity,overall,481,1902,0.007968602529757814
competition,with_sensitivity,overall,482,1910,0.0016331903839293994
competition,with_sensitivity,overall,483,1913,0.0032306771015413603
competition,with_sensitivity,overall,484,1915,0.0026483241939178376
competition,with_sensitivity,overall,485,1916,0.003347002712673975
competition,with_sensitivity,overall,486,1918,0.0037707153240289855
competition,with_sensitivity,overall,487,1919,0.018379425270255635
competition,with_sensitivity,overall,488,1926,0.0035757548580874956
competition,with_sensitivity,overall,489,1932,0.007920066479301876
competition,with_sensitivity,overall,490,1935,0.004512799496282882
competition,with_sensitivity,overall,491,1952,0.005272180135211811
competition,with_sensitivity,overall,492,1953,0.003876371800022909
competition,with_sensitivity,overall,493,1956,0.003707688804611465
competition,with_sensitivity,overall,494,1958,0.005301894600895045
competition,with_sensitivity,overall,495,1962,0.002418033382107154
competition,with_sensitivity,overall,496,1963,0.0026090626397705648
competition,with_sensitivity,overall,497,1967,0.0034539917131420433
competition,with_sensitivity,overall,498,1972,0.004912233124330327
competition,with_sensitivity,overall,499,1979,0.006359313998192522
competition,with_sensitivity,overall,500,1983,0.0031124501931059545
competition,with_sensitivity,overall,501,1985,0.0022120665122435925
competition,with_sensitivity,overall,502,2008,0.003735678610064877
competition,with_sensitivity,overall,503,2009,0.0027506521288996675
competition,with_sensitivity,overall,504,2010,0.003006427560925188
competition,with_sensitivity,overall,505,2015,0.0037458101267136743
competition,with_sensitivity,overall,506,2016,0.007409124417971464
competition,with_sensitivity,overall,507,2022,0.004583487075629843
competition,with_sensitivity,overall,508,2024,0.0023335393714536256
competition,with_sensitivity,overall,509,2033,0.0027603518690369148
competition,with_sensitivity,overall,510,2038,0.005312538523491048
competition,with_sensitivity,overall,511,2045,0.0033809914718510164
competition,with_sensitivity,r1,0,0,0.016049244027841206
competition,with_sensitivity,r1,1,8,0.006680030036900135
competition,with_sensitivity,r1,2,10,0.0020908320511304574
competition,with_sensitivity,r1,3,11,0.0037055311252339866
competition,with_sensitivity,r1,4,12,0.010348436323796813
competition,with_sensitivity,r1,5,16,0.004700240649475603
competition,with_sensitivity,r1,6,28,0.0027378813407025237
competition,with_sensitivity,r1,7,32,0.0031685394059993042
competition,with_sensitivity,r1,8,33,0.005428653218782051
competition,with_sensitivity,r1,9,38,0.00925153187784726
competition,with_sensitivity,r1,10,43,0.0036112358058189146
competition,with_sensitivity,r1,11,44,0.002347261835961513
competition,with_sensitivity,r1,12,47,0.002183181388550168
competition,with_sensitivity,r1,13,57,0.00707941890126501
competition,with_sensitivity,r1,14,58,0.0036195666967128843
competition,with_sensitivity,r1,15,59,0.010402016451761436
competition,with_sensitivity,r1,16,63,0.008463713238575558
competition,with_sensitivity,r1,17,66,0.0027093089869884494
competition,with_sensitivity,r1,18,72,0.002769953060316436
competition,with_sensitivity,r1,19,73,0.003977843213560406
competition,with_sensitivity,r1,20,83,0.006874456381986076
competition,with_sensitivity,r1,21,86,0.0022751255072167953
competition,with_sensitivity,r1,22,87,0.0026289716459096855
competition,with_sensitivity,r1,23,88,0.0030636924256806385
competition,with_sensitivity,r1,24,89,0.002992959904256043
competition,with_sensitivity,r1,25,90,0.005808092020895588
competition,with_sensitivity,r1,26,92,0.0014828121560198893
competition,with_sensitivity,r1,27,93,0.00444694784946381
competition,with_sensitivity,r1,28,99,0.0036812943138781473
competition,with_sensitivity,r1,29,105,0.0025288608348579588
competition,with_sensitivity,r1,30,108,0.005462750788936586
competition,with_sensitivity,r1,31,109,0.0029375357666835255
competition,with_sensitivity,r1,32,111,0.00739739898978194
competition,with_sensitivity,r1,33,112,0.003756935647306359
competition,with_sensitivity,r1,34,116,0.0076793138195797896
competition,with_sensitivity,r1,35,119,0.0024435255434501926
competition,with_sensitivity,r1,36,126,0.0019855310121509795
competition,with_sensitivity,r1,37,128,0.0016205200026260746
competition,with_sensitivity,r1,38,129,0.007700680193690671
competition,with_sensitivity,r1,39,132,0.0017536850750625545
competition,with_sensitivity,r1,40,140,0.002004348275973247
competition,with_sensitivity,r1,41,142,0.00807410728318576
competition,with_sensitivity,r1,42,146,0.0027788473134031885
competition,with_sensitivity,r1,43,157,0.0038050181302175822
competition,with_sensitivity,r1,44,158,0.002642232237925567
competition,with_sensitivity,r1,45,162,0.0026993054579343106
competition,with_sensitivity,r1,46,167,0.007872898008999773
competition,with_sensitivity,r1,47,169,0.0064090289876277025
competition,with_sensitivity,r1,48,171,0.004193722001836241
competition,with_sensitivity,r1,49,175,0.0022736041628228787
competition,with_sensitivity,r1,50,183,0.003407565052963236
competition,with_sensitivity,r1,51,185,0.0021039743398077017
competition,with_sensitivity,r1,52,188,0.0028056444736750475
competition,with_sensitivity,r1,53,189,0.0029021964494972624
competition,with_sensitivity,r1,54,191,0.0029602422545777075
competition,with_sensitivity,r1,55,193,0.0027938902151180794
competition,with_sensitivity,r1,56,194,0.0033686407368879218
competition,with_sensitivity,r1,57,196,0.0020762949399994457
competition,with_sensitivity,r1,58,199,0.002897688759949081
competition,with_sensitivity,r1,59,206,0.002842380371307583
competition,with_sensitivity,r1,60,207,0.008943053030505927
competition,with_sensitivity,r1,61,211,0.009554506044805003
competition,with_sensitivity,r1,62,214,0.002347877583039327
competition,with_sensitivity,r1,63,215,0.006793493283477464
competition,with_sensitivity,r1,64,216,0.0021286903255625478
competition,with_sensitivity,r1,65,217,0.003440102161747349
competition,with_sensitivity,r1,66,218,0.00345578454113391
competition,with_sensitivity,r1,67,219,0.0039910229104531125
competition,with_sensitivity,r1,68,227,0.00196648517962711
competition,with_sensitivity,r1,69,231,0.002164576844736341
competition,with_sensitivity,r1,70,239,0.0015767879117791323
competition,with_sensitivity,r1,71,240,0.0036219159339765743
competition,with_sensitivity,r1,72,244,0.0025235122856923607
competition,with_sensitivity,r1,73,245,0.0051666102385174
competition,with_sensitivity,r1,74,246,0.004135182097043255
competition,with_sensitivity,r1,75,248,0.002459009694018647
competition,with_sensitivity,r1,76,251,0.0026211935883632856
competition,with_sensitivity,r1,77,255,0.0028732308704845447
competition,with_sensitivity,r1,78,264,0.0020411017422697244
competition,with_sensitivity,r1,79,268,0.00832422287588588
competition,with_sensitivity,r1,80,269,0.0022628144382007146
competition,with_sensitivity,r1,81,273,0.005150594522299969
competition,with_sensitivity,r1,82,282,0.003147291973052415
competition,with_sensitivity,r1,83,283,0.004951022043022464
competition,with_sensitivity,r1,84,285,0.002551711604438314
competition,with_sensitivity,r1,85,286,0.001891380899056458
competition,with_sensitivity,r1,86,287,0.0021859889258750258
competition,with_sensitivity,r1,87,297,0.005106408914246953
competition,with_sensitivity,r1,88,302,0.00706659993101176
competition,with_sensitivity,r1,89,303,0.002914559924143135
competition,with_sensitivity,r1,90,306,0.0014249469120228516
competition,with_sensitivity,r1,91,307,0.0011915555537992434
competition,with_sensitivity,r1,92,315,0.001684281630155259
competition,with_sensitivity,r1,93,321,0.0017714948468391478
competition,with_sensitivity,r1,94,322,0.004292671042009068
competition,with_sensitivity,r1,95,327,0.0012689103610266017
competition,with_sensitivity,r1,96,328,0.002655050136588968
competition,with_sensitivity,r1,97,329,0.0060712839337903075
competition,with_sensitivity,r1,98,332,0.0019469740323924626
competition,with_sensitivity,r1,99,333,0.002441342561075333
competition,with_sensitivity,r1,100,335,0.0019352299167689191
competition,with_sensitivity,r1,101,337,0.001730500704832162
competition,with_sensitivity,r1,102,340,0.0020947479889023035
competition,with_sensitivity,r1,103,353,0.003685334288897858
competition,with_sensitivity,r1,104,367,0.0031305598028431927
competition,with_sensitivity,r1,105,375,0.0031659910242151754
competition,with_sensitivity,r1,106,385,0.0030046345781216065
competition,with_sensitivity,r1,107,388,0.0019096554895393593
competition,with_sensitivity,r1,108,407,0.008654118843835792
competition,with_sensitivity,r1,109,408,0.005143100998447879
competition,with_sensitivity,r1,110,410,0.002794580151468345
competition,with_sensitivity,r1,111,411,0.006450602893443493
competition,with_sensitivity,r1,112,416,0.002920689935947227
competition,with_sensitivity,r1,113,419,0.0032319301510367543
competition,with_sensitivity,r1,114,420,0.002614650295274388
competition,with_sensitivity,r1,115,427,0.002317698118511161
competition,with_sensitivity,r1,116,429,0.0028808396691010836
competition,with_sensitivity,r1,117,442,0.008622418400804433
competition,with_sensitivity,r1,118,446,0.004855510160097604
competition,with_sensitivity,r1,119,451,0.003467363350469256
competition,with_sensitivity,r1,120,455,0.005067776019886698
competition,with_sensitivity,r1,121,460,0.0029028479793714083
competition,with_sensitivity,r1,122,462,0.010569044604320564
competition,with_sensitivity,r1,123,465,0.002814334572301979
competition,with_sensitivity,r1,124,474,0.002337394957304555
competition,with_sensitivity,r1,125,475,0.0015847194572466872
competition,with_sensitivity,r1,126,477,0.0018312164790126534
competition,with_sensitivity,r1,127,482,0.0038655426672098434
competition,with_sensitivity,r1,128,484,0.004171176677188514
competition,with_sensitivity,r1,129,485,0.003546526975631264
competition,with_sensitivity,r1,130,492,0.005437630307523196
competition,with_sensitivity,r1,131,503,0.0052711662353948
competition,with_sensitivity,r1,132,506,0.0014321761719307251
competition,with_sensitivity,r1,133,507,0.003368877869960771
competition,with_sensitivity,r1,134,508,0.005276850821105908
competition,with_sensitivity,r1,135,509,0.002800613462808539
competition,with_sensitivity,r1,136,523,0.0051954396502413795
competition,with_sensitivity,r1,137,524,0.00334324616646919
competition,with_sensitivity,r1,138,525,0.0022934125951888083
competition,with_sensitivity,r1,139,528,0.005351887466555307
competition,with_sensitivity,r1,140,529,0.002607547432897363
competition,with_sensitivity,r1,141,530,0.0019671871291261646
competition,with_sensitivity,r1,142,533,0.00808223912527907
competition,with_sensitivity,r1,143,549,0.0009458616255646453
competition,with_sensitivity,r1,144,557,0.001972559512787367
competition,with_sensitivity,r1,145,559,0.00466138384131313
competition,with_sensitivity,r1,146,563,0.003144540290922936
competition,with_sensitivity,r1,147,565,0.0030136590301988813
competition,with_sensitivity,r1,148,566,0.003151310819448538
competition,with_sensitivity,r1,149,568,0.0023017020851676664
competition,with_sensitivity,r1,150,574,0.0028202947834157226
competition,with_sensitivity,r1,151,579,0.013211421751610667
competition,with_sensitivity,r1,152,589,0.0019801538942236453
competition,with_sensitivity,r1,153,594,0.02305399649402053
competition,with_sensitivity,r1,154,597,0.00277321345650805
competition,with_sensitivity,r1,155,599,0.002028709446227656
competition,with_sensitivity,r1,156,605,0.01841507072629502
competition,with_sensitivity,r1,157,606,0.005329468323462731
competition,with_sensitivity,r1,158,610,0.003417982195387504
competition,with_sensitivity,r1,159,614,0.002266183150841624
competition,with_sensitivity,r1,160,615,0.004279994119400027
competition,with_sensitivity,r1,161,616,0.0022575122127714937
competition,with_sensitivity,r1,162,618,0.00238132600369484
competition,with_sensitivity,r1,163,621,0.0021274857177862876
competition,with_sensitivity,r1,164,623,0.004861344032794289
competition,with_sensitivity,r1,165,632,0.0029914929170649293
competition,with_sensitivity,r1,166,637,0.00546706830403453
competition,with_sensitivity,r1,167,641,0.002728482984551257
competition,with_sensitivity,r1,168,646,0.0030530541551001137
competition,with_sensitivity,r1,169,653,0.002652567901469038
competition,with_sensitivity,r1,170,660,0.003157552719070488
competition,with_sensitivity,r1,171,664,0.004172709184017045
competition,with_sensitivity,r1,172,667,0.002897875691113305
competition,with_sensitivity,r1,173,673,0.002632919012199011
competition,with_sensitivity,r1,174,687,0.0014845855873431163
competition,with_sensitivity,r1,175,697,0.002783227460191994
competition,with_sensitivity,r1,176,703,0.002662226493138992
competition,with_sensitivity,r1,177,708,0.0043058537560760795
competition,with_sensitivity,r1,178,710,0.0020647037793273914
competition,with_sensitivity,r1,179,711,0.0033535060778651835
competition,with_sensitivity,r1,180,718,0.0028642900281942592
competition,with_sensitivity,r1,181,722,0.0019076861630677945
competition,with_sensitivity,r1,182,724,0.003963607287629497
competition,with_sensitivity,r1,183,733,0.0027916439987406513
competition,with_sensitivity,r1,184,737,0.0027938071694694503
competition,with_sensitivity,r1,185,748,0.006871138452875073
competition,with_sensitivity,r1,186,749,0.006947693012208777
competition,with_sensitivity,r1,187,752,0.004225240770804647
competition,with_sensitivity,r1,188,753,0.0022980451839773944
competition,with_sensitivity,r1,189,754,0.0032359954182538753
competition,with_sensitivity,r1,190,759,0.002794688874064997
competition,with_sensitivity,r1,191,760,0.004001316158166724
competition,with_sensitivity,r1,192,761,0.003844395332385368
competition,with_sensitivity,r1,193,762,0.00455714809487977
competition,with_sensitivity,r1,194,769,0.0022280043666002792
competition,with_sensitivity,r1,195,774,0.008002054949758178
competition,with_sensitivity,r1,196,776,0.002125624377309162
competition,with_sensitivity,r1,197,777,0.0026572058300899726
competition,with_sensitivity,r1,198,778,0.0024414931962621084
competition,with_sensitivity,r1,199,779,0.007661144331965079
competition,with_sensitivity,r1,200,780,0.0065899018209020195
competition,with_sensitivity,r1,201,781,0.0016849020640428754
competition,with_sensitivity,r1,202,783,0.003953933623943967
competition,with_sensitivity,r1,203,790,0.0033099493277951165
competition,with_sensitivity,r1,204,797,0.004016124970050818
competition,with_sensitivity,r1,205,803,0.0022217121992266628
competition,with_sensitivity,r1,206,805,0.0044754054708627256
competition,with_sensitivity,r1,207,808,0.0029584159069688315
competition,with_sensitivity,r1,208,809,0.0025414978991434756
competition,with_sensitivity,r1,209,810,0.006059692798247403
competition,with_sensitivity,r1,210,811,0.002262452060594491
competition,with_sensitivity,r1,211,813,0.004967283539511042
competition,with_sensitivity,r1,212,815,0.0025304936433065126
competition,with_sensitivity,r1,213,816,0.001301136867835697
competition,with_sensitivity,r1,214,831,0.0030747212522139085
competition,with_sensitivity,r1,215,836,0.00653248554286334
competition,with_sensitivity,r1,216,838,0.0019404901751807375
competition,with_sensitivity,r1,217,841,0.004534055827199847
competition,with_sensitivity,r1,218,843,0.0015711141044437024
competition,with_sensitivity,r1,219,845,0.0019487786740905952
competition,with_sensitivity,r1,220,846,0.007790530176478264
competition,with_sensitivity,r1,221,854,0.002028284959128621
competition,with_sensitivity,r1,222,859,0.002337518906979063
competition,with_sensitivity,r1,223,861,0.0092452293599326
competition,with_sensitivity,r1,224,862,0.002350974063796332
competition,with_sensitivity,r1,225,867,0.004365501726992091
competition,with_sensitivity,r1,226,869,0.008442513342635856
competition,with_sensitivity,r1,227,880,0.003293032527240706
competition,with_sensitivity,r1,228,886,0.0020146477943838222
competition,with_sensitivity,r1,229,887,0.001350225705821102
competition,with_sensitivity,r1,230,889,0.005211601659618076
competition,with_sensitivity,r1,231,891,0.0014234941906592499
competition,with_sensitivity,r1,232,893,0.003963727559321736
competition,with_sensitivity,r1,233,895,0.008894950149218268
competition,with_sensitivity,r1,234,906,0.004175793310984735
competition,with_sensitivity,r1,235,908,0.003737769840010253
competition,with_sensitivity,r1,236,912,0.0032775180294016687
competition,with_sensitivity,r1,237,913,0.0032044487625128267
competition,with_sensitivity,r1,238,916,0.0019472181227101685
competition,with_sensitivity,r1,239,919,0.006349485353442129
competition,with_sensitivity,r1,240,929,0.0015946687482246691
competition,with_sensitivity,r1,241,934,0.005935753079426934
competition,with_sensitivity,r1,242,942,0.007175089546659454
competition,with_sensitivity,r1,243,944,0.0033570672180872185
competition,with_sensitivity,r1,244,947,0.0038496830961793588
competition,with_sensitivity,r1,245,950,0.007004910179717313
competition,with_sensitivity,r1,246,956,0.010490532827987894
competition,with_sensitivity,r1,247,960,0.003818162926953809
competition,with_sensitivity,r1,248,965,0.004834098369321033
competition,with_sensitivity,r1,249,967,0.006999439551786677
competition,with_sensitivity,r1,250,970,0.002450175533077371
competition,with_sensitivity,r1,251,972,0.004528245727085118
competition,with_sensitivity,r1,252,976,0.0038771688871814987
competition,with_sensitivity,r1,253,981,0.004761590172478236
competition,with_sensitivity,r1,254,982,0.003800304682339187
competition,with_sensitivity,r1,255,990,0.0028010832201231166
competition,with_sensitivity,r1,256,991,0.007190191750640758
competition,with_sensitivity,r1,257,996,0.0025178421472930946
competition,with_sensitivity,r1,258,1007,0.002322860542205371
competition,with_sensitivity,r1,259,1013,0.0028880743132748596
competition,with_sensitivity,r1,260,1018,0.0023484442748945397
competition,with_sensitivity,r1,261,1019,0.004150441735805154
competition,with_sensitivity,r1,262,1023,0.009728057180151817
competition,with_sensitivity,r1,263,1024,0.0010313421576550429
competition,with_sensitivity,r1,264,1025,0.0025994265292274684
competition,with_sensitivity,r1,265,1032,0.0031032825122459867
competition,with_sensitivity,r1,266,1033,0.0062803740267322414
competition,with_sensitivity,r1,267,1037,0.003513757449846369
competition,with_sensitivity,r1,268,1039,0.002564805151928391
competition,with_sensitivity,r1,269,1041,0.0025350676324300088
competition,with_sensitivity,r1,270,1043,0.005822075530697129
competition,with_sensitivity,r1,271,1044,0.0029984776504008593
competition,with_sensitivity,r1,272,1049,0.004555777748001477
competition,with_sensitivity,r1,273,1050,0.0010962428098420264
competition,with_sensitivity,r1,274,1061,0.004617898461479742
competition,with_sensitivity,r1,275,1062,0.0026876443555703196
competition,with_sensitivity,r1,276,1064,0.0021402124711843522
competition,with_sensitivity,r1,277,1065,0.006047223521278822
competition,with_sensitivity,r1,278,1066,0.00245442365055886
competition,with_sensitivity,r1,279,1077,0.0040774668944007315
competition,with_sensitivity,r1,280,1083,0.004649586535699508
competition,with_sensitivity,r1,281,1085,0.0028913364963232577
competition,with_sensitivity,r1,282,1086,0.0029297690006482493
competition,with_sensitivity,r1,283,1087,0.002721587888356909
competition,with_sensitivity,r1,284,1088,0.0023606054380846024
competition,with_sensitivity,r1,285,1094,0.0027834912962398377
competition,with_sensitivity,r1,286,1097,0.0024457207361401907
competition,with_sensitivity,r1,287,1102,0.002380730524073485
competition,with_sensitivity,r1,288,1103,0.003203963011737009
competition,with_sensitivity,r1,289,1108,0.003072021289936465
competition,with_sensitivity,r1,290,1109,0.0020109814157650047
competition,with_sensitivity,r1,291,1111,0.0033226069045718984
competition,with_sensitivity,r1,292,1112,0.0036217662811866167
competition,with_sensitivity,r1,293,1125,0.004547937327962904
competition,with_sensitivity,r1,294,1126,0.0022447874954017984
competition,with_sensitivity,r1,295,1129,0.0028388467114992995
competition,with_sensitivity,r1,296,1132,0.0019723689868836837
competition,with_sensitivity,r1,297,1134,0.001484161983690199
competition,with_sensitivity,r1,298,1148,0.002752188540253056
competition,with_sensitivity,r1,299,1157,0.008388286321639895
competition,with_sensitivity,r1,300,1161,0.0019210719414305638
competition,with_sensitivity,r1,301,1162,0.009346295386323379
competition,with_sensitivity,r1,302,1163,0.010627807828087756
competition,with_sensitivity,r1,303,1164,0.0026572248629743696
competition,with_sensitivity,r1,304,1165,0.0036381165146913553
competition,with_sensitivity,r1,305,1167,0.002408031970987575
competition,with_sensitivity,r1,306,1168,0.004501872511875712
competition,with_sensitivity,r1,307,1169,0.0043507763761826725
competition,with_sensitivity,r1,308,1174,0.0026858701726295625
competition,with_sensitivity,r1,309,1180,0.0021327200178786893
competition,with_sensitivity,r1,310,1182,0.005195725219511419
competition,with_sensitivity,r1,311,1185,0.003164114607856252
competition,with_sensitivity,r1,312,1191,0.011062319136796384
competition,with_sensitivity,r1,313,1193,0.0025339300808602575
competition,with_sensitivity,r1,314,1194,0.002182172812190383
competition,with_sensitivity,r1,315,1200,0.0015510907154712948
competition,with_sensitivity,r1,316,1203,0.002972624596457925
competition,with_sensitivity,r1,317,1206,0.007866368325458138
competition,with_sensitivity,r1,318,1208,0.0028448521060258124
competition,with_sensitivity,r1,319,1214,0.0040512164765826525
competition,with_sensitivity,r1,320,1215,0.002017516782876347
competition,with_sensitivity,r1,321,1216,0.002499804789566611
competition,with_sensitivity,r1,322,1217,0.004608986383748285
competition,with_sensitivity,r1,323,1220,0.004051560086834949
competition,with_sensitivity,r1,324,1235,0.0016000031352770123
competition,with_sensitivity,r1,325,1240,0.005428652130988004
competition,with_sensitivity,r1,326,1243,0.004577457020933043
competition,with_sensitivity,r1,327,1245,0.004137902051508187
competition,with_sensitivity,r1,328,1250,0.014008655464776637
competition,with_sensitivity,r1,329,1251,0.0058966020217390246
competition,with_sensitivity,r1,330,1254,0.004590241559483409
competition,with_sensitivity,r1,331,1256,0.002328208660298061
competition,with_sensitivity,r1,332,1260,0.0027136721356796406
competition,with_sensitivity,r1,333,1262,0.0024558312819819455
competition,with_sensitivity,r1,334,1266,0.0074563838991655446
competition,with_sensitivity,r1,335,1267,0.003359182211267755
competition,with_sensitivity,r1,336,1274,0.0019464084888857582
competition,with_sensitivity,r1,337,1275,0.00563323228693744
competition,with_sensitivity,r1,338,1277,0.0024782963903072102
competition,with_sensitivity,r1,339,1278,0.0074453435244154955
competition,with_sensitivity,r1,340,1284,0.004208674227634402
competition,with_sensitivity,r1,341,1285,0.0032276756569482178
competition,with_sensitivity,r1,342,1286,0.004639379733220042
competition,with_sensitivity,r1,343,1287,0.00800278152186211
competition,with_sensitivity,r1,344,1291,0.007001141589514917
competition,with_sensitivity,r1,345,1292,0.006731214439958384
competition,with_sensitivity,r1,346,1293,0.004156129595755989
competition,with_sensitivity,r1,347,1294,0.0023656512439436343
competition,with_sensitivity,r1,348,1298,0.005064568116816751
competition,with_sensitivity,r1,349,1299,0.0026336100985375646
competition,with_sensitivity,r1,350,1306,0.0030347607142851077
competition,with_sensitivity,r1,351,1307,0.0014740680096427042
competition,with_sensitivity,r1,352,1314,0.006969183954711804
competition,with_sensitivity,r1,353,1319,0.0028728414492570423
competition,with_sensitivity,r1,354,1326,0.0023124754553611243
competition,with_sensitivity,r1,355,1327,0.0046365182031654455
competition,with_sensitivity,r1,356,1331,0.0026188186963498512
competition,with_sensitivity,r1,357,1340,0.0032927475138547742
competition,with_sensitivity,r1,358,1343,0.0017343277763897278
competition,with_sensitivity,r1,359,1344,0.002846805547988324
competition,with_sensitivity,r1,360,1346,0.007720626578367992
competition,with_sensitivity,r1,361,1350,0.0033231381666053417
competition,with_sensitivity,r1,362,1367,0.005539666104209857
competition,with_sensitivity,r1,363,1368,0.002073748480271782
competition,with_sensitivity,r1,364,1369,0.00396836846865995
competition,with_sensitivity,r1,365,1373,0.0067528664622256
competition,with_sensitivity,r1,366,1379,0.004414461973719717
competition,with_sensitivity,r1,367,1382,0.004919790679745006
competition,with_sensitivity,r1,368,1385,0.0021907205476523893
competition,with_sensitivity,r1,369,1387,0.006478711620918577
competition,with_sensitivity,r1,370,1392,0.007682958835239381
competition,with_sensitivity,r1,371,1395,0.004957324750158668
competition,with_sensitivity,r1,372,1398,0.002258676770008172
competition,with_sensitivity,r1,373,1402,0.008427466897101926
competition,with_sensitivity,r1,374,1403,0.001679403620160478
competition,with_sensitivity,r1,375,1404,0.004831229308945312
competition,with_sensitivity,r1,376,1411,0.0018637875875745133
competition,with_sensitivity,r1,377,1412,0.003222976757588047
competition,with_sensitivity,r1,378,1416,0.004912981285105512
competition,with_sensitivity,r1,379,1423,0.0017166189747725251
competition,with_sensitivity,r1,380,1427,0.0019392909875290175
competition,with_sensitivity,r1,381,1432,0.010061806303188002
competition,with_sensitivity,r1,382,1433,0.0030691886192536306
competition,with_sensitivity,r1,383,1437,0.0022387833662617825
competition,with_sensitivity,r1,384,1442,0.00803486443563679
competition,with_sensitivity,r1,385,1445,0.00518346524758597
competition,with_sensitivity,r1,386,1448,0.010703289158049347
competition,with_sensitivity,r1,387,1452,0.0018614584310182882
competition,with_sensitivity,r1,388,1453,0.005844334751020218
competition,with_sensitivity,r1,389,1470,0.0028050221870248564
competition,with_sensitivity,r1,390,1483,0.0015601111081095871
competition,with_sensitivity,r1,391,1488,0.0032450639375602827
competition,with_sensitivity,r1,392,1491,0.0019635705268872595
competition,with_sensitivity,r1,393,1494,0.0022857610035845882
competition,with_sensitivity,r1,394,1495,0.0018483782040902938
competition,with_sensitivity,r1,395,1503,0.0025563897322694483
competition,with_sensitivity,r1,396,1504,0.012171155438445823
competition,with_sensitivity,r1,397,1508,0.005255002052407242
competition,with_sensitivity,r1,398,1512,0.008743348780540672
competition,with_sensitivity,r1,399,1526,0.0016208248624266328
competition,with_sensitivity,r1,400,1529,0.013114759675929703
competition,with_sensitivity,r1,401,1534,0.0023324796940847018
competition,with_sensitivity,r1,402,1554,0.004281201997299353
competition,with_sensitivity,r1,403,1567,0.004159056210666575
competition,with_sensitivity,r1,404,1569,0.006246428932614299
competition,with_sensitivity,r1,405,1571,0.002262301443482557
competition,with_sensitivity,r1,406,1575,0.005392824978956756
competition,with_sensitivity,r1,407,1580,0.002030673227246426
competition,with_sensitivity,r1,408,1584,0.002881134408241884
competition,with_sensitivity,r1,409,1585,0.006469019707950395
competition,with_sensitivity,r1,410,1593,0.0016750787500271042
competition,with_sensitivity,r1,411,1594,0.0031720447125073215
competition,with_sensitivity,r1,412,1598,0.005203463846263676
competition,with_sensitivity,r1,413,1599,0.003476382280823739
competition,with_sensitivity,r1,414,1601,0.0012424049414623821
competition,with_sensitivity,r1,415,1605,0.0019681144698109124
competition,with_sensitivity,r1,416,1623,0.0018310818205138793
competition,with_sensitivity,r1,417,1627,0.0017645698814099332
competition,with_sensitivity,r1,418,1628,0.0026127504739772373
competition,with_sensitivity,r1,419,1629,0.006909310585070982
competition,with_sensitivity,r1,420,1634,0.005814385709670283
competition,with_sensitivity,r1,421,1637,0.006910850571178648
competition,with_sensitivity,r1,422,1640,0.004112950624086678
competition,with_sensitivity,r1,423,1643,0.005027387702872373
competition,with_sensitivity,r1,424,1644,0.001843851716558542
competition,with_sensitivity,r1,425,1648,0.0020832153077479814
competition,with_sensitivity,r1,426,1657,0.005548872920581145
competition,with_sensitivity,r1,427,1675,0.0031233364614936207
competition,with_sensitivity,r1,428,1682,0.0014225153149953313
competition,with_sensitivity,r1,429,1695,0.0036070372358647145
competition,with_sensitivity,r1,430,1697,0.0023873365773207193
competition,with_sensitivity,r1,431,1706,0.005623716800550792
competition,with_sensitivity,r1,432,1715,0.004318927099794141
competition,with_sensitivity,r1,433,1717,0.00416794936447393
competition,with_sensitivity,r1,434,1718,0.002204159512620241
competition,with_sensitivity,r1,435,1720,0.0022985242247987995
competition,with_sensitivity,r1,436,1725,0.002040470884817601
competition,with_sensitivity,r1,437,1729,0.0021039914368865638
competition,with_sensitivity,r1,438,1733,0.0016317880454427014
competition,with_sensitivity,r1,439,1735,0.003146761876703783
competition,with_sensitivity,r1,440,1736,0.0019470312870654702
competition,with_sensitivity,r1,441,1738,0.0025149771558778005
competition,with_sensitivity,r1,442,1739,0.002198760623989865
competition,with_sensitivity,r1,443,1743,0.0020083486474674157
competition,with_sensitivity,r1,444,1745,0.008507947965650431
competition,with_sensitivity,r1,445,1755,0.003358777628958518
competition,with_sensitivity,r1,446,1760,0.0018972951482916986
competition,with_sensitivity,r1,447,1764,0.011007670285067286
competition,with_sensitivity,r1,448,1767,0.004427245532324119
competition,with_sensitivity,r1,449,1771,0.004713525458651038
competition,with_sensitivity,r1,450,1776,0.0024606785323037015
competition,with_sensitivity,r1,451,1784,0.001469588668180958
competition,with_sensitivity,r1,452,1788,0.004202082217146052
competition,with_sensitivity,r1,453,1794,0.00246276298858138
competition,with_sensitivity,r1,454,1796,0.004458751783181986
competition,with_sensitivity,r1,455,1798,0.004095877289276631
competition,with_sensitivity,r1,456,1800,0.0038695193574425704
competition,with_sensitivity,r1,457,1802,0.016482997194708516
competition,with_sensitivity,r1,458,1804,0.0033227389616773046
competition,with_sensitivity,r1,459,1808,0.0025963483888128583
competition,with_sensitivity,r1,460,1815,0.004683139615304665
competition,with_sensitivity,r1,461,1817,0.0037439248438819748
competition,with_sensitivity,r1,462,1819,0.00544049084782127
competition,with_sensitivity,r1,463,1823,0.0064982423870765
competition,with_sensitivity,r1,464,1826,0.0021225694435022535
competition,with_sensitivity,r1,465,1834,0.004950746014977622
competition,with_sensitivity,r1,466,1836,0.0022972991130256557
competition,with_sensitivity,r1,467,1840,0.011583794618061066
competition,with_sensitivity,r1,468,1850,0.001967068955290862
competition,with_sensitivity,r1,469,1854,0.005957574114589832
competition,with_sensitivity,r1,470,1860,0.008181916345755347
competition,with_sensitivity,r1,471,1862,0.005197681893767179
competition,with_sensitivity,r1,472,1866,0.0030663340876539665
competition,with_sensitivity,r1,473,1868,0.0023533009532048753
competition,with_sensitivity,r1,474,1869,0.0036224602915036334
competition,with_sensitivity,r1,475,1870,0.004838310403992959
competition,with_sensitivity,r1,476,1872,0.00394821862773697
competition,with_sensitivity,r1,477,1877,0.02154297923181974
competition,with_sensitivity,r1,478,1881,0.002160075203040421
competition,with_sensitivity,r1,479,1895,0.004159572711169173
competition,with_sensitivity,r1,480,1899,0.0032593074362497467
competition,with_sensitivity,r1,481,1902,0.0077577658660315406
competition,with_sensitivity,r1,482,1910,0.0013897879387801146
competition,with_sensitivity,r1,483,1913,0.002200297614203926
competition,with_sensitivity,r1,484,1915,0.0028091007443215767
competition,with_sensitivity,r1,485,1916,0.003406350056847904
competition,with_sensitivity,r1,486,1918,0.0028741187084857824
competition,with_sensitivity,r1,487,1919,0.027157324609648207
competition,with_sensitivity,r1,488,1926,0.0036384092272060157
competition,with_sensitivity,r1,489,1932,0.007915677239160214
competition,with_sensitivity,r1,490,1935,0.004462864942445387
competition,with_sensitivity,r1,491,1952,0.0041294847970185745
competition,with_sensitivity,r1,492,1953,0.0023688569955698426
competition,with_sensitivity,r1,493,1956,0.004042748390483748
competition,with_sensitivity,r1,494,1958,0.006583564086668339
competition,with_sensitivity,r1,495,1962,0.0017802077253264966
competition,with_sensitivity,r1,496,1963,0.0018102151628837503
competition,with_sensitivity,r1,497,1967,0.0034244211931622887
competition,with_sensitivity,r1,498,1972,0.0051009486903189245
competition,with_sensitivity,r1,499,1979,0.0033685109212353444
competition,with_sensitivity,r1,500,1983,0.0040968719993908385
competition,with_sensitivity,r1,501,1985,0.002066680205812904
competition,with_sensitivity,r1,502,2008,0.0018428019281239456
competition,with_sensitivity,r1,503,2009,0.004333341174231709
competition,with_sensitivity,r1,504,2010,0.0019054043316912676
competition,with_sensitivity,r1,505,2015,0.0037358394628300468
competition,with_sensitivity,r1,506,2016,0.007242035788555131
competition,with_sensitivity,r1,507,2022,0.007532747040354399
competition,with_sensitivity,r1,508,2024,0.002446145720360127
competition,with_sensitivity,r1,509,2033,0.001571440247267186
competition,with_sensitivity,r1,510,2038,0.002518714417231164
competition,with_sensitivity,r1,511,2045,0.0034062363731917154
competition,with_sensitivity,r2,0,0,0.0033392557296471536
competition,with_sensitivity,r2,1,8,0.011096704925994998
competition,with_sensitivity,r2,2,10,0.00236741209735036
competition,with_sensitivity,r2,3,11,0.0028633463934309724
competition,with_sensitivity,r2,4,12,0.003929672651093395
competition,with_sensitivity,r2,5,16,0.005355101942243142
competition,with_sensitivity,r2,6,28,0.0020536248035990337
competition,with_sensitivity,r2,7,32,0.005313120581338442
competition,with_sensitivity,r2,8,33,0.0034694991864946947
competition,with_sensitivity,r2,9,38,0.005520670629887603
competition,with_sensitivity,r2,10,43,0.00595046819661024
competition,with_sensitivity,r2,11,44,0.002918778427643923
competition,with_sensitivity,r2,12,47,0.007549263501291444
competition,with_sensitivity,r2,13,57,0.0027322965967354765
competition,with_sensitivity,r2,14,58,0.007183932298697915
competition,with_sensitivity,r2,15,59,0.0030581772393517438
competition,with_sensitivity,r2,16,63,0.002526851233977931
competition,with_sensitivity,r2,17,66,0.002448807580910975
competition,with_sensitivity,r2,18,72,0.0037012139389214146
competition,with_sensitivity,r2,19,73,0.008204691675790646
competition,with_sensitivity,r2,20,83,0.002466648533147649
competition,with_sensitivity,r2,21,86,0.002914570299058768
competition,with_sensitivity,r2,22,87,0.002771738836930456
competition,with_sensitivity,r2,23,88,0.0031437512190297424
competition,with_sensitivity,r2,24,89,0.0025000857770504418
competition,with_sensitivity,r2,25,90,0.007326613237551393
competition,with_sensitivity,r2,26,92,0.007914002744437659
competition,with_sensitivity,r2,27,93,0.005554675845766209
competition,with_sensitivity,r2,28,99,0.002661126664078653
competition,with_sensitivity,r2,29,105,0.002511205316599524
competition,with_sensitivity,r2,30,108,0.004525387667993855
competition,with_sensitivity,r2,31,109,0.007233460322194048
competition,with_sensitivity,r2,32,111,0.0036397868219300105
competition,with_sensitivity,r2,33,112,0.0022987486305167367
competition,with_sensitivity,r2,34,116,0.0024157012060703844
competition,with_sensitivity,r2,35,119,0.0026525838793525877
competition,with_sensitivity,r2,36,126,0.0033254648048218816
competition,with_sensitivity,r2,37,128,0.008356065516972653
competition,with_sensitivity,r2,38,129,0.012660325185804356
competition,with_sensitivity,r2,39,132,0.006405040193131684
competition,with_sensitivity,r2,40,140,0.0027340605598145454
competition,with_sensitivity,r2,41,142,0.02004041614144837
competition,with_sensitivity,r2,42,146,0.0026690351116479263
competition,with_sensitivity,r2,43,157,0.0035361740675266613
competition,with_sensitivity,r2,44,158,0.0038311882572080987
competition,with_sensitivity,r2,45,162,0.0026986097620114043
competition,with_sensitivity,r2,46,167,0.008039926185012258
competition,with_sensitivity,r2,47,169,0.003394862335960545
competition,with_sensitivity,r2,48,171,0.004268517826518201
competition,with_sensitivity,r2,49,175,0.009862039804565969
competition,with_sensitivity,r2,50,183,0.0033230954012104037
competition,with_sensitivity,r2,51,185,0.001982221390751139
competition,with_sensitivity,r2,52,188,0.003219464587476658
competition,with_sensitivity,r2,53,189,0.0030895594402276356
competition,with_sensitivity,r2,54,191,0.0021447028238135235
competition,with_sensitivity,r2,55,193,0.004372565855868912
competition,with_sensitivity,r2,56,194,0.002913660385872569
competition,with_sensitivity,r2,57,196,0.0032947006889604206
competition,with_sensitivity,r2,58,199,0.003302312337741244
competition,with_sensitivity,r2,59,206,0.002766285819336403
competition,with_sensitivity,r2,60,207,0.0068994182530190094
competition,with_sensitivity,r2,61,211,0.006236870989071996
competition,with_sensitivity,r2,62,214,0.004851837420387419
competition,with_sensitivity,r2,63,215,0.0021895749015939485
competition,with_sensitivity,r2,64,216,0.0071750192490463325
competition,with_sensitivity,r2,65,217,0.0034775511855028394
competition,with_sensitivity,r2,66,218,0.005822277637892519
competition,with_sensitivity,r2,67,219,0.0041279349361028755
competition,with_sensitivity,r2,68,227,0.005036339997889523
competition,with_sensitivity,r2,69,231,0.0038831842345391585
competition,with_sensitivity,r2,70,239,0.0038130023545428237
competition,with_sensitivity,r2,71,240,0.002494202180500564
competition,with_sensitivity,r2,72,244,0.0039186927536900805
competition,with_sensitivity,r2,73,245,0.005493569728973809
competition,with_sensitivity,r2,74,246,0.009290185988160476
competition,with_sensitivity,r2,75,248,0.0065135755777481884
competition,with_sensitivity,r2,76,251,0.005548127526432685
competition,with_sensitivity,r2,77,255,0.0024667052424091184
competition,with_sensitivity,r2,78,264,0.0036238097444821855
competition,with_sensitivity,r2,79,268,0.0036222496176951005
competition,with_sensitivity,r2,80,269,0.0058373028300971914
competition,with_sensitivity,r2,81,273,0.008004038311655933
competition,with_sensitivity,r2,82,282,0.0036405587529749336
competition,with_sensitivity,r2,83,283,0.013373631240210022
competition,with_sensitivity,r2,84,285,0.002969497205034359
competition,with_sensitivity,r2,85,286,0.0024180760175694558
competition,with_sensitivity,r2,86,287,0.0028998159190090004
competition,with_sensitivity,r2,87,297,0.02182614035286627
competition,with_sensitivity,r2,88,302,0.006236502715491641
competition,with_sensitivity,r2,89,303,0.003538316143315705
competition,with_sensitivity,r2,90,306,0.0020144213081578362
competition,with_sensitivity,r2,91,307,0.0025350293806701003
competition,with_sensitivity,r2,92,315,0.0035319595689268465
competition,with_sensitivity,r2,93,321,0.0036003831015461903
competition,with_sensitivity,r2,94,322,0.005299577575366245
competition,with_sensitivity,r2,95,327,0.0064403505760195
competition,with_sensitivity,r2,96,328,0.003568543746923663
competition,with_sensitivity,r2,97,329,0.009450099632667845
competition,with_sensitivity,r2,98,332,0.0021903994345689863
competition,with_sensitivity,r2,99,333,0.004361884641619318
competition,with_sensitivity,r2,100,335,0.003142515743316654
competition,with_sensitivity,r2,101,337,0.005065772468825019
competition,with_sensitivity,r2,102,340,0.002961508800372652
competition,with_sensitivity,r2,103,353,0.0035161758748762486
competition,with_sensitivity,r2,104,367,0.004347560531555854
competition,with_sensitivity,r2,105,375,0.0033950971323558348
competition,with_sensitivity,r2,106,385,0.002270132146102902
competition,with_sensitivity,r2,107,388,0.0023564473932871557
competition,with_sensitivity,r2,108,407,0.012593641121271835
competition,with_sensitivity,r2,109,408,0.004590913530456491
competition,with_sensitivity,r2,110,410,0.003576239740114962
competition,with_sensitivity,r2,111,411,0.0046271273155611995
competition,with_sensitivity,r2,112,416,0.0071659238281309165
competition,with_sensitivity,r2,113,419,0.0030188621140665663
competition,with_sensitivity,r2,114,420,0.0018282666987744357
competition,with_sensitivity,r2,115,427,0.002974623691577473
competition,with_sensitivity,r2,116,429,0.004760124549693271
competition,with_sensitivity,r2,117,442,0.01941059654635973
competition,with_sensitivity,r2,118,446,0.010230489863217436
competition,with_sensitivity,r2,119,451,0.003969214974782853
competition,with_sensitivity,r2,120,455,0.0041594097233347786
competition,with_sensitivity,r2,121,460,0.0030847739681490204
competition,with_sensitivity,r2,122,462,0.005768926141033756
competition,with_sensitivity,r2,123,465,0.003946971454959738
competition,with_sensitivity,r2,124,474,0.00390181636455384
competition,with_sensitivity,r2,125,475,0.0032849679857722054
competition,with_sensitivity,r2,126,477,0.0024650924295391645
competition,with_sensitivity,r2,127,482,0.01298720499503932
competition,with_sensitivity,r2,128,484,0.013343182268541092
competition,with_sensitivity,r2,129,485,0.0024082102142717506
competition,with_sensitivity,r2,130,492,0.006947752910763697
competition,with_sensitivity,r2,131,503,0.006033127781770109
competition,with_sensitivity,r2,132,506,0.0032356865160009626
competition,with_sensitivity,r2,133,507,0.0035312983388200115
competition,with_sensitivity,r2,134,508,0.007518266686951883
competition,with_sensitivity,r2,135,509,0.00430175799567349
competition,with_sensitivity,r2,136,523,0.0038848246786847822
competition,with_sensitivity,r2,137,524,0.005214728624964072
competition,with_sensitivity,r2,138,525,0.002029204104194574
competition,with_sensitivity,r2,139,528,0.0033842986086966447
competition,with_sensitivity,r2,140,529,0.0026678748603964166
competition,with_sensitivity,r2,141,530,0.011230895283083816
competition,with_sensitivity,r2,142,533,0.005000791059469235
competition,with_sensitivity,r2,143,549,0.0024183750756509473
competition,with_sensitivity,r2,144,557,0.003918235003684177
competition,with_sensitivity,r2,145,559,0.006020149327524151
competition,with_sensitivity,r2,146,563,0.002954755366009694
competition,with_sensitivity,r2,147,565,0.0024153451087752056
competition,with_sensitivity,r2,148,566,0.006647130228314867
competition,with_sensitivity,r2,149,568,0.0026666312465963345
competition,with_sensitivity,r2,150,574,0.0032245284830151725
competition,with_sensitivity,r2,151,579,0.006756282038761123
competition,with_sensitivity,r2,152,589,0.003721054484916462
competition,with_sensitivity,r2,153,594,0.014259420796996823
competition,with_sensitivity,r2,154,597,0.0019427317253312608
competition,with_sensitivity,r2,155,599,0.0021489906703883945
competition,with_sensitivity,r2,156,605,0.022210960278615167
competition,with_sensitivity,r2,157,606,0.0027207674603645384
competition,with_sensitivity,r2,158,610,0.002072391916850883
competition,with_sensitivity,r2,159,614,0.0025503633390064066
competition,with_sensitivity,r2,160,615,0.004804308240704924
competition,with_sensitivity,r2,161,616,0.002933600617231347
competition,with_sensitivity,r2,162,618,0.00824048911191252
competition,with_sensitivity,r2,163,621,0.006959418728448799
competition,with_sensitivity,r2,164,623,0.003417400511258605
competition,with_sensitivity,r2,165,632,0.0036285983444961137
competition,with_sensitivity,r2,166,637,0.002021060785750349
competition,with_sensitivity,r2,167,641,0.0027822483953737092
competition,with_sensitivity,r2,168,646,0.006682195040388527
competition,with_sensitivity,r2,169,653,0.003809726607524964
competition,with_sensitivity,r2,170,660,0.003081916041339916
competition,with_sensitivity,r2,171,664,0.005002162276869108
competition,with_sensitivity,r2,172,667,0.0028203091214789376
competition,with_sensitivity,r2,173,673,0.008533319361213154
competition,with_sensitivity,r2,174,687,0.0029488374086522697
competition,with_sensitivity,r2,175,697,0.0022892108654865434
competition,with_sensitivity,r2,176,703,0.003117487165993783
competition,with_sensitivity,r2,177,708,0.005727302342658443
competition,with_sensitivity,r2,178,710,0.0029713160923188335
competition,with_sensitivity,r2,179,711,0.0029598236042549506
competition,with_sensitivity,r2,180,718,0.0041853998358180175
competition,with_sensitivity,r2,181,722,0.001660507761370208
competition,with_sensitivity,r2,182,724,0.0027764752743413912
competition,with_sensitivity,r2,183,733,0.007986931937932717
competition,with_sensitivity,r2,184,737,0.004447004264353668
competition,with_sensitivity,r2,185,748,0.0023888310924592487
competition,with_sensitivity,r2,186,749,0.005522791701056415
competition,with_sensitivity,r2,187,752,0.008507861015581543
competition,with_sensitivity,r2,188,753,0.003521450159187972
competition,with_sensitivity,r2,189,754,0.004878252477366397
competition,with_sensitivity,r2,190,759,0.003599059232031859
competition,with_sensitivity,r2,191,760,0.0028367912370751273
competition,with_sensitivity,r2,192,761,0.003299524755884786
competition,with_sensitivity,r2,193,762,0.004176834789156312
competition,with_sensitivity,r2,194,769,0.007504426161234467
competition,with_sensitivity,r2,195,774,0.010137312658721333
competition,with_sensitivity,r2,196,776,0.00809037571337187
competition,with_sensitivity,r2,197,777,0.008151610906213679
competition,with_sensitivity,r2,198,778,0.005434090835761312
competition,with_sensitivity,r2,199,779,0.0032018165746165346
competition,with_sensitivity,r2,200,780,0.01087328189951538
competition,with_sensitivity,r2,201,781,0.00584776690698703
competition,with_sensitivity,r2,202,783,0.002844776978962512
competition,with_sensitivity,r2,203,790,0.0014500673802222018
competition,with_sensitivity,r2,204,797,0.001693852987454445
competition,with_sensitivity,r2,205,803,0.006114467149037754
competition,with_sensitivity,r2,206,805,0.007217774167103722
competition,with_sensitivity,r2,207,808,0.0026159479011945777
competition,with_sensitivity,r2,208,809,0.0038789794785284255
competition,with_sensitivity,r2,209,810,0.0054409925032998865
competition,with_sensitivity,r2,210,811,0.002178000965326755
competition,with_sensitivity,r2,211,813,0.003258341431204345
competition,with_sensitivity,r2,212,815,0.0022363362708198143
competition,with_sensitivity,r2,213,816,0.003432242566946544
competition,with_sensitivity,r2,214,831,0.0020725056001706017
competition,with_sensitivity,r2,215,836,0.0061536165738553215
competition,with_sensitivity,r2,216,838,0.0029167994880170945
competition,with_sensitivity,r2,217,841,0.004052700987558195
competition,with_sensitivity,r2,218,843,0.00397040716075171
competition,with_sensitivity,r2,219,845,0.0030120360393679183
competition,with_sensitivity,r2,220,846,0.0024188467629060037
competition,with_sensitivity,r2,221,854,0.0026871037819720107
competition,with_sensitivity,r2,222,859,0.003358151618662145
competition,with_sensitivity,r2,223,861,0.004963076915054923
competition,with_sensitivity,r2,224,862,0.00313263842577029
competition,with_sensitivity,r2,225,867,0.0023806677004950387
competition,with_sensitivity,r2,226,869,0.008512997056917748
competition,with_sensitivity,r2,227,880,0.006966634741442815
competition,with_sensitivity,r2,228,886,0.002850772445561936
competition,with_sensitivity,r2,229,887,0.0028549369901915552
competition,with_sensitivity,r2,230,889,0.0021875454116464833
competition,with_sensitivity,r2,231,891,0.002353627972171868
competition,with_sensitivity,r2,232,893,0.007391822876418102
competition,with_sensitivity,r2,233,895,0.009229397720285765
competition,with_sensitivity,r2,234,906,0.004258714318779376
competition,with_sensitivity,r2,235,908,0.004729606352337613
competition,with_sensitivity,r2,236,912,0.0024227454706451457
competition,with_sensitivity,r2,237,913,0.003234417953503439
competition,with_sensitivity,r2,238,916,0.00427694292281532
competition,with_sensitivity,r2,239,919,0.0031562969847532805
competition,with_sensitivity,r2,240,929,0.0035098382842972454
competition,with_sensitivity,r2,241,934,0.006815956898204208
competition,with_sensitivity,r2,242,942,0.00683457409131413
competition,with_sensitivity,r2,243,944,0.004660044108712036
competition,with_sensitivity,r2,244,947,0.00256355711837404
competition,with_sensitivity,r2,245,950,0.004688763827122078
competition,with_sensitivity,r2,246,956,0.002736127135140347
competition,with_sensitivity,r2,247,960,0.0023576348992806412
competition,with_sensitivity,r2,248,965,0.004338715127696453
competition,with_sensitivity,r2,249,967,0.005299077949113407
competition,with_sensitivity,r2,250,970,0.0032410342674693737
competition,with_sensitivity,r2,251,972,0.003927587010015822
competition,with_sensitivity,r2,252,976,0.009425003121160768
competition,with_sensitivity,r2,253,981,0.0020133322914263987
competition,with_sensitivity,r2,254,982,0.0020763054449096457
competition,with_sensitivity,r2,255,990,0.006504864508575632
competition,with_sensitivity,r2,256,991,0.005294824755468358
competition,with_sensitivity,r2,257,996,0.0036420543598462388
competition,with_sensitivity,r2,258,1007,0.0030920431956148655
competition,with_sensitivity,r2,259,1013,0.002723096409534521
competition,with_sensitivity,r2,260,1018,0.012392605033672443
competition,with_sensitivity,r2,261,1019,0.0023516950062051982
competition,with_sensitivity,r2,262,1023,0.0030776613161974152
competition,with_sensitivity,r2,263,1024,0.002644077028231284
competition,with_sensitivity,r2,264,1025,0.003251602613205116
competition,with_sensitivity,r2,265,1032,0.005273682764296885
competition,with_sensitivity,r2,266,1033,0.001982750096409759
competition,with_sensitivity,r2,267,1037,0.0020869284734479957
competition,with_sensitivity,r2,268,1039,0.0032841473912930525
competition,with_sensitivity,r2,269,1041,0.00337317576393721
competition,with_sensitivity,r2,270,1043,0.0021049009449386137
competition,with_sensitivity,r2,271,1044,0.0027129089274410935
competition,with_sensitivity,r2,272,1049,0.004142489922478742
competition,with_sensitivity,r2,273,1050,0.00451441383008652
competition,with_sensitivity,r2,274,1061,0.004744227713793436
competition,with_sensitivity,r2,275,1062,0.0031404824897157853
competition,with_sensitivity,r2,276,1064,0.0019371926550934833
competition,with_sensitivity,r2,277,1065,0.008285335244308042
competition,with_sensitivity,r2,278,1066,0.005529034125665553
competition,with_sensitivity,r2,279,1077,0.0019201234952313582
competition,with_sensitivity,r2,280,1083,0.007694559270759355
competition,with_sensitivity,r2,281,1085,0.0029383779432880126
competition,with_sensitivity,r2,282,1086,0.004400805157384433
competition,with_sensitivity,r2,283,1087,0.0024301387141527618
competition,with_sensitivity,r2,284,1088,0.0024751468464801404
competition,with_sensitivity,r2,285,1094,0.002945878583310467
competition,with_sensitivity,r2,286,1097,0.0032815342726650655
competition,with_sensitivity,r2,287,1102,0.0024592450118958945
competition,with_sensitivity,r2,288,1103,0.0069936527522638054
competition,with_sensitivity,r2,289,1108,0.0028332673466636726
competition,with_sensitivity,r2,290,1109,0.0055835655044892225
competition,with_sensitivity,r2,291,1111,0.005090941467497596
competition,with_sensitivity,r2,292,1112,0.01063754542833461
competition,with_sensitivity,r2,293,1125,0.002762550497961574
competition,with_sensitivity,r2,294,1126,0.003416102376664616
competition,with_sensitivity,r2,295,1129,0.004633968114174351
competition,with_sensitivity,r2,296,1132,0.0036351019369496996
competition,with_sensitivity,r2,297,1134,0.0029702653319000683
competition,with_sensitivity,r2,298,1148,0.003850322589685939
competition,with_sensitivity,r2,299,1157,0.0049693326864344856
competition,with_sensitivity,r2,300,1161,0.002725012597462599
competition,with_sensitivity,r2,301,1162,0.00855667708417312
competition,with_sensitivity,r2,302,1163,0.005116028337824588
competition,with_sensitivity,r2,303,1164,0.00228817543450111
competition,with_sensitivity,r2,304,1165,0.002625485776726251
competition,with_sensitivity,r2,305,1167,0.00484061798365126
competition,with_sensitivity,r2,306,1168,0.0025222739685819115
competition,with_sensitivity,r2,307,1169,0.0029810345266385006
competition,with_sensitivity,r2,308,1174,0.00624179115896227
competition,with_sensitivity,r2,309,1180,0.003246874016089318
competition,with_sensitivity,r2,310,1182,0.0033937276658898524
competition,with_sensitivity,r2,311,1185,0.002828224102758483
competition,with_sensitivity,r2,312,1191,0.0025513052447788485
competition,with_sensitivity,r2,313,1193,0.007937815080936243
competition,with_sensitivity,r2,314,1194,0.0032168732952569004
competition,with_sensitivity,r2,315,1200,0.003842213556153689
competition,with_sensitivity,r2,316,1203,0.006480214099084465
competition,with_sensitivity,r2,317,1206,0.011366772370301276
competition,with_sensitivity,r2,318,1208,0.0026121813325893227
competition,with_sensitivity,r2,319,1214,0.00272577622834881
competition,with_sensitivity,r2,320,1215,0.00253259098092134
competition,with_sensitivity,r2,321,1216,0.00338586691184424
competition,with_sensitivity,r2,322,1217,0.009176863597413997
competition,with_sensitivity,r2,323,1220,0.00659652008909433
competition,with_sensitivity,r2,324,1235,0.0033706440471179024
competition,with_sensitivity,r2,325,1240,0.0034544885469542787
competition,with_sensitivity,r2,326,1243,0.0035511715495965533
competition,with_sensitivity,r2,327,1245,0.0067942050173279735
competition,with_sensitivity,r2,328,1250,0.004028890265537966
competition,with_sensitivity,r2,329,1251,0.0037974185365408485
competition,with_sensitivity,r2,330,1254,0.00591446807619125
competition,with_sensitivity,r2,331,1256,0.0026447424077200967
competition,with_sensitivity,r2,332,1260,0.002733714886033615
competition,with_sensitivity,r2,333,1262,0.0032310685641317063
competition,with_sensitivity,r2,334,1266,0.008547388672826277
competition,with_sensitivity,r2,335,1267,0.008047417777786316
competition,with_sensitivity,r2,336,1274,0.0022245039703841993
competition,with_sensitivity,r2,337,1275,0.009202286754110783
competition,with_sensitivity,r2,338,1277,0.004483425614739614
competition,with_sensitivity,r2,339,1278,0.002828498741101053
competition,with_sensitivity,r2,340,1284,0.0024822556861030733
competition,with_sensitivity,r2,341,1285,0.0011839840339006391
competition,with_sensitivity,r2,342,1286,0.0027994221360243543
competition,with_sensitivity,r2,343,1287,0.011520627914611697
competition,with_sensitivity,r2,344,1291,0.0034313205087070715
competition,with_sensitivity,r2,345,1292,0.0017359827573089884
competition,with_sensitivity,r2,346,1293,0.0019721742603640803
competition,with_sensitivity,r2,347,1294,0.0026742847227051326
competition,with_sensitivity,r2,348,1298,0.008853276924060205
competition,with_sensitivity,r2,349,1299,0.003120234036716106
competition,with_sensitivity,r2,350,1306,0.0041849668227435565
competition,with_sensitivity,r2,351,1307,0.002632256267009577
competition,with_sensitivity,r2,352,1314,0.0023254561932012723
competition,with_sensitivity,r2,353,1319,0.008151658403520591
competition,with_sensitivity,r2,354,1326,0.004737111465902115
competition,with_sensitivity,r2,355,1327,0.0026110865342910796
competition,with_sensitivity,r2,356,1331,0.0029730211373546005
competition,with_sensitivity,r2,357,1340,0.004042080771416424
competition,with_sensitivity,r2,358,1343,0.005954162439931843
competition,with_sensitivity,r2,359,1344,0.0025864065935721566
competition,with_sensitivity,r2,360,1346,0.00271411705789141
competition,with_sensitivity,r2,361,1350,0.0029035963758517152
competition,with_sensitivity,r2,362,1367,0.0035340992442753814
competition,with_sensitivity,r2,363,1368,0.010362163305673132
competition,with_sensitivity,r2,364,1369,0.0055930864633472795
competition,with_sensitivity,r2,365,1373,0.013212693594263603
competition,with_sensitivity,r2,366,1379,0.005754204841050632
competition,with_sensitivity,r2,367,1382,0.00806432210522222
competition,with_sensitivity,r2,368,1385,0.004120917550460853
competition,with_sensitivity,r2,369,1387,0.003085799248581929
competition,with_sensitivity,r2,370,1392,0.003252015720462548
competition,with_sensitivity,r2,371,1395,0.006159050318290956
competition,with_sensitivity,r2,372,1398,0.003195916068481012
competition,with_sensitivity,r2,373,1402,0.005662009172954278
competition,with_sensitivity,r2,374,1403,0.0024551709879767104
competition,with_sensitivity,r2,375,1404,0.0062657406737974255
competition,with_sensitivity,r2,376,1411,0.005672637590420949
competition,with_sensitivity,r2,377,1412,0.0034296189200726176
competition,with_sensitivity,r2,378,1416,0.0042920734142662745
competition,with_sensitivity,r2,379,1423,0.0036763743591792363
competition,with_sensitivity,r2,380,1427,0.0030092181498257422
competition,with_sensitivity,r2,381,1432,0.008180942787088667
competition,with_sensitivity,r2,382,1433,0.0026497126813433062
competition,with_sensitivity,r2,383,1437,0.006890335972370752
competition,with_sensitivity,r2,384,1442,0.005254257423518281
competition,with_sensitivity,r2,385,1445,0.002248191896312737
competition,with_sensitivity,r2,386,1448,0.0077527339020878275
competition,with_sensitivity,r2,387,1452,0.002911505090315173
competition,with_sensitivity,r2,388,1453,0.0029068556600230625
competition,with_sensitivity,r2,389,1470,0.0024309361511797452
competition,with_sensitivity,r2,390,1483,0.0018592009286771374
competition,with_sensitivity,r2,391,1488,0.002786143698888519
competition,with_sensitivity,r2,392,1491,0.004594421703960957
competition,with_sensitivity,r2,393,1494,0.003879769224058531
competition,with_sensitivity,r2,394,1495,0.003779588504276976
competition,with_sensitivity,r2,395,1503,0.0050847368776551225
competition,with_sensitivity,r2,396,1504,0.008331082890737203
competition,with_sensitivity,r2,397,1508,0.006475594582553001
competition,with_sensitivity,r2,398,1512,0.010894703587347412
competition,with_sensitivity,r2,399,1526,0.005142333366590877
competition,with_sensitivity,r2,400,1529,0.008076471662975556
competition,with_sensitivity,r2,401,1534,0.003708669004232706
competition,with_sensitivity,r2,402,1554,0.004160396385732234
competition,with_sensitivity,r2,403,1567,0.002834779880906863
competition,with_sensitivity,r2,404,1569,0.005663162053281429
competition,with_sensitivity,r2,405,1571,0.0073115287296727895
competition,with_sensitivity,r2,406,1575,0.002596990906346212
competition,with_sensitivity,r2,407,1580,0.004072501522363316
competition,with_sensitivity,r2,408,1584,0.002983639128748908
competition,with_sensitivity,r2,409,1585,0.004699986278810443
competition,with_sensitivity,r2,410,1593,0.0022678895538880074
competition,with_sensitivity,r2,411,1594,0.005625227076607261
competition,with_sensitivity,r2,412,1598,0.0021825457317363106
competition,with_sensitivity,r2,413,1599,0.007711256212781616
competition,with_sensitivity,r2,414,1601,0.002484448072648645
competition,with_sensitivity,r2,415,1605,0.001309248722302309
competition,with_sensitivity,r2,416,1623,0.003548445227161669
competition,with_sensitivity,r2,417,1627,0.002659327427556283
competition,with_sensitivity,r2,418,1628,0.0033166023090039605
competition,with_sensitivity,r2,419,1629,0.008419749253587445
competition,with_sensitivity,r2,420,1634,0.00938088948875552
competition,with_sensitivity,r2,421,1637,0.009597303907720576
competition,with_sensitivity,r2,422,1640,0.002726032861454113
competition,with_sensitivity,r2,423,1643,0.005619143376368925
competition,with_sensitivity,r2,424,1644,0.003305475495822823
competition,with_sensitivity,r2,425,1648,0.0024567766737713112
competition,with_sensitivity,r2,426,1657,0.003989016186937509
competition,with_sensitivity,r2,427,1675,0.0029625837935220826
competition,with_sensitivity,r2,428,1682,0.0027095512580798706
competition,with_sensitivity,r2,429,1695,0.011043338205187226
competition,with_sensitivity,r2,430,1697,0.0037189548204813695
competition,with_sensitivity,r2,431,1706,0.0026603710177093625
competition,with_sensitivity,r2,432,1715,0.0031172998414443044
competition,with_sensitivity,r2,433,1717,0.0069716098787181565
competition,with_sensitivity,r2,434,1718,0.004478585007510425
competition,with_sensitivity,r2,435,1720,0.0024551280799012198
competition,with_sensitivity,r2,436,1725,0.003768037358601271
competition,with_sensitivity,r2,437,1729,0.002003093834456287
competition,with_sensitivity,r2,438,1733,0.004098992305591155
competition,with_sensitivity,r2,439,1735,0.004013450793755268
competition,with_sensitivity,r2,440,1736,0.0023383704813402942
competition,with_sensitivity,r2,441,1738,0.002357592767879134
competition,with_sensitivity,r2,442,1739,0.0037701177745038273
competition,with_sensitivity,r2,443,1743,0.0030808623165869894
competition,with_sensitivity,r2,444,1745,0.005370238127056985
competition,with_sensitivity,r2,445,1755,0.005867114738538093
competition,with_sensitivity,r2,446,1760,0.006757119393534492
competition,with_sensitivity,r2,447,1764,0.011711173101628372
competition,with_sensitivity,r2,448,1767,0.0028384320136279704
competition,with_sensitivity,r2,449,1771,0.004910005424024131
competition,with_sensitivity,r2,450,1776,0.0029348492031501887
competition,with_sensitivity,r2,451,1784,0.003361408521441175
competition,with_sensitivity,r2,452,1788,0.003309450936467346
competition,with_sensitivity,r2,453,1794,0.003976557403218631
competition,with_sensitivity,r2,454,1796,0.0071840469774613345
competition,with_sensitivity,r2,455,1798,0.003059514482049245
competition,with_sensitivity,r2,456,1800,0.0021266138674795976
competition,with_sensitivity,r2,457,1802,0.010194821083677471
competition,with_sensitivity,r2,458,1804,0.0018753817515761528
competition,with_sensitivity,r2,459,1808,0.007882139331154229
competition,with_sensitivity,r2,460,1815,0.0022156715825371316
competition,with_sensitivity,r2,461,1817,0.0028558415059415877
competition,with_sensitivity,r2,462,1819,0.00413997638488693
competition,with_sensitivity,r2,463,1823,0.001447778824244378
competition,with_sensitivity,r2,464,1826,0.004506368048697749
competition,with_sensitivity,r2,465,1834,0.005959962611615617
competition,with_sensitivity,r2,466,1836,0.004311647796763774
competition,with_sensitivity,r2,467,1840,0.017713412794299402
competition,with_sensitivity,r2,468,1850,0.0030855559463783782
competition,with_sensitivity,r2,469,1854,0.003509638394058919
competition,with_sensitivity,r2,470,1860,0.007617933688403857
competition,with_sensitivity,r2,471,1862,0.0074366034733477845
competition,with_sensitivity,r2,472,1866,0.002261263062893274
competition,with_sensitivity,r2,473,1868,0.0019946655612082882
competition,with_sensitivity,r2,474,1869,0.004331837885359806
competition,with_sensitivity,r2,475,1870,0.003515401346185059
competition,with_sensitivity,r2,476,1872,0.0045637854062944155
competition,with_sensitivity,r2,477,1877,0.015318210269978554
competition,with_sensitivity,r2,478,1881,0.005052426115671143
competition,with_sensitivity,r2,479,1895,0.0035617285749863785
competition,with_sensitivity,r2,480,1899,0.004549666035514066
competition,with_sensitivity,r2,481,1902,0.009656548905763208
competition,with_sensitivity,r2,482,1910,0.002006615745204554
competition,with_sensitivity,r2,483,1913,0.006916511883763239
competition,with_sensitivity,r2,484,1915,0.002433970979465401
competition,with_sensitivity,r2,485,1916,0.0032165472379911348
competition,with_sensitivity,r2,486,1918,0.006989988234618473
competition,with_sensitivity,r2,487,1919,0.003967314282192654
competition,with_sensitivity,r2,488,1926,0.0034462678526594242
competition,with_sensitivity,r2,489,1932,0.007926248380816557
competition,with_sensitivity,r2,490,1935,0.004846689637755522
competition,with_sensitivity,r2,491,1952,0.006487365530563603
competition,with_sensitivity,r2,492,1953,0.006594310947096714
competition,with_sensitivity,r2,493,1956,0.00285848144816929
competition,with_sensitivity,r2,494,1958,0.0036170135222504474
competition,with_sensitivity,r2,495,1962,0.0033547692642894806
competition,with_sensitivity,r2,496,1963,0.0037195827850048857
competition,with_sensitivity,r2,497,1967,0.0034878524244506145
competition,with_sensitivity,r2,498,1972,0.004421951826662366
competition,with_sensitivity,r2,499,1979,0.012532461977928644
competition,with_sensitivity,r2,500,1983,0.002702003795849543
competition,with_sensitivity,r2,501,1985,0.002297117377635731
competition,with_sensitivity,r2,502,2008,0.006194867967593496
competition,with_sensitivity,r2,503,2009,0.0017238958057431725
competition,with_sensitivity,r2,504,2010,0.004440402342996102
competition,with_sensitivity,r2,505,2015,0.0037955988130596464
competition,with_sensitivity,r2,506,2016,0.007785907022221499
competition,with_sensitivity,r2,507,2022,0.0033217718922258213
competition,with_sensitivity,r2,508,2024,0.002277313568256497
competition,with_sensitivity,r2,509,2033,0.004649926225380316
competition,with_sensitivity,r2,510,2038,0.008544525211245355
competition,with_sensitivity,r2,511,2045,0.00335797675799284
