time,patch_1_reference,patch_1_prediction,patch_1_absolute_error,patch_2_reference,patch_2_prediction,patch_2_absolute_error,patch_3_reference,patch_3_prediction,patch_3_absolute_error,patch_4_reference,patch_4_prediction,patch_4_absolute_error
0.0,0.8898108005523682,0.8896355628967285,0.00017523765563964844,1.2605299949645996,1.2603307962417603,0.00019919872283935547,1.3521559238433838,1.3516782522201538,0.00047767162322998047,1.1510976552963257,1.151511788368225,0.00041413307189941406
0.0375,0.929475724697113,0.9292113780975342,0.0002643465995788574,1.2840664386749268,1.2838215827941895,0.0002448558807373047,1.3699053525924683,1.3693726062774658,0.0005327463150024414,1.179184079170227,1.1795896291732788,0.0004055500030517578
0.075,0.9675989747047424,0.9675498008728027,4.9173831939697266e-05,1.3067692518234253,1.306545376777649,0.0002238750457763672,1.3870995044708252,1.386506199836731,0.0005933046340942383,1.2062225341796875,1.2067596912384033,0.0005371570587158203
0.11249999999999999,1.0042484998703003,1.0043689012527466,0.00012040138244628906,1.328665852546692,1.3284032344818115,0.0002626180648803711,1.4037567377090454,1.4030534029006958,0.0007033348083496094,1.232255458831787,1.2328757047653198,0.0006202459335327148
0.15,1.0394892692565918,1.0396589040756226,0.00016963481903076172,1.3497811555862427,1.3494340181350708,0.000347137451171875,1.4198956489562988,1.419085144996643,0.0008105039596557617,1.2573260068893433,1.257969617843628,0.000643610954284668
0.1875,1.0733593702316284,1.073531985282898,0.00017261505126953125,1.370124340057373,1.3697113990783691,0.00041294097900390625,1.4355261325836182,1.4346790313720703,0.0008471012115478516,1.2814605236053467,1.2821333408355713,0.0006728172302246094
0.22499999999999998,1.1059409379959106,1.1061148643493652,0.00017392635345458984,1.38972806930542,1.3892829418182373,0.0004451274871826172,1.4506752490997314,1.4498716592788696,0.0008035898208618164,1.3047173023223877,1.3054451942443848,0.0007278919219970703
0.2625,1.1372865438461304,1.1374926567077637,0.00020611286163330078,1.408608317375183,1.4081555604934692,0.0004527568817138672,1.4653606414794922,1.464653730392456,0.0007069110870361328,1.3271349668502808,1.327942132949829,0.0008071660995483398
0.3,1.1674443483352661,1.1677052974700928,0.00026094913482666016,1.4267783164978027,1.4263091087341309,0.000469207763671875,1.479599118232727,1.4789938926696777,0.0006052255630493164,1.3487495183944702,1.3496296405792236,0.000880122184753418
0.33749999999999997,1.196439266204834,1.1967658996582031,0.0003266334533691406,1.4442367553710938,1.4437267780303955,0.0005099773406982422,1.4933996200561523,1.492870569229126,0.0005290508270263672,1.369580626487732,1.3705084323883057,0.0009278059005737305
0.375,1.2243331670761108,1.2246891260147095,0.0003559589385986328,1.461005449295044,1.460415005683899,0.0005904436111450195,1.5067863464355469,1.5062909126281738,0.0004954338073730469,1.3896719217300415,1.3905943632125854,0.0009224414825439453
0.4125,1.2511637210845947,1.2515015602111816,0.00033783912658691406,1.47709321975708,1.4764050245285034,0.0006881952285766602,1.5197739601135254,1.519289493560791,0.000484466552734375,1.4090498685836792,1.409924030303955,0.0008741617202758789
0.44999999999999996,1.2769664525985718,1.277243733406067,0.0002772808074951172,1.4925086498260498,1.4917384386062622,0.0007702112197875977,1.5323762893676758,1.53191077709198,0.0004655122756958008,1.4277379512786865,1.4285435676574707,0.0008056163787841797
0.4875,1.3017573356628418,1.3019587993621826,0.0002014636993408203,1.5072499513626099,1.5064483880996704,0.0008015632629394531,1.5445998907089233,1.5441852807998657,0.0004146099090576172,1.4457467794418335,1.4464917182922363,0.000744938850402832
0.525,1.3255865573883057,1.3256864547729492,9.989738464355469e-05,1.5213406085968018,1.5205491781234741,0.0007914304733276367,1.5564618110656738,1.5561184883117676,0.00034332275390625,1.4631088972091675,1.4637892246246338,0.0006803274154663086
0.5625,1.3484845161437988,1.3484617471694946,2.276897430419922e-05,1.5347949266433716,1.5340402126312256,0.0007547140121459961,1.5679713487625122,1.5676941871643066,0.0002771615982055664,1.4798438549041748,1.4804438352584839,0.000599980354309082
0.6,1.3704802989959717,1.370322346687317,0.00015795230865478516,1.5476301908493042,1.5469202995300293,0.0007098913192749023,1.5791351795196533,1.5788922309875488,0.0002429485321044922,1.4959708452224731,1.4964616298675537,0.0004907846450805664
0.6375,1.391587257385254,1.3913143873214722,0.0002728700637817383,1.55985689163208,1.5592041015625,0.0006527900695800781,1.5899524688720703,1.5897043943405151,0.0002480745315551758,1.5114974975585938,1.5118613243103027,0.0003638267517089844
0.6749999999999999,1.411848783493042,1.411487340927124,0.00036144256591796875,1.5715107917785645,1.5709240436553955,0.0005867481231689453,1.6004315614700317,1.6001414060592651,0.00029015541076660156,1.5264514684677124,1.5266743898391724,0.00022292137145996094
0.7125,1.4312912225723267,1.4308842420578003,0.0004069805145263672,1.5826194286346436,1.5821239948272705,0.0004954338073730469,1.6105726957321167,1.6102228164672852,0.00034987926483154297,1.5408471822738647,1.540937900543213,9.071826934814453e-05
0.75,1.4499403238296509,1.4495320320129395,0.0004082918167114258,1.5932133197784424,1.5928436517715454,0.00036966800689697266,1.620373249053955,1.6199660301208496,0.00040721893310546875,1.5546963214874268,1.5546809434890747,1.537799835205078e-05
0.7875,1.4678083658218384,1.467439889907837,0.00036847591400146484,1.603317141532898,1.6031103134155273,0.00020682811737060547,1.6298221349716187,1.629372000694275,0.00045013427734375,1.5679980516433716,1.5679177045822144,8.034706115722656e-05
0.825,1.4849344491958618,1.4846112728118896,0.00032317638397216797,1.6129741668701172,1.6129392385482788,3.4928321838378906e-05,1.6389180421829224,1.638427495956421,0.0004905462265014648,1.5807682275772095,1.5806498527526855,0.00011837482452392578
0.8624999999999999,1.5013442039489746,1.5010607242584229,0.0002834796905517578,1.622218132019043,1.6223454475402832,0.00012731552124023438,1.6476513147354126,1.6471126079559326,0.0005387067794799805,1.5930112600326538,1.5928796529769897,0.0001316070556640625
0.8999999999999999,1.5170644521713257,1.5168207883834839,0.00024366378784179688,1.6310815811157227,1.631348729133606,0.0002671480178833008,1.6560094356536865,1.6554113626480103,0.0005980730056762695,1.6047316789627075,1.6046173572540283,0.00011432170867919922
0.9375,1.5321122407913208,1.5319417715072632,0.0001704692840576172,1.6395894289016724,1.6399762630462646,0.00038683414459228516,1.6639703512191772,1.6633137464523315,0.0006566047668457031,1.6159275770187378,1.6158822774887085,4.5299530029296875e-05
0.975,1.5465303659439087,1.546478271484375,5.2094459533691406e-05,1.6477757692337036,1.6482570171356201,0.0004812479019165039,1.671523928642273,1.67081618309021,0.0007077455520629883,1.626619815826416,1.6266953945159912,7.557868957519531e-05
1.0125,1.5603519678115845,1.560475468635559,0.00012350082397460938,1.6556633710861206,1.6562087535858154,0.0005453824996948242,1.6786506175994873,1.6779098510742188,0.0007407665252685547,1.6368268728256226,1.6370689868927002,0.00024211406707763672
1.05,1.5736125707626343,1.5739599466323853,0.00034737586975097656,1.6632710695266724,1.6638356447219849,0.0005645751953125,1.6853301525115967,1.6845811605453491,0.0007489919662475586,1.6465743780136108,1.6470016241073608,0.00042724609375
1.0875,1.5863407850265503,1.5869483947753906,0.000607609748840332,1.670607566833496,1.6711299419403076,0.0005223751068115234,1.691532015800476,1.690813422203064,0.0007185935974121094,1.6558890342712402,1.6564834117889404,0.0005943775177001953
1.125,1.5985841751098633,1.5994541645050049,0.0008699893951416016,1.6776866912841797,1.6780797243118286,0.0003930330276489258,1.6972427368164062,1.696592926979065,0.0006498098373413086,1.664819598197937,1.6655046939849854,0.0006850957870483398
1.1624999999999999,1.6103792190551758,1.6114976406097412,0.0011184215545654297,1.684512734413147,1.684675693511963,0.00016295909881591797,1.702440857887268,1.7019143104553223,0.0005265474319458008,1.6734113693237305,1.6740602254867554,0.0006488561630249023
1.2,1.6217596530914307,1.6231021881103516,0.0013425350189208984,1.6910852193832397,1.6909104585647583,0.0001747608184814453,1.7071073055267334,1.7067800760269165,0.00032722949981689453,1.681711196899414,1.682151198387146,0.0004400014877319336
1.2375,1.632869839668274,1.6342824697494507,0.0014126300811767578,1.6972373723983765,1.6967685222625732,0.00046885013580322266,1.7112646102905273,1.7111891508102417,7.545948028564453e-05,1.6895849704742432,1.6897716522216797,0.00018668174743652344
1.275,1.6437550783157349,1.645037055015564,0.0012819766998291016,1.7028268575668335,1.702225685119629,0.0006011724472045898,1.714972972869873,1.7151356935501099,0.0001627206802368164,1.6968801021575928,1.6969071626663208,2.7060508728027344e-05
1.3125,1.654305338859558,1.6553478240966797,0.001042485237121582,1.7078648805618286,1.7072497606277466,0.0006151199340820312,1.7182453870773315,1.7186092138290405,0.0003638267517089844,1.703593134880066,1.70353364944458,5.9485435485839844e-05
1.3499999999999999,1.664431095123291,1.6651874780654907,0.000756382942199707,1.7123645544052124,1.7118134498596191,0.0005511045455932617,1.721095323562622,1.7216063737869263,0.0005110502243041992,1.7097241878509521,1.709628939628601,9.524822235107422e-05
1.3875,1.6740516424179077,1.6745332479476929,0.00048160552978515625,1.716330885887146,1.7158995866775513,0.00043129920959472656,1.7235294580459595,1.7241365909576416,0.0006071329116821289,1.715267300605774,1.715180516242981,8.678436279296875e-05
1.425,1.6831204891204834,1.6833653450012207,0.0002448558807373047,1.7197892665863037,1.7195056676864624,0.0002835988998413086,1.7255693674087524,1.7262206077575684,0.000651240348815918,1.7202401161193848,1.7201862335205078,5.3882598876953125e-05
1.4625,1.6915969848632812,1.6916637420654297,6.67572021484375e-05,1.7227563858032227,1.7226330041885376,0.0001233816146850586,1.727229118347168,1.7278828620910645,0.0006537437438964844,1.724652886390686,1.724647879600525,5.0067901611328125e-06
1.5,1.6994521617889404,1.6994048357009888,4.7326087951660156e-05,1.725250244140625,1.7252826690673828,3.24249267578125e-05,1.7285232543945312,1.7291452884674072,0.0006220340728759766,1.7285176515579224,1.7285664081573486,4.875659942626953e-05
1.5374999999999999,1.7066556215286255,1.7065589427947998,9.66787338256836e-05,1.7272820472717285,1.7274564504623413,0.00017440319061279297,1.7294597625732422,1.7300245761871338,0.0005648136138916016,1.7318394184112549,1.7319401502609253,0.00010073184967041016
1.575,1.7132084369659424,1.7131022214889526,0.0001062154769897461,1.7288798093795776,1.7291613817214966,0.0002815723419189453,1.7300596237182617,1.730541467666626,0.0004818439483642578,1.7346436977386475,1.7347747087478638,0.0001310110092163086
1.6125,1.7191082239151,1.7190170288085938,9.119510650634766e-05,1.7300643920898438,1.7304141521453857,0.0003497600555419922,1.7303370237350464,1.7307193279266357,0.00038230419158935547,1.7369475364685059,1.7370851039886475,0.00013756752014160156
1.65,1.7243586778640747,1.7243002653121948,5.841255187988281e-05,1.7308568954467773,1.7312427759170532,0.0003858804702758789,1.7303063869476318,1.7305877208709717,0.00028133392333984375,1.73876953125,1.7388960123062134,0.0001264810562133789
1.6875,1.7289578914642334,1.728954792022705,3.0994415283203125e-06,1.7312729358673096,1.731677770614624,0.0004048347473144531,1.7299766540527344,1.7301753759384155,0.00019872188568115234,1.7401206493377686,1.7402369976043701,0.0001163482666015625
1.7249999999999999,1.732931137084961,1.7329893112182617,5.817413330078125e-05,1.7313416004180908,1.731750726699829,0.00040912628173828125,1.7293676137924194,1.7295048236846924,0.00013720989227294922,1.7410298585891724,1.7411370277404785,0.00010716915130615234
1.7625,1.7362958192825317,1.7364134788513184,0.0001176595687866211,1.7310850620269775,1.7314878702163696,0.00040280818939208984,1.7284932136535645,1.7285926342010498,9.942054748535156e-05,1.7415175437927246,1.7416185140609741,0.00010097026824951172
1.7999999999999998,1.739072322845459,1.7392398118972778,0.00016748905181884766,1.7305254936218262,1.7309150695800781,0.0003895759582519531,1.727367639541626,1.727453351020813,8.571147918701172e-05,1.7416048049926758,1.7417031526565552,9.834766387939453e-05
1.8375,1.7412739992141724,1.7414844036102295,0.0002104043960571289,1.729679822921753,1.7300535440444946,0.0003737211227416992,1.7260011434555054,1.726096510887146,9.5367431640625e-05,1.7413065433502197,1.7414088249206543,0.00010228157043457031
1.875,1.7429362535476685,1.743166208267212,0.00022995471954345703,1.7285746335983276,1.7289255857467651,0.0003509521484375,1.7244123220443726,1.7245324850082397,0.0001201629638671875,1.7406514883041382,1.7407530546188354,0.00010156631469726562
1.9124999999999999,1.7440853118896484,1.7443108558654785,0.00022554397583007812,1.7272300720214844,1.7275495529174805,0.00031948089599609375,1.7226158380508423,1.7227716445922852,0.0001558065414428711,1.7396613359451294,1.7397536039352417,9.226799011230469e-05
1.95,1.744748592376709,1.7449504137039185,0.00020182132720947266,1.7256650924682617,1.7259455919265747,0.0002804994583129883,1.7206265926361084,1.720826506614685,0.00019991397857666016,1.7383579015731812,1.7384344339370728,7.653236389160156e-05
1.9874999999999998,1.7449464797973633,1.745120644569397,0.0001741647720336914,1.723894476890564,1.7241332530975342,0.00023877620697021484,1.718456745147705,1.7187086343765259,0.0002518892288208008,1.7367584705352783,1.7368190288543701,6.0558319091796875e-05
2.025,1.744715929031372,1.7448561191558838,0.00014019012451171875,1.7219386100769043,1.7221295833587646,0.00019097328186035156,1.71612548828125,1.7164324522018433,0.0003069639205932617,1.7348908185958862,1.7349319458007812,4.112720489501953e-05
2.0625,1.7440849542617798,1.7441871166229248,0.00010216236114501953,1.7198129892349243,1.7199496030807495,0.0001366138458251953,1.7136491537094116,1.714008092880249,0.00035893917083740234,1.7327771186828613,1.7327935695648193,1.6450881958007812e-05
2.1,1.7430814504623413,1.7431378364562988,5.638599395751953e-05,1.717531681060791,1.7176064252853394,7.474422454833984e-05,1.7110446691513062,1.711449146270752,0.0004044771194458008,1.7304390668869019,1.730422854423523,1.621246337890625e-05
2.1374999999999997,1.7417266368865967,1.7417339086532593,7.271766662597656e-06,1.7151057720184326,1.715116024017334,1.0251998901367188e-05,1.7083280086517334,1.7087711095809937,0.0004431009292602539,1.7278947830200195,1.7278404235839844,5.435943603515625e-05
2.175,1.7400528192520142,1.7400041818618774,4.863739013671875e-05,1.712550401687622,1.7125006914138794,4.971027374267578e-05,1.7055200338363647,1.7059977054595947,0.00047767162322998047,1.725167989730835,1.7250711917877197,9.679794311523438e-05
2.2125,1.7380844354629517,1.7379804849624634,0.00010395050048828125,1.7098774909973145,1.7097837924957275,9.369850158691406e-05,1.7026399374008179,1.7031526565551758,0.0005127191543579102,1.7222768068313599,1.7221431732177734,0.00013363361358642578
2.25,1.7358441352844238,1.735690712928772,0.00015342235565185547,1.7070987224578857,1.706984519958496,0.00011420249938964844,1.6997076272964478,1.700257658958435,0.0005500316619873047,1.7192375659942627,1.7190803289413452,0.00015723705291748047
2.2875,1.7333487272262573,1.7331562042236328,0.00019252300262451172,1.7042251825332642,1.704115867614746,0.0001093149185180664,1.696743130683899,1.697326421737671,0.0005832910537719727,1.7160629034042358,1.7159013748168945,0.0001615285873413086
2.3249999999999997,1.7306182384490967,1.730391502380371,0.00022673606872558594,1.7012780904769897,1.7011854648590088,9.262561798095703e-05,1.6937655210494995,1.694366693496704,0.0006011724472045898,1.7127764225006104,1.7126203775405884,0.00015604496002197266
2.3625,1.727669358253479,1.7274106740951538,0.0002586841583251953,1.6982799768447876,1.6982016563415527,7.832050323486328e-05,1.690791130065918,1.691387414932251,0.0005962848663330078,1.7094024419784546,1.7092523574829102,0.0001500844955444336
2.4,1.7245233058929443,1.7242364883422852,0.0002868175506591797,1.6952521800994873,1.695181965827942,7.021427154541016e-05,1.687835454940796,1.6884053945541382,0.0005699396133422852,1.7059651613235474,1.705820918083191,0.0001442432403564453
2.4375,1.721201777458191,1.7208998203277588,0.0003019571304321289,1.6922153234481812,1.692152738571167,6.258487701416016e-05,1.6849135160446167,1.685444712638855,0.0005311965942382812,1.7024874687194824,1.7023570537567139,0.0001304149627685547
2.475,1.717734932899475,1.7174313068389893,0.00030362606048583984,1.6891887187957764,1.6891385316848755,5.0187110900878906e-05,1.682038426399231,1.6825281381607056,0.0004897117614746094,1.6989930868148804,1.698888897895813,0.00010418891906738281
2.5124999999999997,1.7141505479812622,1.713853359222412,0.00029718875885009766,1.6861900091171265,1.686155080795288,3.4928321838378906e-05,1.679222583770752,1.67966890335083,0.000446319580078125,1.6955033540725708,1.6954325437545776,7.081031799316406e-05
2.55,1.7104769945144653,1.710180401802063,0.00029659271240234375,1.6832355260849,1.6832067966461182,2.872943878173828e-05,1.6764769554138184,1.6768720149993896,0.00039505958557128906,1.6920382976531982,1.6919946670532227,4.363059997558594e-05
2.5875,1.7067416906356812,1.7064299583435059,0.00031173229217529297,1.6803412437438965,1.6802978515625,4.3392181396484375e-05,1.6738137006759644,1.6741397380828857,0.0003260374069213867,1.6886179447174072,1.6885813474655151,3.6597251892089844e-05
2.625,1.70297372341156,1.7026336193084717,0.0003401041030883789,1.677519679069519,1.677441954612732,7.772445678710938e-05,1.6712405681610107,1.6714855432510376,0.00024497509002685547,1.6852589845657349,1.6852078437805176,5.1140785217285156e-05
2.6625,1.6991993188858032,1.6988354921340942,0.0003638267517089844,1.6747825145721436,1.67466402053833,0.00011849403381347656,1.668765664100647,1.6689311265945435,0.00016546249389648438,1.6819772720336914,1.6819045543670654,7.271766662597656e-05
2.6999999999999997,1.6954431533813477,1.6950783729553223,0.0003647804260253906,1.6721400022506714,1.6719887256622314,0.0001512765884399414,1.6663962602615356,1.6664988994598389,0.00010263919830322266,1.678787112236023,1.6786993741989136,8.7738037109375e-05
2.7375,1.6917295455932617,1.691386103630066,0.0003434419631958008,1.6696029901504517,1.669429063796997,0.00017392635345458984,1.6641404628753662,1.6641974449157715,5.698204040527344e-05,1.6757031679153442,1.6756083965301514,9.47713851928711e-05
2.775,1.6880792379379272,1.6877634525299072,0.00031578540802001953,1.6671770811080933,1.6669833660125732,0.00019371509552001953,1.6620017290115356,1.6620228290557861,2.110004425048828e-05,1.6727349758148193,1.6726322174072266,0.00010275840759277344
2.8125,1.6845110654830933,1.684208869934082,0.00030219554901123047,1.6648681163787842,1.6646475791931152,0.0002205371856689453,1.6599841117858887,1.659967064857483,1.704692840576172e-05,1.6698919534683228,1.6697676181793213,0.00012433528900146484
2.85,1.6810420751571655,1.6807351112365723,0.0003069639205932617,1.662680983543396,1.6624290943145752,0.0002518892288208008,1.6580910682678223,1.6580349206924438,5.614757537841797e-05,1.6671823263168335,1.66702401638031,0.0001583099365234375
2.8874999999999997,1.677689552307129,1.6773700714111328,0.00031948089599609375,1.6606215238571167,1.6603459119796753,0.00027561187744140625,1.6563271284103394,1.6562411785125732,8.594989776611328e-05,1.6646151542663574,1.664423942565918,0.00019121170043945312
2.925,1.6744641065597534,1.674146056175232,0.0003180503845214844,1.6586897373199463,1.6584148406982422,0.00027489662170410156,1.6546918153762817,1.6545993089675903,9.250640869140625e-05,1.6621932983398438,1.661988377571106,0.00020492076873779297
2.9625,1.6713767051696777,1.671077847480774,0.0002988576889038086,1.6568875312805176,1.6566327810287476,0.00025475025177001953,1.6531853675842285,1.6531039476394653,8.14199447631836e-05,1.659920573234558,1.6597193479537964,0.00020122528076171875
3.0,1.668436050415039,1.6681618690490723,0.0002741813659667969,1.6552153825759888,1.6549817323684692,0.00023365020751953125,1.6518077850341797,1.6517364978790283,7.128715515136719e-05,1.657799482345581,1.6576032638549805,0.00019621849060058594
3.0375,1.6656520366668701,1.6653918027877808,0.00026023387908935547,1.6536757946014404,1.653447151184082,0.00022864341735839844,1.6505601406097412,1.6504817008972168,7.843971252441406e-05,1.6558339595794678,1.6556274890899658,0.00020647048950195312
3.0749999999999997,1.663027286529541,1.6627724170684814,0.0002548694610595703,1.6522656679153442,1.65203058719635,0.00023508071899414062,1.6494380235671997,1.649341106414795,9.691715240478516e-05,1.6540217399597168,1.653793454170227,0.0002282857894897461
3.1125,1.6605656147003174,1.6603184938430786,0.00024712085723876953,1.6509836912155151,1.6507480144500732,0.00023567676544189453,1.6484386920928955,1.648330569267273,0.0001081228256225586,1.6523619890213013,1.6521165370941162,0.0002454519271850586
3.15,1.6582696437835693,1.658042073249817,0.0002275705337524414,1.6498281955718994,1.6496113538742065,0.0002168416976928711,1.647558569908142,1.6474601030349731,9.846687316894531e-05,1.6508532762527466,1.6506078243255615,0.0002454519271850586
3.1875,1.6561435461044312,1.655938744544983,0.0002048015594482422,1.6487988233566284,1.6486148834228516,0.00018393993377685547,1.646795392036438,1.6467212438583374,7.414817810058594e-05,1.6494959592819214,1.6492609977722168,0.00023496150970458984
3.225,1.6541850566864014,1.653996229171753,0.0001888275146484375,1.6478899717330933,1.647739052772522,0.00015091896057128906,1.6461420059204102,1.646092176437378,4.982948303222656e-05,1.6482840776443481,1.6480584144592285,0.0002256631851196289
3.2624999999999997,1.6523935794830322,1.6522060632705688,0.0001875162124633789,1.6470975875854492,1.6469671726226807,0.0001304149627685547,1.645593285560608,1.6455519199371338,4.1365623474121094e-05,1.6472134590148926,1.6469835042953491,0.00022995471954345703
3.3,1.650767207145691,1.6505746841430664,0.00019252300262451172,1.6464169025421143,1.6462962627410889,0.00012063980102539062,1.645143747329712,1.6450954675674438,4.8279762268066406e-05,1.646279215812683,1.6460347175598145,0.00024449825286865234
3.3375,1.6493061780929565,1.6491152048110962,0.00019097328186035156,1.6458444595336914,1.6457353830337524,0.00010907649993896484,1.6447889804840088,1.6447315216064453,5.745887756347656e-05,1.6454778909683228,1.6452205181121826,0.0002573728561401367
3.375,1.6480035781860352,1.6478345394134521,0.0001690387725830078,1.6453725099563599,1.6452887058258057,8.380413055419922e-05,1.6445212364196777,1.6444666385650635,5.459785461425781e-05,1.6448009014129639,1.644545078277588,0.00025582313537597656
3.4125,1.6468544006347656,1.6467227935791016,0.0001316070556640625,1.6449952125549316,1.644946813583374,4.839897155761719e-05,1.6443344354629517,1.644294261932373,4.017353057861328e-05,1.6442415714263916,1.6439982652664185,0.00024330615997314453
3.4499999999999997,1.645853042602539,1.6457569599151611,9.608268737792969e-05,1.64470636844635,1.6446900367736816,1.633167266845703e-05,1.644222378730774,1.644196629524231,2.574920654296875e-05,1.6437928676605225,1.6435593366622925,0.00023353099822998047
3.4875,1.6449954509735107,1.6449191570281982,7.62939453125e-05,1.6445008516311646,1.644500970840454,1.1920928955078125e-07,1.6441800594329834,1.6441587209701538,2.1338462829589844e-05,1.6434495449066162,1.6432111263275146,0.0002384185791015625
3.525,1.644271969795227,1.6442066431045532,6.532669067382812e-05,1.6443709135055542,1.6443779468536377,7.033348083496094e-06,1.644200086593628,1.6441770792007446,2.300739288330078e-05,1.6432020664215088,1.6429519653320312,0.00025010108947753906
3.5625,1.6436749696731567,1.6436283588409424,4.661083221435547e-05,1.6443102359771729,1.64432954788208,1.9311904907226562e-05,1.64427649974823,1.6442581415176392,1.8358230590820312e-05,1.6430431604385376,1.642790675163269,0.0002524852752685547
3.5999999999999996,1.6431968212127686,1.6431844234466553,1.239776611328125e-05,1.6443127393722534,1.6443599462509155,4.7206878662109375e-05,1.6444035768508911,1.6444039344787598,3.5762786865234375e-07,1.6429656744003296,1.6427297592163086,0.0002359151840209961
3.6374999999999997,1.6428313255310059,1.6428536176681519,2.2292137145996094e-05,1.6443731784820557,1.6444532871246338,8.0108642578125e-05,1.6445765495300293,1.6445990800857544,2.2530555725097656e-05,1.6429632902145386,1.642753005027771,0.00021028518676757812
3.675,1.6425682306289673,1.6426055431365967,3.731250762939453e-05,1.6444846391677856,1.6445858478546143,0.00010120868682861328,1.6447889804840088,1.644820213317871,3.123283386230469e-05,1.6430277824401855,1.6428331136703491,0.00019466876983642578
3.7125,1.642399549484253,1.6424213647842407,2.181529998779297e-05,1.6446415185928345,1.6447439193725586,0.0001024007797241211,1.6450358629226685,1.6450550556182861,1.919269561767578e-05,1.6431522369384766,1.6429541110992432,0.00019812583923339844
3.75,1.642317295074463,1.642308235168457,9.059906005859375e-06,1.644838571548462,1.6449347734451294,9.620189666748047e-05,1.6453124284744263,1.645313024520874,5.960464477539062e-07,1.6433300971984863,1.6431236267089844,0.00020647048950195312
3.7874999999999996,1.6423150300979614,1.6422828435897827,3.218650817871094e-05,1.6450711488723755,1.645173192024231,0.00010204315185546875,1.6456142663955688,1.645609736442566,4.5299530029296875e-06,1.6435558795928955,1.6433550119400024,0.0002008676528930664
3.8249999999999997,1.6423835754394531,1.6423462629318237,3.731250762939453e-05,1.6453338861465454,1.6454588174819946,0.00012493133544921875,1.6459368467330933,1.6459460258483887,9.179115295410156e-06,1.6438225507736206,1.6436485052108765,0.00017404556274414062
3.8625,1.6425156593322754,1.6424769163131714,3.8743019104003906e-05,1.6456222534179688,1.6457706689834595,0.00014841556549072266,1.6462759971618652,1.6463029384613037,2.6941299438476562e-05,1.6441247463226318,1.643982172012329,0.00014257431030273438
3.9,1.6427044868469238,1.6426482200622559,5.626678466796875e-05,1.6459320783615112,1.6460849046707153,0.00015282630920410156,1.6466280221939087,1.646658182144165,3.0159950256347656e-05,1.6444569826126099,1.644330620765686,0.00012636184692382812
3.9375,1.6429439783096313,1.6428507566452026,9.322166442871094e-05,1.6462596654891968,1.6463963985443115,0.0001367330551147461,1.6469898223876953,1.6470074653625488,1.7642974853515625e-05,1.6448147296905518,1.6446874141693115,0.00012731552124023438
3.9749999999999996,1.6432271003723145,1.6430965662002563,0.00013053417205810547,1.6466010808944702,1.6467194557189941,0.00011837482452392578,1.6473579406738281,1.6473653316497803,7.3909759521484375e-06,1.6451929807662964,1.6450648307800293,0.00012814998626708984
4.0125,1.6435478925704956,1.6434004306793213,0.0001474618911743164,1.6469529867172241,1.6470704078674316,0.00011742115020751953,1.647729754447937,1.6477473974227905,1.7642974853515625e-05,1.64558744430542,1.6454778909683228,0.00010955333709716797
4.05,1.643900752067566,1.6437602043151855,0.0001405477523803711,1.6473121643066406,1.6474483013153076,0.0001361370086669922,1.6481025218963623,1.6481508016586304,4.8279762268066406e-05,1.6459941864013672,1.6459238529205322,7.033348083496094e-05
4.0874999999999995,1.644281029701233,1.6441541910171509,0.00012683868408203125,1.6476761102676392,1.6478331089019775,0.0001569986343383789,1.648474097251892,1.6485553979873657,8.130073547363281e-05,1.6464097499847412,1.6463806629180908,2.9087066650390625e-05
4.125,1.6446832418441772,1.6445591449737549,0.00012409687042236328,1.64804208278656,1.6482053995132446,0.0001633167266845703,1.6488423347473145,1.6489402055740356,9.78708267211914e-05,1.6468307971954346,1.6468262672424316,4.5299530029296875e-06
4.1625,1.645103096961975,1.644971251487732,0.00013184547424316406,1.6484078168869019,1.6485646963119507,0.00015687942504882812,1.6492056846618652,1.649304747581482,9.906291961669922e-05,1.647254228591919,1.647257685661316,3.4570693969726562e-06
4.2,1.6455364227294922,1.6454026699066162,0.00013375282287597656,1.6487712860107422,1.6489254236221313,0.00015413761138916016,1.6495624780654907,1.649665355682373,0.00010287761688232422,1.6476775407791138,1.6476889848709106,1.1444091796875e-05
4.2375,1.645979642868042,1.6458656787872314,0.00011396408081054688,1.6491307020187378,1.649302363395691,0.000171661376953125,1.6499111652374268,1.6500375270843506,0.00012636184692382812,1.648098349571228,1.6481338739395142,3.552436828613281e-05
4.2749999999999995,1.646429181098938,1.6463533639907837,7.581710815429688e-05,1.6494845151901245,1.6496906280517578,0.00020611286163330078,1.6502509117126465,1.6504194736480713,0.0001685619354248047,1.6485145092010498,1.6485874652862549,7.295608520507812e-05
4.3125,1.6468818187713623,1.6468420028686523,3.981590270996094e-05,1.6498312950134277,1.650069236755371,0.00023794174194335938,1.650580644607544,1.6507917642593384,0.0002111196517944336,1.6489242315292358,1.6490297317504883,0.0001055002212524414
4.35,1.6473349332809448,1.6473101377487183,2.47955322265625e-05,1.6501699686050415,1.6504170894622803,0.00024712085723876953,1.6508995294570923,1.651135802268982,0.00023627281188964844,1.649325966835022,1.6494404077529907,0.00011444091796875
4.3875,1.6477859020233154,1.6477547883987427,3.1113624572753906e-05,1.6504993438720703,1.6507338285446167,0.00023448467254638672,1.6512068510055542,1.651450753211975,0.00024390220642089844,1.649718165397644,1.649819016456604,0.00010085105895996094
4.425,1.6482325792312622,1.648189663887024,4.291534423828125e-05,1.6508187055587769,1.6510342359542847,0.0002155303955078125,1.651502251625061,1.6517506837844849,0.0002484321594238281,1.650099754333496,1.6501801013946533,8.034706115722656e-05
4.4624999999999995,1.6486730575561523,1.648630976676941,4.208087921142578e-05,1.6511274576187134,1.6513361930847168,0.00020873546600341797,1.6517853736877441,1.6520509719848633,0.0002655982971191406,1.6504698991775513,1.6505414247512817,7.152557373046875e-05
4.5,1.6491055488586426,1.649078130722046,2.7418136596679688e-05,1.6514250040054321,1.6516417264938354,0.0002167224884033203,1.6520557403564453,1.6523511409759521,0.00029540061950683594,1.6508276462554932,1.650903582572937,7.593631744384766e-05
4.5375,1.6495283842086792,1.6495157480239868,1.2636184692382812e-05,1.6517106294631958,1.6519380807876587,0.00022745132446289062,1.6523131132125854,1.652635097503662,0.00032198429107666016,1.6511720418930054,1.6512525081634521,8.046627044677734e-05
4.575,1.6499404907226562,1.6499277353286743,1.2755393981933594e-05,1.6519842147827148,1.6522074937820435,0.00022327899932861328,1.652557611465454,1.6528853178024292,0.00032770633697509766,1.6515029668807983,1.6515719890594482,6.902217864990234e-05
4.6125,1.6503409147262573,1.650313138961792,2.777576446533203e-05,1.6522455215454102,1.652449369430542,0.00020384788513183594,1.6527891159057617,1.6531003713607788,0.00031125545501708984,1.6518198251724243,1.6518621444702148,4.2319297790527344e-05
4.6499999999999995,1.650728464126587,1.650687575340271,4.088878631591797e-05,1.6524944305419922,1.6526767015457153,0.00018227100372314453,1.6530077457427979,1.6532959938049316,0.00028824806213378906,1.6521226167678833,1.6521389484405518,1.633167266845703e-05
4.6875,1.6511023044586182,1.6510639190673828,3.838539123535156e-05,1.6527305841445923,1.652902364730835,0.00017178058624267578,1.6532132625579834,1.6534879207611084,0.000274658203125,1.6524105072021484,1.6524176597595215,7.152557373046875e-06
4.725,1.6514620780944824,1.6514403820037842,2.1696090698242188e-05,1.6529542207717896,1.6531264781951904,0.0001722574234008789,1.6534062623977661,1.6536791324615479,0.0002728700637817383,1.652683973312378,1.652698278427124,1.430511474609375e-05
4.7625,1.651807188987732,1.651801586151123,5.602836608886719e-06,1.6531654596328735,1.6533360481262207,0.00017058849334716797,1.6535866260528564,1.6538578271865845,0.00027120113372802734,1.6529427766799927,1.6529682874679565,2.5510787963867188e-05
4.8,1.652137279510498,1.6521331071853638,4.172325134277344e-06,1.6533643007278442,1.653518795967102,0.0001544952392578125,1.653754711151123,1.6540127992630005,0.0002580881118774414,1.6531870365142822,1.6532138586044312,2.682209014892578e-05
4.8374999999999995,1.6524518728256226,1.6524326801300049,1.919269561767578e-05,1.653550624847412,1.6536743640899658,0.00012373924255371094,1.6539106369018555,1.6541417837142944,0.00023114681243896484,1.653416633605957,1.6534332036972046,1.6570091247558594e-05
4.875,1.6527509689331055,1.6527111530303955,3.981590270996094e-05,1.6537247896194458,1.6538147926330566,9.000301361083984e-05,1.654054880142212,1.6542531251907349,0.00019824504852294922,1.6536319255828857,1.653635859489441,3.933906555175781e-06
4.9125,1.6530345678329468,1.6529780626296997,5.650520324707031e-05,1.653887152671814,1.6539514064788818,6.42538070678711e-05,1.6541876792907715,1.6543567180633545,0.0001690387725830078,1.653833031654358,1.653831958770752,1.0728836059570312e-06
4.95,1.653302550315857,1.6532365083694458,6.604194641113281e-05,1.6540378332138062,1.6540883779525757,5.054473876953125e-05,1.6543092727661133,1.6544545888900757,0.00014531612396240234,1.6540203094482422,1.6540236473083496,3.337860107421875e-06
4.9875,1.6535547971725464,1.6534816026687622,7.319450378417969e-05,1.654176950454712,1.6542229652404785,4.601478576660156e-05,1.6544198989868164,1.6545439958572388,0.00012409687042236328,1.6541937589645386,1.6542068719863892,1.3113021850585938e-05
5.0249999999999995,1.6537914276123047,1.6537058353424072,8.559226989746094e-05,1.6543049812316895,1.654346227645874,4.124641418457031e-05,1.6545201539993286,1.6546176671981812,9.751319885253906e-05,1.6543538570404053,1.654373049736023,1.919269561767578e-05
5.0625,1.6540127992630005,1.6539064645767212,0.00010633468627929688,1.6544220447540283,1.654456615447998,3.457069396972656e-05,1.6546103954315186,1.6546753644943237,6.496906280517578e-05,1.654500961303711,1.6545202732086182,1.9311904907226562e-05
5.1,1.6542190313339233,1.6540864706039429,0.00013256072998046875,1.6545286178588867,1.6545547246932983,2.6106834411621094e-05,1.6546907424926758,1.6547211408615112,3.039836883544922e-05,1.6546353101730347,1.6546512842178345,1.5974044799804688e-05
5.1375,1.6544101238250732,1.6542516946792603,0.00015842914581298828,1.6546248197555542,1.6546437740325928,1.895427703857422e-05,1.6547616720199585,1.6547602415084839,1.430511474609375e-06,1.6547571420669556,1.6547698974609375,1.2755393981933594e-05
5.175,1.6545865535736084,1.6544067859649658,0.00017976760864257812,1.654711127281189,1.6547272205352783,1.609325408935547e-05,1.6548235416412354,1.654799222946167,2.4318695068359375e-05,1.6548670530319214,1.6548813581466675,1.430511474609375e-05
5.2124999999999995,1.654748558998108,1.6545536518096924,0.00019490718841552734,1.6547878980636597,1.654802680015564,1.4781951904296875e-05,1.6548768281936646,1.6548365354537964,4.029273986816406e-05,1.6549654006958008,1.6549848318099976,1.9431114196777344e-05
5.25,1.65489661693573,1.654693603515625,0.00020301342010498047,1.6548553705215454,1.654868245124817,1.2874603271484375e-05,1.6549217700958252,1.6548705101013184,5.125999450683594e-05,1.6550524234771729,1.6550787687301636,2.6345252990722656e-05
5.2875,1.655030608177185,1.6548246145248413,0.00020599365234375,1.6549137830734253,1.654920220375061,6.4373016357421875e-06,1.654958724975586,1.6548973321914673,6.139278411865234e-05,1.6551285982131958,1.655158519744873,2.9921531677246094e-05
5.325,1.6551512479782104,1.6549465656280518,0.0002046823501586914,1.6549636125564575,1.6549593210220337,4.291534423828125e-06,1.6549880504608154,1.654916524887085,7.152557373046875e-05,1.6551941633224487,1.6552234888076782,2.9325485229492188e-05
5.3625,1.6552588939666748,1.6550575494766235,0.00020134449005126953,1.6550052165985107,1.6549869775772095,1.823902130126953e-05,1.6550101041793823,1.654929518699646,8.058547973632812e-05,1.655249834060669,1.6552720069885254,2.2172927856445312e-05
5.3999999999999995,1.6553539037704468,1.6551543474197388,0.0001995563507080078,1.6550390720367432,1.6550064086914062,3.266334533691406e-05,1.6550253629684448,1.6549384593963623,8.690357208251953e-05,1.6552958488464355,1.655305027961731,9.179115295410156e-06
5.4375,1.6554365158081055,1.6552362442016602,0.0002002716064453125,1.6550650596618652,1.6550215482711792,4.3511390686035156e-05,1.655034065246582,1.6549465656280518,8.749961853027344e-05,1.6553324460983276,1.6553261280059814,6.318092346191406e-06
5.475,1.6555073261260986,1.655302882194519,0.00020444393157958984,1.6550840139389038,1.6550345420837402,4.947185516357422e-05,1.655036449432373,1.6549537181854248,8.273124694824219e-05,1.655360221862793,1.6553374528884888,2.276897430419922e-05
5.5125,1.655566692352295,1.655357837677002,0.00020885467529296875,1.6550960540771484,1.6550456285476685,5.042552947998047e-05,1.6550331115722656,1.65495765209198,7.545948028564453e-05,1.6553796529769897,1.655342936515808,3.6716461181640625e-05
5.55,1.655615210533142,1.655402421951294,0.00021278858184814453,1.6551015377044678,1.6550525426864624,4.8995018005371094e-05,1.6550242900848389,1.6549545526504517,6.973743438720703e-05,1.655390977859497,1.6553441286087036,4.684925079345703e-05
5.5874999999999995,1.6556528806686401,1.655438780784607,0.00021409988403320312,1.655100703239441,1.6550532579421997,4.744529724121094e-05,1.6550101041793823,1.6549419164657593,6.818771362304688e-05,1.6553945541381836,1.655341625213623,5.2928924560546875e-05
5.625,1.6556804180145264,1.6554661989212036,0.0002142190933227539,1.655094027519226,1.6550456285476685,4.839897155761719e-05,1.6549911499023438,1.6549185514450073,7.259845733642578e-05,1.6553908586502075,1.6553348302841187,5.602836608886719e-05
5.6625,1.655698299407959,1.655484914779663,0.00021338462829589844,1.655081868171692,1.6550309658050537,5.0902366638183594e-05,1.6549675464630127,1.65488862991333,7.891654968261719e-05,1.655380368232727,1.6553229093551636,5.745887756347656e-05
5.7,1.6557070016860962,1.655495047569275,0.00021195411682128906,1.6550644636154175,1.6550114154815674,5.3048133850097656e-05,1.654939889907837,1.6548570394515991,8.285045623779297e-05,1.6553634405136108,1.655305027961731,5.841255187988281e-05
5.7375,1.6557066440582275,1.6554970741271973,0.00020956993103027344,1.655042052268982,1.6549872159957886,5.4836273193359375e-05,1.6549080610275269,1.6548265218734741,8.153915405273438e-05,1.6553404331207275,1.6552793979644775,6.103515625e-05
5.7749999999999995,1.6556980609893799,1.6554919481277466,0.00020611286163330078,1.6550151109695435,1.6549588441848755,5.626678466796875e-05,1.6548727750778198,1.6547974348068237,7.534027099609375e-05,1.6553115844726562,1.6552436351776123,6.794929504394531e-05
5.8125,1.6556814908981323,1.655480146408081,0.00020134449005126953,1.6549838781356812,1.6549251079559326,5.8770179748535156e-05,1.6548341512680054,1.6547678709030151,6.628036499023438e-05,1.6552776098251343,1.655195951461792,8.165836334228516e-05
5.85,1.6556575298309326,1.6554591655731201,0.0001983642578125,1.6549488306045532,1.6548820734024048,6.67572021484375e-05,1.6547924280166626,1.6547331809997559,5.924701690673828e-05,1.6552386283874512,1.6551339626312256,0.00010466575622558594
5.8875,1.6556264162063599,1.65542471408844,0.00020170211791992188,1.6549099683761597,1.654828667640686,8.130073547363281e-05,1.6547480821609497,1.6546893119812012,5.8770179748535156e-05,1.6551949977874756,1.6550571918487549,0.00013780593872070312
5.925,1.6555887460708618,1.6553767919540405,0.00021195411682128906,1.6548677682876587,1.6547667980194092,0.00010097026824951172,1.6547011137008667,1.654637336730957,6.377696990966797e-05,1.6551471948623657,1.6549705266952515,0.0001766681671142578
5.9624999999999995,1.6555449962615967,1.6553188562393188,0.00022614002227783203,1.654822587966919,1.6547008752822876,0.00012171268463134766,1.6546519994735718,1.6545803546905518,7.164478302001953e-05,1.6550955772399902,1.6548821926116943,0.00021338462829589844
6.0,1.6554956436157227,1.6552590131759644,0.00023663043975830078,1.654774785041809,1.6546369791030884,0.00013780593872070312,1.6546010971069336,1.6545239686965942,7.712841033935547e-05,1.6550405025482178,1.6548014879226685,0.0002390146255493164
6.0375,1.6554408073425293,1.6552032232284546,0.00023758411407470703,1.654724359512329,1.6545774936676025,0.0001468658447265625,1.6545484066009521,1.6544687747955322,7.963180541992188e-05,1.654982328414917,1.6547331809997559,0.0002491474151611328
6.075,1.6553813219070435,1.655150055885315,0.00023126602172851562,1.6546717882156372,1.6545175313949585,0.00015425682067871094,1.654494285583496,1.654410481452942,8.380413055419922e-05,1.654921293258667,1.6546745300292969,0.0002467632293701172
6.1125,1.6553174257278442,1.6550942659378052,0.0002231597900390625,1.6546173095703125,1.654450535774231,0.00016677379608154297,1.654439091682434,1.6543437242507935,9.5367431640625e-05,1.6548579931259155,1.6546176671981812,0.000240325927734375
6.1499999999999995,1.6552497148513794,1.6550328731536865,0.0002168416976928711,1.6545612812042236,1.6543760299682617,0.00018525123596191406,1.6543830633163452,1.654269814491272,0.00011324882507324219,1.6547924280166626,1.6545600891113281,0.00023233890533447266
6.1875,1.655178427696228,1.654965877532959,0.00021255016326904297,1.6545039415359497,1.6542993783950806,0.00020456314086914062,1.654326319694519,1.6541961431503296,0.00013017654418945312,1.654725193977356,1.654503583908081,0.00022161006927490234
6.225,1.6551040410995483,1.6548970937728882,0.00020694732666015625,1.6544454097747803,1.6542294025421143,0.00021600723266601562,1.6542690992355347,1.6541329622268677,0.0001361370086669922,1.6546565294265747,1.6544528007507324,0.00020372867584228516
6.2625,1.6550270318984985,1.6548248529434204,0.000202178955078125,1.6543861627578735,1.6541675329208374,0.0002186298370361328,1.6542116403579712,1.65408194065094,0.00012969970703125,1.6545867919921875,1.6544071435928345,0.00017964839935302734
6.3,1.6549477577209473,1.654744267463684,0.0002034902572631836,1.654326319694519,1.6541086435317993,0.00021767616271972656,1.6541543006896973,1.6540359258651733,0.00011837482452392578,1.6545161008834839,1.654360055923462,0.00015604496002197266
6.3374999999999995,1.6548665761947632,1.6546542644500732,0.0002123117446899414,1.6542662382125854,1.6540476083755493,0.0002186298370361328,1.654097080230713,1.6539863348007202,0.00011074542999267578,1.6544450521469116,1.6543045043945312,0.0001405477523803711
6.375,1.6547839641571045,1.6545586585998535,0.00022530555725097656,1.6542059183120728,1.6539829969406128,0.00022292137145996094,1.6540403366088867,1.6539289951324463,0.00011134147644042969,1.6543736457824707,1.6542412042617798,0.00013244152069091797
6.4125,1.6547003984451294,1.6544668674468994,0.00023353099822998047,1.6541458368301392,1.6539201736450195,0.0002256631851196289,1.6539841890335083,1.6538655757904053,0.00011861324310302734,1.6543023586273193,1.6541739702224731,0.0001283884048461914
6.45,1.6546159982681274,1.6543843746185303,0.00023162364959716797,1.6540859937667847,1.6538645029067993,0.00022149085998535156,1.6539288759231567,1.6538013219833374,0.00012755393981933594,1.654231309890747,1.6541084051132202,0.00012290477752685547
6.4875,1.6545313596725464,1.6543091535568237,0.00022220611572265625,1.6540268659591675,1.6538163423538208,0.0002105236053466797,1.6538745164871216,1.653738021850586,0.00013649463653564453,1.654160976409912,1.6540443897247314,0.00011658668518066406
6.5249999999999995,1.6544467210769653,1.6542329788208008,0.00021374225616455078,1.6539684534072876,1.6537717580795288,0.00019669532775878906,1.6538212299346924,1.6536747217178345,0.00014650821685791016,1.6540913581848145,1.653977394104004,0.00011396408081054688
6.5625,1.654362440109253,1.6541507244110107,0.0002117156982421875,1.6539109945297241,1.6537271738052368,0.0001838207244873047,1.6537692546844482,1.653611421585083,0.00015783309936523438,1.6540228128433228,1.6539052724838257,0.00011754035949707031
6.6,1.6542788743972778,1.6540647745132446,0.00021409988403320312,1.6538546085357666,1.6536823511123657,0.0001722574234008789,1.6537187099456787,1.653550624847412,0.00016808509826660156,1.6539555788040161,1.6538312435150146,0.00012433528900146484
6.6375,1.6541962623596191,1.6539814472198486,0.0002148151397705078,1.6537996530532837,1.653639793395996,0.00015985965728759766,1.6536697149276733,1.6534963846206665,0.00017333030700683594,1.6538898944854736,1.6537621021270752,0.0001277923583984375
6.675,1.6541149616241455,1.653906226158142,0.00020873546600341797,1.6537461280822754,1.653599500656128,0.00014662742614746094,1.6536223888397217,1.6534490585327148,0.00017333030700683594,1.6538258790969849,1.6537007093429565,0.0001251697540283203
6.7124999999999995,1.6540353298187256,1.6538386344909668,0.00019669532775878906,1.6536942720413208,1.6535590887069702,0.00013518333435058594,1.6535769701004028,1.6534050703048706,0.00017189979553222656,1.653763771057129,1.6536465883255005,0.00011718273162841797
6.75,1.653957486152649,1.6537742614746094,0.00018322467803955078,1.65364408493042,1.6535142660140991,0.00012981891632080078,1.6535333395004272,1.653359293937683,0.00017404556274414062,1.6537035703659058,1.6535950899124146,0.00010848045349121094
6.7875,1.6538816690444946,1.6537083387374878,0.00017333030700683594,1.6535958051681519,1.6534672975540161,0.0001285076141357422,1.653491735458374,1.6533116102218628,0.00018012523651123047,1.6536457538604736,1.6535446643829346,0.0001010894775390625
6.825,1.653808355331421,1.6536425352096558,0.00016582012176513672,1.6535495519638062,1.6534239053726196,0.00012564659118652344,1.6534522771835327,1.65326726436615,0.0001850128173828125,1.653590202331543,1.6534974575042725,9.274482727050781e-05
6.8625,1.6537374258041382,1.653579592704773,0.00015783309936523438,1.6535054445266724,1.6533918380737305,0.00011360645294189453,1.6534148454666138,1.6532320976257324,0.00018274784088134766,1.6535371541976929,1.653457522392273,7.963180541992188e-05
6.8999999999999995,1.6536693572998047,1.6535197496414185,0.00014960765838623047,1.6534634828567505,1.653373122215271,9.036064147949219e-05,1.6533796787261963,1.6532070636749268,0.00017261505126953125,1.653486728668213,1.6534234285354614,6.330013275146484e-05
6.9375,1.6536041498184204,1.6534595489501953,0.00014460086822509766,1.65342378616333,1.6533610820770264,6.270408630371094e-05,1.6533467769622803,1.6531871557235718,0.0001596212387084961,1.653438925743103,1.6533899307250977,4.8995018005371094e-05
6.975,1.6535420417785645,1.6533945798873901,0.0001474618911743164,1.6533864736557007,1.653347134590149,3.933906555175781e-05,1.6533161401748657,1.6531643867492676,0.00015175342559814453,1.6533939838409424,1.6533477306365967,4.6253204345703125e-05
7.0125,1.6534831523895264,1.653324842453003,0.0001583099365234375,1.6533515453338623,1.653327465057373,2.4080276489257812e-05,1.6532878875732422,1.653136134147644,0.00015175342559814453,1.653351902961731,1.6532963514328003,5.555152893066406e-05
7.05,1.6534274816513062,1.6532573699951172,0.00017011165618896484,1.653319001197815,1.6533032655715942,1.5735626220703125e-05,1.6532618999481201,1.6531065702438354,0.00015532970428466797,1.6533125638961792,1.6532403230667114,7.224082946777344e-05
7.0874999999999995,1.6533753871917725,1.6532005071640015,0.0001748800277709961,1.6532890796661377,1.6532812118530273,7.867813110351562e-06,1.6532381772994995,1.653083324432373,0.00015485286712646484,1.6532763242721558,1.653188943862915,8.738040924072266e-05
7.125,1.6533267498016357,1.6531591415405273,0.00016760826110839844,1.6532615423202515,1.6532655954360962,4.0531158447265625e-06,1.6532169580459595,1.6530717611312866,0.00014519691467285156,1.6532429456710815,1.6531479358673096,9.500980377197266e-05
7.1625,1.6532816886901855,1.653127670288086,0.00015401840209960938,1.6532363891601562,1.653251051902771,1.4662742614746094e-05,1.6531978845596313,1.6530678272247314,0.00013005733489990234,1.6532126665115356,1.6531147956848145,9.78708267211914e-05
7.199999999999999,1.6532402038574219,1.6530958414077759,0.0001443624496459961,1.6532137393951416,1.6532299518585205,1.621246337890625e-05,1.6531810760498047,1.653063178062439,0.00011789798736572266,1.653185248374939,1.6530804634094238,0.00010478496551513672
7.2375,1.6532024145126343,1.653056025505066,0.00014638900756835938,1.653193712234497,1.6531956195831299,1.9073486328125e-06,1.6531665325164795,1.653049349784851,0.00011718273162841797,1.6531606912612915,1.6530390977859497,0.00012159347534179688
7.2749999999999995,1.6531682014465332,1.6530110836029053,0.0001571178436279297,1.653175950050354,1.6531506776809692,2.5272369384765625e-05,1.6531542539596558,1.6530282497406006,0.00012600421905517578,1.6531391143798828,1.652992844581604,0.0001462697982788086
7.3125,1.6531375646591187,1.6529721021652222,0.00016546249389648438,1.653160572052002,1.653106927871704,5.364418029785156e-05,1.6531440019607544,1.6530095338821411,0.00013446807861328125,1.6531203985214233,1.6529529094696045,0.00016748905181884766
7.35,1.653110384941101,1.6529501676559448,0.00016021728515625,1.653147578239441,1.653075933456421,7.164478302001953e-05,1.6531357765197754,1.6530046463012695,0.00013113021850585938,1.6531044244766235,1.6529306173324585,0.00017380714416503906
7.387499999999999,1.6530869007110596,1.652944803237915,0.00014209747314453125,1.6531368494033813,1.6530609130859375,7.593631744384766e-05,1.6531296968460083,1.6530145406723022,0.00011515617370605469,1.6530911922454834,1.6529262065887451,0.00016498565673828125
7.425,1.6530667543411255,1.6529444456100464,0.00012230873107910156,1.6531282663345337,1.6530534029006958,7.486343383789062e-05,1.6531254053115845,1.6530323028564453,9.310245513916016e-05,1.6530805826187134,1.652930498123169,0.0001500844955444336
7.4624999999999995,1.6530498266220093,1.6529362201690674,0.00011360645294189453,1.6531217098236084,1.6530426740646362,7.903575897216797e-05,1.653122901916504,1.6530449390411377,7.796287536621094e-05,1.653072476387024,1.6529302597045898,0.00014221668243408203
7.5,1.6530362367630005,1.6529147624969482,0.0001214742660522461,1.6531171798706055,1.6530243158340454,9.28640365600586e-05,1.653122067451477,1.653049349784851,7.271766662597656e-05,1.653066873550415,1.6529207229614258,0.0001461505889892578
7.5375,1.6530256271362305,1.6528888940811157,0.0001367330551147461,1.653114676475525,1.65300452709198,0.00011014938354492188,1.653122901916504,1.653050184249878,7.271766662597656e-05,1.653063416481018,1.652908205986023,0.0001552104949951172
7.574999999999999,1.6530181169509888,1.6528698205947876,0.00014829635620117188,1.6531139612197876,1.652993083000183,0.00012087821960449219,1.653125286102295,1.6530568599700928,6.842613220214844e-05,1.6530622243881226,1.6529028415679932,0.00015938282012939453
7.6125,1.6530133485794067,1.652862548828125,0.00015079975128173828,1.653114914894104,1.6529942750930786,0.00012063980102539062,1.6531291007995605,1.653074026107788,5.507469177246094e-05,1.6530630588531494,1.652909278869629,0.0001537799835205078
7.6499999999999995,1.6530112028121948,1.652861475944519,0.00014972686767578125,1.6531174182891846,1.6530019044876099,0.00011551380157470703,1.6531341075897217,1.653097152709961,3.695487976074219e-05,1.653065800666809,1.6529223918914795,0.00014340877532958984
7.6875,1.653011679649353,1.6528549194335938,0.00015676021575927734,1.6531213521957397,1.65300452709198,0.00011682510375976562,1.6531403064727783,1.6531157493591309,2.4557113647460938e-05,1.653070330619812,1.6529306173324585,0.00013971328735351562
7.725,1.6530144214630127,1.6528369188308716,0.00017750263214111328,1.6531267166137695,1.6529954671859741,0.00013124942779541016,1.653147578239441,1.6531232595443726,2.4318695068359375e-05,1.6530765295028687,1.6529279947280884,0.00014853477478027344
7.762499999999999,1.6530193090438843,1.652812123298645,0.0002071857452392578,1.6531332731246948,1.6529754400253296,0.00015783309936523438,1.65315580368042,1.6531221866607666,3.361701965332031e-05,1.6530840396881104,1.652916669845581,0.00016736984252929688
7.8,1.6530262231826782,1.652793049812317,0.00023317337036132812,1.653140902519226,1.6529548168182373,0.00018608570098876953,1.6531648635864258,1.6531206369400024,4.4226646423339844e-05,1.6530929803848267,1.652907371520996,0.0001856088638305664
7.8374999999999995,1.6530348062515259,1.6527905464172363,0.0002442598342895508,1.6531496047973633,1.6529425382614136,0.00020706653594970703,1.653174638748169,1.6531267166137695,4.792213439941406e-05,1.6531031131744385,1.652908205986023,0.00019490718841552734
7.875,1.6530451774597168,1.652807354927063,0.0002378225326538086,1.6531591415405273,1.652942419052124,0.0002167224884033203,1.6531850099563599,1.6531422138214111,4.279613494873047e-05,1.6531143188476562,1.6529216766357422,0.0001926422119140625
7.9125,1.6530568599700928,1.6528358459472656,0.00022101402282714844,1.6531693935394287,1.652949571609497,0.00021982192993164062,1.653195858001709,1.6531621217727661,3.3736228942871094e-05,1.6531262397766113,1.652940273284912,0.00018596649169921875
7.949999999999999,1.6530697345733643,1.652862548828125,0.0002071857452392578,1.6531802415847778,1.6529546976089478,0.00022554397583007812,1.6532071828842163,1.6531751155853271,3.2067298889160156e-05,1.6531391143798828,1.6529520750045776,0.00018703937530517578
7.9875,1.6530838012695312,1.65288245677948,0.00020134449005126953,1.6531915664672852,1.652956485748291,0.00023508071899414062,1.6532187461853027,1.65317964553833,3.910064697265625e-05,1.6531524658203125,1.652953863143921,0.00019860267639160156
8.025,1.653098702430725,1.652899980545044,0.00019872188568115234,1.6532033681869507,1.6529605388641357,0.0002428293228149414,1.6532305479049683,1.6531802415847778,5.030632019042969e-05,1.6531662940979004,1.6529505252838135,0.00021576881408691406
8.0625,1.6531143188476562,1.6529265642166138,0.00018775463104248047,1.6532154083251953,1.6529788970947266,0.00023651123046875,1.6532424688339233,1.6531891822814941,5.328655242919922e-05,1.6531805992126465,1.652955412864685,0.00022518634796142578
8.1,1.6531305313110352,1.6529674530029297,0.00016307830810546875,1.6532275676727295,1.6530170440673828,0.0002105236053466797,1.6532543897628784,1.6532126665115356,4.172325134277344e-05,1.6531950235366821,1.6529752016067505,0.00021982192993164062
8.1375,1.6531471014022827,1.6530159711837769,0.00013113021850585938,1.6532399654388428,1.653069019317627,0.0001709461212158203,1.6532663106918335,1.6532467603683472,1.9550323486328125e-05,1.6532095670700073,1.6530057191848755,0.00020384788513183594
8.174999999999999,1.653164029121399,1.653058409690857,0.00010561943054199219,1.653252363204956,1.6531200408935547,0.0001323223114013672,1.653278112411499,1.6532787084579468,5.960464477539062e-07,1.653224229812622,1.653033971786499,0.00019025802612304688
8.2125,1.6531809568405151,1.6530845165252686,9.644031524658203e-05,1.6532646417617798,1.6531583070755005,0.00010633468627929688,1.6532896757125854,1.6532996892929077,1.0013580322265625e-05,1.6532386541366577,1.6530500650405884,0.00018858909606933594
8.25,1.653198003768921,1.6530985832214355,9.942054748535156e-05,1.653276801109314,1.6531821489334106,9.465217590332031e-05,1.6533010005950928,1.6533092260360718,8.225440979003906e-06,1.6532530784606934,1.6530547142028809,0.0001983642578125
8.2875,1.653214931488037,1.6531130075454712,0.00010192394256591797,1.653288722038269,1.6532013416290283,8.738040924072266e-05,1.653312087059021,1.653319001197815,6.9141387939453125e-06,1.6532671451568604,1.6530587673187256,0.00020837783813476562
8.325,1.6532316207885742,1.653138518333435,9.310245513916016e-05,1.653300404548645,1.6532232761383057,7.712841033935547e-05,1.6533228158950806,1.6533362865447998,1.3470649719238281e-05,1.6532809734344482,1.6530702114105225,0.00021076202392578125
8.362499999999999,1.6532480716705322,1.6531728506088257,7.522106170654297e-05,1.6533117294311523,1.6532479524612427,6.377696990966797e-05,1.653333067893982,1.653361201286316,2.8133392333984375e-05,1.653294324874878,1.6530888080596924,0.00020551681518554688
8.4,1.653264045715332,1.6532032489776611,6.079673767089844e-05,1.6533228158950806,1.653267741203308,5.507469177246094e-05,1.6533430814743042,1.6533864736557007,4.3392181396484375e-05,1.653307318687439,1.6531046628952026,0.00020265579223632812
8.4375,1.6532796621322632,1.6532180309295654,6.16312026977539e-05,1.653333306312561,1.6532763242721558,5.698204040527344e-05,1.6533524990081787,1.6534035205841064,5.1021575927734375e-05,1.6533198356628418,1.6531108617782593,0.00020897388458251953
8.475,1.6532946825027466,1.6532180309295654,7.665157318115234e-05,1.6533435583114624,1.6532762050628662,6.73532485961914e-05,1.6533615589141846,1.6534128189086914,5.125999450683594e-05,1.6533317565917969,1.6531095504760742,0.00022220611572265625
8.5125,1.6533091068267822,1.653214931488037,9.417533874511719e-05,1.653353214263916,1.653275966644287,7.724761962890625e-05,1.6533700227737427,1.6534197330474854,4.971027374267578e-05,1.6533432006835938,1.6531108617782593,0.00023233890533447266
8.549999999999999,1.6533229351043701,1.6532179117202759,0.00010502338409423828,1.6533623933792114,1.6532819271087646,8.046627044677734e-05,1.6533781290054321,1.6534268856048584,4.875659942626953e-05,1.6533540487289429,1.6531223058700562,0.00023174285888671875
8.5875,1.6533360481262207,1.6532313823699951,0.00010466575622558594,1.6533712148666382,1.6532931327819824,7.808208465576172e-05,1.6533856391906738,1.6534329652786255,4.7326087951660156e-05,1.6533643007278442,1.653144359588623,0.0002199411392211914
8.625,1.6533485651016235,1.6532495021820068,9.906291961669922e-05,1.6533793210983276,1.6533032655715942,7.605552673339844e-05,1.6533926725387573,1.6534324884414673,3.981590270996094e-05,1.6533739566802979,1.6531697511672974,0.00020420551300048828
8.6625,1.653360366821289,1.6532649993896484,9.5367431640625e-05,1.6533870697021484,1.6533079147338867,7.915496826171875e-05,1.6533992290496826,1.6534239053726196,2.467632293701172e-05,1.6533830165863037,1.6531926393508911,0.00019037723541259766
8.7,1.6533714532852173,1.653275966644287,9.548664093017578e-05,1.6533942222595215,1.6533080339431763,8.618831634521484e-05,1.6534053087234497,1.6534112691879272,5.9604644775390625e-06,1.6533914804458618,1.6532105207443237,0.00018095970153808594
8.737499999999999,1.6533818244934082,1.6532859802246094,9.584426879882812e-05,1.6534008979797363,1.65330970287323,9.119510650634766e-05,1.6534109115600586,1.6534028053283691,8.106231689453125e-06,1.6533992290496826,1.653228521347046,0.00017070770263671875
8.775,1.6533914804458618,1.6532975435256958,9.393692016601562e-05,1.653407096862793,1.6533148288726807,9.226799011230469e-05,1.6534160375595093,1.653401255607605,1.4781951904296875e-05,1.6534065008163452,1.6532467603683472,0.00015974044799804688
8.8125,1.6534004211425781,1.653311848640442,8.857250213623047e-05,1.6534128189086914,1.6533223390579224,9.047985076904297e-05,1.6534208059310913,1.6534041166305542,1.6689300537109375e-05,1.65341317653656,1.6532647609710693,0.00014841556549072266
8.85,1.6534086465835571,1.6533286571502686,7.998943328857422e-05,1.6534180641174316,1.6533299684524536,8.809566497802734e-05,1.6534249782562256,1.6534080505371094,1.6927719116210938e-05,1.6534192562103271,1.653281331062317,0.0001379251480102539
8.8875,1.6534162759780884,1.6533477306365967,6.854534149169922e-05,1.6534227132797241,1.653337001800537,8.571147918701172e-05,1.6534287929534912,1.653410792350769,1.800060272216797e-05,1.6534247398376465,1.6532959938049316,0.00012874603271484375
8.924999999999999,1.6534230709075928,1.6533708572387695,5.221366882324219e-05,1.653427004814148,1.6533461809158325,8.082389831542969e-05,1.6534321308135986,1.6534157991409302,1.633167266845703e-05,1.6534297466278076,1.6533124446868896,0.00011730194091796875
8.9625,1.653429388999939,1.653394103050232,3.528594970703125e-05,1.6534309387207031,1.6533561944961548,7.474422454833984e-05,1.653435230255127,1.6534215211868286,1.3709068298339844e-05,1.653434157371521,1.6533286571502686,0.0001055002212524414
9.0,1.6534349918365479,1.6534123420715332,2.2649765014648438e-05,1.6534343957901,1.6533628702163696,7.152557373046875e-05,1.653437852859497,1.6534260511398315,1.1801719665527344e-05,1.6534382104873657,1.6533409357070923,9.72747802734375e-05
9.0375,1.653439998626709,1.6534210443496704,1.895427703857422e-05,1.6534373760223389,1.6533613204956055,7.605552673339844e-05,1.6534401178359985,1.6534239053726196,1.621246337890625e-05,1.6534416675567627,1.6533429622650146,9.870529174804688e-05
9.075,1.653444528579712,1.6534230709075928,2.1457672119140625e-05,1.653439998626709,1.6533524990081787,8.749961853027344e-05,1.6534420251846313,1.6534171104431152,2.491474151611328e-05,1.653444766998291,1.653336763381958,0.00010800361633300781
9.112499999999999,1.653448462486267,1.6534271240234375,2.1338462829589844e-05,1.6534423828125,1.653343915939331,9.846687316894531e-05,1.653443694114685,1.6534117460250854,3.1948089599609375e-05,1.6534473896026611,1.6533286571502686,0.00011873245239257812
9.15,1.6534518003463745,1.6534397602081299,1.2040138244628906e-05,1.6534442901611328,1.6533418893814087,0.0001024007797241211,1.6534451246261597,1.653414011001587,3.1113624572753906e-05,1.6534496545791626,1.653326153755188,0.00012350082397460938
9.1875,1.6534547805786133,1.6534591913223267,4.410743713378906e-06,1.6534459590911865,1.6533459424972534,0.00010001659393310547,1.6534461975097656,1.653422236442566,2.396106719970703e-05,1.6534515619277954,1.653328537940979,0.00012302398681640625
9.225,1.6534572839736938,1.6534767150878906,1.9431114196777344e-05,1.6534473896026611,1.6533483266830444,9.906291961669922e-05,1.6534470319747925,1.6534291505813599,1.7881393432617188e-05,1.65345299243927,1.6533297300338745,0.0001232624053955078
9.2625,1.6534593105316162,1.6534837484359741,2.4437904357910156e-05,1.653448462486267,1.6533429622650146,0.0001055002212524414,1.6534476280212402,1.6534274816513062,2.014636993408203e-05,1.653454303741455,1.653323769569397,0.00013053417205810547
9.299999999999999,1.65346097946167,1.6534827947616577,2.181529998779297e-05,1.653449296951294,1.6533311605453491,0.00011813640594482422,1.6534481048583984,1.6534181833267212,2.9921531677246094e-05,1.653455138206482,1.653313159942627,0.00014197826385498047
9.3375,1.6534621715545654,1.6534802913665771,1.811981201171875e-05,1.6534498929977417,1.6533218622207642,0.00012803077697753906,1.653448224067688,1.6534087657928467,3.9458274841308594e-05,1.6534558534622192,1.6533058881759644,0.0001499652862548828
9.375,1.6534631252288818,1.6534843444824219,2.1219253540039062e-05,1.6534502506256104,1.6533231735229492,0.0001270771026611328,1.6534483432769775,1.653407096862793,4.124641418457031e-05,1.653456211090088,1.6533095836639404,0.00014662742614746094
9.4125,1.6534638404846191,1.6534918546676636,2.8014183044433594e-05,1.6534504890441895,1.6533337831497192,0.00011670589447021484,1.6534481048583984,1.653409719467163,3.838539123535156e-05,1.6534563302993774,1.6533201932907104,0.0001361370086669922
9.45,1.6534640789031982,1.6534931659698486,2.9087066650390625e-05,1.6534504890441895,1.6533452272415161,0.00010526180267333984,1.6534478664398193,1.6534100770950317,3.7789344787597656e-05,1.6534563302993774,1.6533273458480835,0.0001289844512939453
9.487499999999999,1.6534641981124878,1.6534775495529175,1.33514404296875e-05,1.6534503698349,1.65334951877594,0.00010085105895996094,1.6534475088119507,1.6533992290496826,4.8279762268066406e-05,1.6534560918807983,1.653320550918579,0.00013554096221923828
9.525,1.6534640789031982,1.6534454822540283,1.8596649169921875e-05,1.6534500122070312,1.6533466577529907,0.00010335445404052734,1.653446912765503,1.6533787250518799,6.818771362304688e-05,1.6534556150436401,1.6533006429672241,0.00015497207641601562
9.5625,1.65346360206604,1.6534086465835571,5.4955482482910156e-05,1.653449535369873,1.6533470153808594,0.00010251998901367188,1.6534463167190552,1.6533595323562622,8.678436279296875e-05,1.6534550189971924,1.6532788276672363,0.0001761913299560547
9.6,1.6534630060195923,1.653382658958435,8.034706115722656e-05,1.6534489393234253,1.6533639430999756,8.499622344970703e-05,1.6534456014633179,1.6533558368682861,8.976459503173828e-05,1.653454303741455,1.6532713174819946,0.00018298625946044922
9.6375,1.653462290763855,1.6533689498901367,9.334087371826172e-05,1.6534483432769775,1.653395414352417,5.2928924560546875e-05,1.653444766998291,1.6533665657043457,7.82012939453125e-05,1.6534534692764282,1.6532790660858154,0.00017440319061279297
9.674999999999999,1.6534613370895386,1.6533554792404175,0.00010585784912109375,1.6534475088119507,1.6534267663955688,2.0742416381835938e-05,1.6534438133239746,1.6533787250518799,6.508827209472656e-05,1.6534525156021118,1.653290867805481,0.00016164779663085938
9.7125,1.6534602642059326,1.653327465057373,0.0001327991485595703,1.6534466743469238,1.6534415483474731,5.125999450683594e-06,1.6534428596496582,1.6533775329589844,6.532669067382812e-05,1.6534514427185059,1.6532917022705078,0.00015974044799804688
9.75,1.653459072113037,1.653282642364502,0.00017642974853515625,1.6534457206726074,1.6534373760223389,8.344650268554688e-06,1.6534419059753418,1.6533621549606323,7.975101470947266e-05,1.6534502506256104,1.6532801389694214,0.00017011165618896484
9.7875,1.6534576416015625,1.6532347202301025,0.00022292137145996094,1.6534446477890015,1.6534252166748047,1.9431114196777344e-05,1.6534408330917358,1.6533458232879639,9.500980377197266e-05,1.6534490585327148,1.6532671451568604,0.0001819133758544922
9.825,1.6534563302993774,1.6532000303268433,0.0002562999725341797,1.6534435749053955,1.6534199714660645,2.3603439331054688e-05,1.6534397602081299,1.653343677520752,9.608268737792969e-05,1.6534477472305298,1.653267502784729,0.00018024444580078125
9.862499999999999,1.6534547805786133,1.6531856060028076,0.00026917457580566406,1.6534425020217896,1.6534265279769897,1.5974044799804688e-05,1.653438687324524,1.6533591747283936,7.95125961303711e-05,1.6534464359283447,1.6532841920852661,0.00016224384307861328
9.9,1.6534532308578491,1.6531835794448853,0.0002696514129638672,1.653441309928894,1.6534329652786255,8.344650268554688e-06,1.6534374952316284,1.6533799171447754,5.7578086853027344e-05,1.6534450054168701,1.6533046960830688,0.00014030933380126953
9.9375,1.6534515619277954,1.6531845331192017,0.00026702880859375,1.6534401178359985,1.6534277200698853,1.239776611328125e-05,1.6534364223480225,1.6533910036087036,4.5418739318847656e-05,1.653443694114685,1.653316855430603,0.00012683868408203125
9.975,1.6534498929977417,1.653186559677124,0.0002633333206176758,1.653438925743103,1.6534098386764526,2.9087066650390625e-05,1.653435230255127,1.6533896923065186,4.553794860839844e-05,1.653442144393921,1.6533175706863403,0.0001245737075805664
10.0125,1.6534481048583984,1.6531959772109985,0.00025212764739990234,1.6534377336502075,1.6533902883529663,4.744529724121094e-05,1.6534340381622314,1.6533856391906738,4.839897155761719e-05,1.6534407138824463,1.6533160209655762,0.0001246929168701172
10.049999999999999,1.6534464359283447,1.6532198190689087,0.00022661685943603516,1.6534364223480225,1.653382420539856,5.4001808166503906e-05,1.653432846069336,1.6533920764923096,4.076957702636719e-05,1.6534392833709717,1.6533234119415283,0.00011587142944335938
10.0875,1.6534446477890015,1.6532552242279053,0.0001894235610961914,1.653435230255127,1.6533911228179932,4.410743713378906e-05,1.6534316539764404,1.6534128189086914,1.8835067749023438e-05,1.6534377336502075,1.653342366218567,9.5367431640625e-05
10.125,1.6534428596496582,1.6532912254333496,0.00015163421630859375,1.653433918952942,1.653408169746399,2.574920654296875e-05,1.6534305810928345,1.6534397602081299,9.179115295410156e-06,1.653436303138733,1.6533637046813965,7.259845733642578e-05
10.1625,1.653441071510315,1.6533150672912598,0.00012600421905517578,1.6534327268600464,1.6534208059310913,1.1920928955078125e-05,1.653429388999939,1.6534579992294312,2.86102294921875e-05,1.6534348726272583,1.6533749103546143,5.996227264404297e-05
10.2,1.6534392833709717,1.6533219814300537,0.00011730194091796875,1.6534314155578613,1.6534204483032227,1.0967254638671875e-05,1.653428316116333,1.6534574031829834,2.9087066650390625e-05,1.6534333229064941,1.6533688306808472,6.449222564697266e-05
10.237499999999999,1.6534374952316284,1.6533199548721313,0.00011754035949707031,1.6534302234649658,1.6534103155136108,1.990795135498047e-05,1.6534271240234375,1.6534392833709717,1.2159347534179688e-05,1.6534318923950195,1.6533498764038086,8.20159912109375e-05
10.275,1.6534358263015747,1.6533201932907104,0.00011563301086425781,1.6534290313720703,1.6533997058868408,2.9325485229492188e-05,1.6534260511398315,1.653412103652954,1.3947486877441406e-05,1.653430461883545,1.6533288955688477,0.00010156631469726562
10.3125,1.6534340381622314,1.653334617614746,9.942054748535156e-05,1.6534278392791748,1.65339994430542,2.7894973754882812e-05,1.6534249782562256,1.6533892154693604,3.5762786865234375e-05,1.6534291505813599,1.653319239616394,0.00010991096496582031
10.35,1.6534323692321777,1.6533602476119995,7.212162017822266e-05,1.6534266471862793,1.6534125804901123,1.4066696166992188e-05,1.6534239053726196,1.6533747911453247,4.9114227294921875e-05,1.6534277200698853,1.653321623802185,0.00010609626770019531
10.3875,1.653430700302124,1.6533864736557007,4.4226646423339844e-05,1.6534254550933838,1.6534310579299927,5.602836608886719e-06,1.6534229516983032,1.6533660888671875,5.6862831115722656e-05,1.6534264087677002,1.6533290147781372,9.739398956298828e-05
10.424999999999999,1.6534290313720703,1.6534022092819214,2.682209014892578e-05,1.6534243822097778,1.6534475088119507,2.3126602172851562e-05,1.6534218788146973,1.6533581018447876,6.377696990966797e-05,1.6534250974655151,1.6533335447311401,9.1552734375e-05
10.4625,1.6534274816513062,1.653403878211975,2.3603439331054688e-05,1.6534233093261719,1.6534578800201416,3.457069396972656e-05,1.6534209251403809,1.65334951877594,7.140636444091797e-05,1.65342378616333,1.6533315181732178,9.226799011230469e-05
10.5,1.653425931930542,1.6533973217010498,2.86102294921875e-05,1.653422236442566,1.6534658670425415,4.363059997558594e-05,1.653420090675354,1.6533437967300415,7.62939453125e-05,1.6534225940704346,1.6533254384994507,9.715557098388672e-05
10.5375,1.6534243822097778,1.6533913612365723,3.3020973205566406e-05,1.65342116355896,1.653475046157837,5.3882598876953125e-05,1.6534191370010376,1.6533442735671997,7.486343383789062e-05,1.653421401977539,1.6533212661743164,0.00010013580322265625
10.575,1.6534229516983032,1.6533927917480469,3.0159950256347656e-05,1.6534202098846436,1.653489589691162,6.937980651855469e-05,1.6534183025360107,1.6533522605895996,6.604194641113281e-05,1.653420329093933,1.6533217430114746,9.85860824584961e-05
10.612499999999999,1.6534215211868286,1.6534010171890259,2.0503997802734375e-05,1.6534192562103271,1.6535059213638306,8.666515350341797e-05,1.6534174680709839,1.6533633470535278,5.412101745605469e-05,1.6534191370010376,1.653324842453003,9.429454803466797e-05
10.65,1.6534202098846436,1.6534104347229004,9.775161743164062e-06,1.6534183025360107,1.6535205841064453,0.00010228157043457031,1.6534167528152466,1.6533722877502441,4.4465065002441406e-05,1.6534180641174316,1.6533265113830566,9.1552734375e-05
10.6875,1.6534188985824585,1.653411626815796,7.271766662597656e-06,1.6534174680709839,1.6535286903381348,0.0001112222671508789,1.6534159183502197,1.6533743143081665,4.1604042053222656e-05,1.6534171104431152,1.653321623802185,9.548664093017578e-05
10.725,1.653417706489563,1.6534011363983154,1.6570091247558594e-05,1.653416633605957,1.653531789779663,0.00011515617370605469,1.6534152030944824,1.65337073802948,4.4465065002441406e-05,1.6534161567687988,1.653310775756836,0.00010538101196289062
10.7625,1.6534165143966675,1.6533790826797485,3.743171691894531e-05,1.6534157991409302,1.6535329818725586,0.00011718273162841797,1.6534146070480347,1.6533664464950562,4.8160552978515625e-05,1.6534152030944824,1.6532983779907227,0.00011682510375976562
10.799999999999999,1.653415322303772,1.653354287147522,6.103515625e-05,1.6534149646759033,1.6535388231277466,0.00012385845184326172,1.653414011001587,1.6533677577972412,4.6253204345703125e-05,1.6534143686294556,1.6532915830612183,0.0001227855682373047
10.8375,1.653414249420166,1.6533355712890625,7.867813110351562e-05,1.653414249420166,1.6535526514053345,0.00013840198516845703,1.6534134149551392,1.6533774137496948,3.600120544433594e-05,1.6534135341644287,1.6532951593399048,0.00011837482452392578
10.875,1.6534132957458496,1.6533266305923462,8.666515350341797e-05,1.6534136533737183,1.653570532798767,0.00015687942504882812,1.6534128189086914,1.653388500213623,2.4318695068359375e-05,1.6534128189086914,1.6533066034317017,0.0001062154769897461
10.9125,1.6534123420715332,1.6533234119415283,8.893013000488281e-05,1.653412938117981,1.6535812616348267,0.00016832351684570312,1.6534123420715332,1.6533896923065186,2.2649765014648438e-05,1.653412103652954,1.653316855430603,9.524822235107422e-05
10.95,1.6534115076065063,1.6533175706863403,9.393692016601562e-05,1.6534124612808228,1.653577446937561,0.00016498565673828125,1.653411865234375,1.6533714532852173,4.0411949157714844e-05,1.6534113883972168,1.6533163785934448,9.500980377197266e-05
10.987499999999999,1.6534106731414795,1.6533037424087524,0.00010693073272705078,1.653411865234375,1.6535602807998657,0.00014841556549072266,1.6534113883972168,1.6533368825912476,7.450580596923828e-05,1.653410792350769,1.653306245803833,0.00010454654693603516
11.025,1.6534098386764526,1.6532841920852661,0.00012564659118652344,1.6534113883972168,1.6535420417785645,0.00013065338134765625,1.6534110307693481,1.6533005237579346,0.00011050701141357422,1.6534103155136108,1.653295636177063,0.00011467933654785156
11.0625,1.6534092426300049,1.6532613039016724,0.00014793872833251953,1.6534109115600586,1.653531551361084,0.00012063980102539062,1.6534106731414795,1.653274655342102,0.0001360177993774414,1.653409719467163,1.6532928943634033,0.00011682510375976562
11.1,1.6534085273742676,1.6532353162765503,0.00017321109771728516,1.6534104347229004,1.6535290479660034,0.00011861324310302734,1.6534104347229004,1.6532622575759888,0.0001481771469116211,1.6534092426300049,1.6532989740371704,0.00011026859283447266
11.1375,1.6534080505371094,1.653205394744873,0.00020265579223632812,1.6534100770950317,1.6535230875015259,0.00011301040649414062,1.6534100770950317,1.6532524824142456,0.0001575946807861328,1.6534088850021362,1.6533045768737793,0.0001043081283569336
11.174999999999999,1.6534074544906616,1.6531771421432495,0.00023031234741210938,1.653409719467163,1.6535066366195679,9.691715240478516e-05,1.6534098386764526,1.6532378196716309,0.00017201900482177734,1.6534085273742676,1.653304100036621,0.00010442733764648438
11.2125,1.653407096862793,1.6531579494476318,0.0002491474151611328,1.653409481048584,1.6534799337387085,7.045269012451172e-05,1.6534096002578735,1.6532175540924072,0.0001920461654663086,1.653408169746399,1.6532981395721436,0.0001100301742553711
11.25,1.6534066200256348,1.6531543731689453,0.0002522468566894531,1.6534092426300049,1.6534512042999268,4.1961669921875e-05,1.653409481048584,1.6532000303268433,0.00020945072174072266,1.6534079313278198,1.6532931327819824,0.00011479854583740234
11.2875,1.6534062623977661,1.6531624794006348,0.00024378299713134766,1.6534090042114258,1.653427004814148,1.800060272216797e-05,1.6534093618392944,1.6531927585601807,0.00021660327911376953,1.6534076929092407,1.653291940689087,0.0001157522201538086
11.325,1.653406023979187,1.6531723737716675,0.00023365020751953125,1.6534088850021362,1.6534098386764526,9.5367431640625e-07,1.6534092426300049,1.653198003768921,0.00021123886108398438,1.6534075736999512,1.653293251991272,0.00011432170867919922
11.362499999999999,1.653405785560608,1.653175950050354,0.00022983551025390625,1.6534087657928467,1.653397560119629,1.1205673217773438e-05,1.6534091234207153,1.653212308883667,0.00019681453704833984,1.6534074544906616,1.653294324874878,0.0001131296157836914
11.4,1.6534056663513184,1.6531717777252197,0.0002338886260986328,1.6534086465835571,1.653388500213623,2.014636993408203e-05,1.6534091234207153,1.6532325744628906,0.00017654895782470703,1.653407335281372,1.6532946825027466,0.00011265277862548828
11.4375,1.6534055471420288,1.653167724609375,0.0002378225326538086,1.6534085273742676,1.6533833742141724,2.5153160095214844e-05,1.6534091234207153,1.6532561779022217,0.00015294551849365234,1.6534072160720825,1.653296947479248,0.00011026859283447266
11.475,1.6534054279327393,1.6531709432601929,0.00023448467254638672,1.6534085273742676,1.653382658958435,2.586841583251953e-05,1.6534091234207153,1.653280258178711,0.00012886524200439453,1.6534072160720825,1.6533044576644897,0.00010275840759277344
11.5125,1.6534054279327393,1.6531838178634644,0.00022161006927490234,1.6534085273742676,1.6533855199813843,2.300739288330078e-05,1.6534092426300049,1.6533023118972778,0.00010693073272705078,1.6534072160720825,1.6533153057098389,9.191036224365234e-05
11.549999999999999,1.6534054279327393,1.6532037258148193,0.00020170211791992188,1.6534085273742676,1.653389811515808,1.8715858459472656e-05,1.6534092426300049,1.6533185243606567,9.071826934814453e-05,1.653407335281372,1.6533253192901611,8.20159912109375e-05
11.5875,1.6534055471420288,1.653228998184204,0.00017654895782470703,1.6534086465835571,1.6533973217010498,1.1324882507324219e-05,1.6534093618392944,1.6533303260803223,7.903575897216797e-05,1.6534074544906616,1.6533327102661133,7.474422454833984e-05
11.625,1.6534056663513184,1.6532564163208008,0.00014925003051757812,1.6534086465835571,1.6534086465835571,0.0,1.653409481048584,1.653338074684143,7.140636444091797e-05,1.6534075736999512,1.653335452079773,7.212162017822266e-05
11.6625,1.653405785560608,1.6532819271087646,0.00012385845184326172,1.6534087657928467,1.6534223556518555,1.3589859008789062e-05,1.6534096002578735,1.653341293334961,6.830692291259766e-05,1.6534076929092407,1.6533313989639282,7.62939453125e-05
11.7,1.653406023979187,1.6533026695251465,0.00010335445404052734,1.6534088850021362,1.6534385681152344,2.968311309814453e-05,1.653409719467163,1.653341293334961,6.842613220214844e-05,1.6534078121185303,1.6533197164535522,8.809566497802734e-05
11.737499999999999,1.6534061431884766,1.6533119678497314,9.417533874511719e-05,1.6534091234207153,1.6534520387649536,4.291534423828125e-05,1.6534099578857422,1.6533364057540894,7.355213165283203e-05,1.6534080505371094,1.6532986164093018,0.00010943412780761719
11.775,1.6534063816070557,1.6533116102218628,9.47713851928711e-05,1.6534092426300049,1.6534647941589355,5.555152893066406e-05,1.6534100770950317,1.6533318758010864,7.82012939453125e-05,1.6534082889556885,1.653273344039917,0.00013494491577148438
11.8125,1.6534067392349243,1.6533045768737793,0.00010216236114501953,1.653409481048584,1.6534757614135742,6.628036499023438e-05,1.6534103155136108,1.653329610824585,8.07046890258789e-05,1.6534085273742676,1.6532474756240845,0.00016105175018310547
11.85,1.6534069776535034,1.6532968282699585,0.00011014938354492188,1.653409719467163,1.6534854173660278,7.56978988647461e-05,1.65341055393219,1.6533340215682983,7.653236389160156e-05,1.6534087657928467,1.6532258987426758,0.00018286705017089844
11.8875,1.653407335281372,1.6532936096191406,0.00011372566223144531,1.6534099578857422,1.6534916162490845,8.165836334228516e-05,1.653410792350769,1.6533440351486206,6.67572021484375e-05,1.6534091234207153,1.6532102823257446,0.00019884109497070312
11.924999999999999,1.6534076929092407,1.6532984972000122,0.00010919570922851562,1.6534101963043213,1.6534907817840576,8.058547973632812e-05,1.6534110307693481,1.6533571481704712,5.3882598876953125e-05,1.6534093618392944,1.6531996726989746,0.00020968914031982422
11.9625,1.6534080505371094,1.6533082723617554,9.97781753540039e-05,1.6534104347229004,1.6534786224365234,6.818771362304688e-05,1.6534112691879272,1.6533690690994263,4.220008850097656e-05,1.653409719467163,1.6531890630722046,0.0002206563949584961
12.0,1.653408408164978,1.6533197164535522,8.869171142578125e-05,1.6534106731414795,1.6534560918807983,4.5418739318847656e-05,1.6534115076065063,1.6533790826797485,3.24249267578125e-05,1.6534099578857422,1.6531760692596436,0.0002338886260986328
12.0375,1.6534088850021362,1.6533282995224,8.058547973632812e-05,1.6534110307693481,1.6534264087677002,1.537799835205078e-05,1.653411865234375,1.6533881425857544,2.372264862060547e-05,1.6534103155136108,1.6531600952148438,0.00025022029876708984
12.075,1.6534092426300049,1.65333092212677,7.832050323486328e-05,1.6534112691879272,1.653395175933838,1.609325408935547e-05,1.653412103652954,1.6533983945846558,1.3709068298339844e-05,1.6534106731414795,1.6531423330307007,0.0002683401107788086
12.112499999999999,1.6534096002578735,1.653327465057373,8.213520050048828e-05,1.653411626815796,1.6533671617507935,4.4465065002441406e-05,1.6534123420715332,1.6534096002578735,2.7418136596679688e-06,1.6534110307693481,1.6531251668930054,0.00028586387634277344
12.15,1.6534100770950317,1.6533204317092896,8.96453857421875e-05,1.653411865234375,1.6533446311950684,6.723403930664062e-05,1.6534125804901123,1.6534191370010376,6.556510925292969e-06,1.6534113883972168,1.6531109809875488,0.00030040740966796875
12.1875,1.6534104347229004,1.6533138751983643,9.655952453613281e-05,1.6534122228622437,1.6533268690109253,8.535385131835938e-05,1.653412938117981,1.6534239053726196,1.0967254638671875e-05,1.6534117460250854,1.6531018018722534,0.00030994415283203125
12.225,1.6534109115600586,1.6533082723617554,0.00010263919830322266,1.6534124612808228,1.6533112525939941,0.00010120868682861328,1.65341317653656,1.6534202098846436,7.033348083496094e-06,1.653412103652954,1.65309739112854,0.0003147125244140625
12.2625,1.6534113883972168,1.6533015966415405,0.00010979175567626953,1.6534128189086914,1.6532937288284302,0.00011909008026123047,1.6534134149551392,1.653407335281372,6.079673767089844e-06,1.6534124612808228,1.6530965566635132,0.0003159046173095703
12.299999999999999,1.6534117460250854,1.653289556503296,0.00012218952178955078,1.6534130573272705,1.653273344039917,0.00013971328735351562,1.6534136533737183,1.6533881425857544,2.5510787963867188e-05,1.6534128189086914,1.6530978679656982,0.00031495094299316406
12.3375,1.6534122228622437,1.653271198272705,0.00014102458953857422,1.6534134149551392,1.653252363204956,0.00016105175018310547,1.653414011001587,1.65337073802948,4.3272972106933594e-05,1.6534130573272705,1.6531027555465698,0.0003103017807006836
12.375,1.6534125804901123,1.6532479524612427,0.0001646280288696289,1.6534136533737183,1.653235673904419,0.0001779794692993164,1.653414249420166,1.6533608436584473,5.340576171875e-05,1.6534134149551392,1.653113603591919,0.00029981136322021484
12.4125,1.653412938117981,1.6532235145568848,0.0001894235610961914,1.6534138917922974,1.6532233953475952,0.00019049644470214844,1.6534144878387451,1.6533591747283936,5.53131103515625e-05,1.6534137725830078,1.6531294584274292,0.0002843141555786133
12.45,1.6534134149551392,1.6532022953033447,0.0002111196517944336,1.653414249420166,1.6532152891159058,0.0001989603042602539,1.6534147262573242,1.6533604860305786,5.424022674560547e-05,1.6534141302108765,1.6531481742858887,0.00026595592498779297
12.487499999999999,1.6534137725830078,1.653188943862915,0.00022482872009277344,1.6534144878387451,1.6532090902328491,0.0002053976058959961,1.6534149646759033,1.6533578634262085,5.710124969482422e-05,1.6534143686294556,1.6531668901443481,0.0002474784851074219
12.525,1.6534141302108765,1.6531857252120972,0.00022840499877929688,1.6534147262573242,1.6532055139541626,0.0002092123031616211,1.6534152030944824,1.6533483266830444,6.687641143798828e-05,1.6534146070480347,1.6531850099563599,0.0002295970916748047
12.5625,1.6534144878387451,1.653194785118103,0.00021970272064208984,1.6534149646759033,1.6532104015350342,0.00020456314086914062,1.653415322303772,1.6533353328704834,7.998943328857422e-05,1.6534149646759033,1.653205156326294,0.000209808349609375
12.6,1.6534147262573242,1.6532118320465088,0.0002028942108154297,1.6534152030944824,1.653226375579834,0.0001888275146484375,1.653415560722351,1.6533244848251343,9.107589721679688e-05,1.6534152030944824,1.6532280445098877,0.00018715858459472656
12.6375,1.6534150838851929,1.6532312631607056,0.0001838207244873047,1.6534154415130615,1.653255581855774,0.00015985965728759766,1.6534157991409302,1.6533212661743164,9.453296661376953e-05,1.6534154415130615,1.6532536745071411,0.00016176700592041016
12.674999999999999,1.6534154415130615,1.653245449066162,0.00016999244689941406,1.6534156799316406,1.6532925367355347,0.00012314319610595703,1.6534159183502197,1.6533249616622925,9.09566879272461e-05,1.6534156799316406,1.653278112411499,0.00013756752014160156
12.7125,1.6534156799316406,1.6532533168792725,0.00016236305236816406,1.6534157991409302,1.653331995010376,8.380413055419922e-05,1.6534161567687988,1.6533348560333252,8.130073547363281e-05,1.6534159183502197,1.6532984972000122,0.00011742115020751953
12.75,1.6534159183502197,1.6532577276229858,0.00015819072723388672,1.6534160375595093,1.6533690690994263,4.696846008300781e-05,1.6534162759780884,1.6533485651016235,6.771087646484375e-05,1.6534161567687988,1.6533143520355225,0.00010180473327636719
12.7875,1.6534161567687988,1.6532654762268066,0.0001506805419921875,1.6534162759780884,1.6534037590026855,1.2516975402832031e-05,1.653416395187378,1.6533660888671875,5.030632019042969e-05,1.6534162759780884,1.6533297300338745,8.654594421386719e-05
12.825,1.653416395187378,1.6532793045043945,0.00013709068298339844,1.653416395187378,1.6534346342086792,1.823902130126953e-05,1.6534165143966675,1.6533849239349365,3.159046173095703e-05,1.6534165143966675,1.6533448696136475,7.164478302001953e-05
12.862499999999999,1.653416633605957,1.6532971858978271,0.00011944770812988281,1.6534165143966675,1.6534603834152222,4.38690185546875e-05,1.653416633605957,1.653403639793396,1.2993812561035156e-05,1.653416633605957,1.6533596515655518,5.698204040527344e-05
12.9,1.6534167528152466,1.653313159942627,0.0001035928726196289,1.653416633605957,1.6534806489944458,6.401538848876953e-05,1.6534167528152466,1.653419017791748,2.2649765014648438e-06,1.6534167528152466,1.6533716917037964,4.506111145019531e-05
12.9375,1.6534169912338257,1.6533211469650269,9.584426879882812e-05,1.6534167528152466,1.6534955501556396,7.87973403930664e-05,1.6534168720245361,1.6534299850463867,1.3113021850585938e-05,1.6534169912338257,1.6533782482147217,3.8743019104003906e-05
12.975,1.6534171104431152,1.6533211469650269,9.59634780883789e-05,1.6534168720245361,1.6535075902938843,9.071826934814453e-05,1.6534169912338257,1.6534382104873657,2.1219253540039062e-05,1.6534171104431152,1.6533812284469604,3.5881996154785156e-05
13.0125,1.6534172296524048,1.6533175706863403,9.965896606445312e-05,1.6534169912338257,1.6535204648971558,0.00010347366333007812,1.6534169912338257,1.6534450054168701,2.8014183044433594e-05,1.6534171104431152,1.6533836126327515,3.349781036376953e-05
13.049999999999999,1.6534173488616943,1.653314471244812,0.00010287761688232422,1.6534171104431152,1.6535335779190063,0.00011646747589111328,1.6534171104431152,1.6534498929977417,3.2782554626464844e-05,1.6534172296524048,1.6533864736557007,3.075599670410156e-05
13.0875,1.6534174680709839,1.6533123254776,0.00010514259338378906,1.6534171104431152,1.6535428762435913,0.00012576580047607422,1.6534171104431152,1.6534467935562134,2.968311309814453e-05,1.6534173488616943,1.653387188911438,3.0159950256347656e-05
13.125,1.6534175872802734,1.653311848640442,0.00010573863983154297,1.6534172296524048,1.6535450220108032,0.0001277923583984375,1.6534172296524048,1.6534349918365479,1.7762184143066406e-05,1.6534173488616943,1.6533846855163574,3.266334533691406e-05
13.1625,1.6534175872802734,1.653309941291809,0.00010764598846435547,1.6534172296524048,1.6535388231277466,0.00012159347534179688,1.6534172296524048,1.6534149646759033,2.2649765014648438e-06,1.6534174680709839,1.6533777713775635,3.9696693420410156e-05
13.2,1.653417706489563,1.6533081531524658,0.00010955333709716797,1.6534173488616943,1.653529167175293,0.00011181831359863281,1.6534172296524048,1.6533942222595215,2.300739288330078e-05,1.6534174680709839,1.6533708572387695,4.661083221435547e-05
13.237499999999999,1.653417706489563,1.6533104181289673,0.00010728836059570312,1.6534173488616943,1.6535242795944214,0.00010693073272705078,1.6534172296524048,1.6533832550048828,3.3974647521972656e-05,1.6534174680709839,1.653370976448059,4.649162292480469e-05
13.275,1.653417706489563,1.6533185243606567,9.918212890625e-05,1.6534173488616943,1.653527855873108,0.00011050701141357422,1.6534172296524048,1.6533868312835693,3.039836883544922e-05,1.6534175872802734,1.6533801555633545,3.743171691894531e-05
13.3125,1.653417706489563,1.6533290147781372,8.869171142578125e-05,1.6534173488616943,1.6535347700119019,0.00011742115020751953,1.6534173488616943,1.6533995866775513,1.7762184143066406e-05,1.6534175872802734,1.6533925533294678,2.5033950805664062e-05
13.35,1.6534178256988525,1.6533362865447998,8.153915405273438e-05,1.6534173488616943,1.6535359621047974,0.00011861324310302734,1.6534173488616943,1.6534113883972168,5.9604644775390625e-06,1.6534175872802734,1.6533998250961304,1.7762184143066406e-05
13.3875,1.653417706489563,1.6533364057540894,8.130073547363281e-05,1.6534173488616943,1.6535249948501587,0.00010764598846435547,1.6534172296524048,1.6534132957458496,3.933906555175781e-06,1.6534175872802734,1.653395414352417,2.2172927856445312e-05
13.424999999999999,1.653417706489563,1.6533315181732178,8.618831634521484e-05,1.6534173488616943,1.6535046100616455,8.726119995117188e-05,1.6534172296524048,1.6534061431884766,1.1086463928222656e-05,1.6534174680709839,1.6533807516098022,3.6716461181640625e-05
13.4625,1.653417706489563,1.6533268690109253,9.083747863769531e-05,1.6534173488616943,1.6534830331802368,6.568431854248047e-05,1.6534172296524048,1.6533970832824707,2.014636993408203e-05,1.6534174680709839,1.6533632278442383,5.424022674560547e-05
13.5,1.653417706489563,1.6533242464065552,9.34600830078125e-05,1.6534173488616943,1.6534678936004639,5.054473876953125e-05,1.6534172296524048,1.6533918380737305,2.5391578674316406e-05,1.6534174680709839,1.6533493995666504,6.80685043334961e-05
13.5375,1.653417706489563,1.653317928314209,9.97781753540039e-05,1.6534173488616943,1.6534563302993774,3.898143768310547e-05,1.6534172296524048,1.653388500213623,2.872943878173828e-05,1.6534174680709839,1.6533372402191162,8.022785186767578e-05
13.575,1.6534175872802734,1.6532992124557495,0.00011837482452392578,1.6534172296524048,1.6534422636032104,2.5033950805664062e-05,1.6534172296524048,1.6533803939819336,3.6835670471191406e-05,1.6534174680709839,1.6533209085464478,9.655952453613281e-05
13.612499999999999,1.6534175872802734,1.6532652378082275,0.00015234947204589844,1.6534172296524048,1.6534196138381958,2.384185791015625e-06,1.6534171104431152,1.653363585472107,5.352497100830078e-05,1.6534173488616943,1.6532971858978271,0.0001201629638671875
13.65,1.6534175872802734,1.6532235145568848,0.00019407272338867188,1.6534172296524048,1.6533915996551514,2.562999725341797e-05,1.6534171104431152,1.6533429622650146,7.414817810058594e-05,1.6534173488616943,1.6532716751098633,0.0001456737518310547
13.6875,1.6534174680709839,1.6531890630722046,0.00022840499877929688,1.6534172296524048,1.6533678770065308,4.935264587402344e-05,1.6534171104431152,1.653329610824585,8.749961853027344e-05,1.6534172296524048,1.6532566547393799,0.00016057491302490234
13.725,1.6534174680709839,1.6531685590744019,0.00024890899658203125,1.6534171104431152,1.6533504724502563,6.663799285888672e-05,1.6534169912338257,1.6533278226852417,8.916854858398438e-05,1.6534172296524048,1.653255820274353,0.0001614093780517578
13.7625,1.6534173488616943,1.653160572052002,0.0002567768096923828,1.6534171104431152,1.653337001800537,8.0108642578125e-05,1.6534169912338257,1.6533359289169312,8.106231689453125e-05,1.6534172296524048,1.653266191482544,0.00015103816986083984
13.799999999999999,1.6534173488616943,1.653153657913208,0.0002636909484863281,1.6534171104431152,1.6533185243606567,9.85860824584961e-05,1.6534169912338257,1.6533437967300415,7.319450378417969e-05,1.6534171104431152,1.6532760858535767,0.00014102458953857422
13.8375,1.6534172296524048,1.6531401872634888,0.0002770423889160156,1.6534169912338257,1.6532902717590332,0.00012671947479248047,1.6534169912338257,1.6533458232879639,7.11679458618164e-05,1.6534171104431152,1.6532782316207886,0.00013887882232666016
13.875,1.6534172296524048,1.653119444847107,0.00029778480529785156,1.6534169912338257,1.653255820274353,0.00016117095947265625,1.6534168720245361,1.6533420085906982,7.486343383789062e-05,1.6534169912338257,1.6532723903656006,0.00014460086822509766
13.9125,1.6534171104431152,1.6530998945236206,0.0003172159194946289,1.6534169912338257,1.653226613998413,0.00019037723541259766,1.6534168720245361,1.6533397436141968,7.712841033935547e-05,1.6534169912338257,1.6532659530639648,0.00015103816986083984
13.95,1.6534171104431152,1.6530909538269043,0.0003261566162109375,1.6534168720245361,1.6532119512557983,0.00020492076873779297,1.6534168720245361,1.653346300125122,7.05718994140625e-05,1.6534169912338257,1.6532671451568604,0.00014984607696533203
13.987499999999999,1.6534169912338257,1.653096079826355,0.0003209114074707031,1.6534168720245361,1.6532129049301147,0.00020396709442138672,1.6534167528152466,1.65336012840271,5.6624412536621094e-05,1.6534168720245361,1.6532769203186035,0.0001399517059326172
14.025,1.6534169912338257,1.653110146522522,0.00030684471130371094,1.6534168720245361,1.6532220840454102,0.00019478797912597656,1.6534167528152466,1.6533722877502441,4.4465065002441406e-05,1.6534168720245361,1.6532877683639526,0.0001291036605834961
14.0625,1.6534168720245361,1.65312922000885,0.00028765201568603516,1.6534167528152466,1.6532303094863892,0.00018644332885742188,1.6534167528152466,1.6533745527267456,4.220008850097656e-05,1.6534167528152466,1.6532924175262451,0.00012433528900146484
14.1,1.6534168720245361,1.6531504392623901,0.0002664327621459961,1.6534167528152466,1.6532343626022339,0.0001823902130126953,1.653416633605957,1.6533645391464233,5.2094459533691406e-05,1.6534167528152466,1.653288722038269,0.00012803077697753906
14.1375,1.6534167528152466,1.653175950050354,0.00024080276489257812,1.6534167528152466,1.6532387733459473,0.0001779794692993164,1.653416633605957,1.6533509492874146,6.568431854248047e-05,1.6534167528152466,1.6532819271087646,0.0001348257064819336
14.174999999999999,1.6534167528152466,1.653204321861267,0.0002124309539794922,1.653416633605957,1.6532481908798218,0.0001684427261352539,1.653416633605957,1.6533408164978027,7.581710815429688e-05,1.653416633605957,1.6532752513885498,0.00014138221740722656
14.2125,1.6534167528152466,1.6532313823699951,0.00018537044525146484,1.653416633605957,1.6532646417617798,0.0001519918441772461,1.653416633605957,1.653340458869934,7.617473602294922e-05,1.653416633605957,1.6532708406448364,0.00014579296112060547
14.25,1.653416633605957,1.6532509326934814,0.00016570091247558594,1.653416633605957,1.6532845497131348,0.00013208389282226562,1.6534165143966675,1.6533490419387817,6.747245788574219e-05,1.653416633605957,1.653265118598938,0.00015151500701904297
14.2875,1.653416633605957,1.6532574892044067,0.00015914440155029297,1.6534165143966675,1.6533011198043823,0.00011539459228515625,1.6534165143966675,1.6533608436584473,5.5670738220214844e-05,1.6534165143966675,1.6532526016235352,0.00016391277313232422
14.325,1.6534165143966675,1.6532566547393799,0.00015985965728759766,1.6534165143966675,1.6533116102218628,0.0001049041748046875,1.6534165143966675,1.6533714532852173,4.506111145019531e-05,1.6534165143966675,1.6532338857650757,0.00018262863159179688
14.362499999999999,1.6534165143966675,1.6532580852508545,0.00015842914581298828,1.6534165143966675,1.6533170938491821,9.942054748535156e-05,1.6534165143966675,1.6533796787261963,3.6835670471191406e-05,1.6534165143966675,1.6532135009765625,0.00020301342010498047
14.399999999999999,1.6534165143966675,1.6532707214355469,0.00014579296112060547,1.6534165143966675,1.6533198356628418,9.66787338256836e-05,1.653416395187378,1.6533852815628052,3.1113624572753906e-05,1.6534165143966675,1.6531956195831299,0.00022089481353759766
14.4375,1.653416395187378,1.6532959938049316,0.00012040138244628906,1.653416395187378,1.6533219814300537,9.441375732421875e-05,1.653416395187378,1.6533892154693604,2.7179718017578125e-05,1.653416395187378,1.6531835794448853,0.00023281574249267578
14.475,1.653416395187378,1.6533269882202148,8.940696716308594e-05,1.653416395187378,1.6533247232437134,9.167194366455078e-05,1.653416395187378,1.6533918380737305,2.4557113647460938e-05,1.653416395187378,1.6531758308410645,0.00024056434631347656
14.5125,1.653416395187378,1.6533567905426025,5.9604644775390625e-05,1.653416395187378,1.6533316373825073,8.475780487060547e-05,1.653416395187378,1.6533983945846558,1.800060272216797e-05,1.653416395187378,1.6531739234924316,0.00024247169494628906
14.549999999999999,1.653416395187378,1.6533746719360352,4.172325134277344e-05,1.653416395187378,1.653344988822937,7.140636444091797e-05,1.653416395187378,1.6534128189086914,3.5762786865234375e-06,1.653416395187378,1.6531776189804077,0.00023877620697021484
14.587499999999999,1.6534162759780884,1.6533749103546143,4.1365623474121094e-05,1.653416395187378,1.653364658355713,5.173683166503906e-05,1.653416395187378,1.6534364223480225,2.002716064453125e-05,1.6534162759780884,1.653186559677124,0.00022971630096435547
14.625,1.6534162759780884,1.6533526182174683,6.365776062011719e-05,1.6534162759780884,1.6533852815628052,3.0994415283203125e-05,1.6534162759780884,1.6534638404846191,4.756450653076172e-05,1.6534162759780884,1.6531959772109985,0.00022029876708984375
14.6625,1.6534162759780884,1.6533119678497314,0.0001043081283569336,1.6534162759780884,1.6533992290496826,1.704692840576172e-05,1.6534162759780884,1.6534866094589233,7.033348083496094e-05,1.6534162759780884,1.6532025337219238,0.00021374225616455078
14.7,1.6534162759780884,1.6532649993896484,0.0001512765884399414,1.6534162759780884,1.6534028053283691,1.3470649719238281e-05,1.6534162759780884,1.6534992456436157,8.296966552734375e-05,1.6534162759780884,1.653206467628479,0.000209808349609375
14.737499999999999,1.6534162759780884,1.6532288789749146,0.00018739700317382812,1.6534162759780884,1.6533972024917603,1.9073486328125e-05,1.6534162759780884,1.6534992456436157,8.296966552734375e-05,1.6534162759780884,1.653212308883667,0.00020396709442138672
14.774999999999999,1.6534162759780884,1.6532200574874878,0.00019621849060058594,1.6534162759780884,1.653389811515808,2.6464462280273438e-05,1.6534162759780884,1.6534911394119263,7.486343383789062e-05,1.6534162759780884,1.6532273292541504,0.00018894672393798828
14.8125,1.6534161567687988,1.6532413959503174,0.0001747608184814453,1.6534162759780884,1.6533870697021484,2.9206275939941406e-05,1.6534162759780884,1.6534796953201294,6.341934204101562e-05,1.6534162759780884,1.653253197669983,0.00016307830810546875
14.85,1.6534161567687988,1.653278112411499,0.0001380443572998047,1.6534162759780884,1.6533923149108887,2.396106719970703e-05,1.6534162759780884,1.6534671783447266,5.0902366638183594e-05,1.6534162759780884,1.6532829999923706,0.00013327598571777344
14.8875,1.6534161567687988,1.653309941291809,0.0001062154769897461,1.6534162759780884,1.6534086465835571,7.62939453125e-06,1.6534162759780884,1.6534559726715088,3.9696693420410156e-05,1.6534161567687988,1.6533081531524658,0.00010800361633300781
14.924999999999999,1.6534161567687988,1.6533236503601074,9.250640869140625e-05,1.6534162759780884,1.6534422636032104,2.5987625122070312e-05,1.6534162759780884,1.6534502506256104,3.3974647521972656e-05,1.6534161567687988,1.6533256769180298,9.047985076904297e-05
14.962499999999999,1.6534161567687988,1.6533374786376953,7.867813110351562e-05,1.6534162759780884,1.6535123586654663,9.608268737792969e-05,1.6534162759780884,1.653463363647461,4.7087669372558594e-05,1.6534161567687988,1.65335214138031,6.401538848876953e-05
15.0,1.6534161567687988,1.653404712677002,1.1444091796875e-05,1.6534161567687988,1.6536418199539185,0.0002256631851196289,1.6534162759780884,1.6535097360610962,9.34600830078125e-05,1.6534161567687988,1.6534194946289062,3.337860107421875e-06
