system,parameter,selected_position,test_index,with_sensitivity,without_sensitivity,ratio,system_title,parameter_label
competition,overall,0,0,0.0083795705753385,0.0097871722500404,0.8561789208628581,Variable-delay competition,Overall
competition,overall,1,8,0.0085361546859955,0.016135836431014,0.5290184194968984,Variable-delay competition,Overall
competition,overall,2,10,0.0022319224946308,0.0051048365425937,0.43721723036733906,Variable-delay competition,Overall
competition,overall,3,11,0.0030717461820365,0.0068478162087038,0.44857310541311096,Variable-delay competition,Overall
competition,overall,4,12,0.0056165973108697,0.0114851353708898,0.4890318772476566,Variable-delay competition,Overall
competition,overall,5,16,0.0049860416475807,0.0152268528064674,0.32745057110310716,Variable-delay competition,Overall
competition,overall,6,28,0.0023236821532824,0.0050462982902905,0.46047261172676984,Variable-delay competition,Overall
competition,overall,7,32,0.0045855389649514,0.0100766599242683,0.45506536882402243,Variable-delay competition,Overall
competition,overall,8,33,0.0041558564929219,0.0075648275699058,0.5493656602900798,Variable-delay competition,Overall
competition,overall,9,38,0.0075797583691743,0.014777350049591,0.5129308261452525,Variable-delay competition,Overall
competition,overall,10,43,0.0046002485661657,0.0104963010397129,0.4382733068307203,Variable-delay competition,Overall
competition,overall,11,44,0.0025278676824624,0.0089929802685002,0.2810934314308224,Variable-delay competition,Overall
competition,overall,12,47,0.0032172941612222,0.0065881233472256,0.48834759030082087,Variable-delay competition,Overall
competition,overall,13,57,0.0039139845896629,0.0111373884930513,0.35142749955295755,Variable-delay competition,Overall
competition,overall,14,58,0.0052884614450707,0.0114020902176291,0.46381508514062253,Variable-delay competition,Overall
competition,overall,15,59,0.0058599291710525,0.0078624340020181,0.7453072635711021,Variable-delay competition,Overall
competition,overall,16,63,0.0046011113735797,0.0070839889767496,0.6495085450698799,Variable-delay competition,Overall
competition,overall,17,66,0.0025930534867577,0.0043982703883564,0.5895620909579194,Variable-delay competition,Overall
competition,overall,18,72,0.0031132968048619,0.0048541749586995,0.6413647697807734,Variable-delay competition,Overall
competition,overall,19,73,0.0048792725523762,0.0108275124341379,0.45063652265985077,Variable-delay competition,Overall
competition,overall,20,83,0.0047420359418002,0.0102352928775411,0.46330241826352253,Variable-delay competition,Overall
competition,overall,21,86,0.0026317869215719,0.004539522318214,0.5797497483407754,Variable-delay competition,Overall
competition,overall,22,87,0.0027229044525773,0.0072155149541982,0.3773680007402706,Variable-delay competition,Overall
competition,overall,23,88,0.0031189587251769,0.0107584393273531,0.2899081019351027,Variable-delay competition,Overall
competition,overall,24,89,0.0026329462506758,0.0075257085735551,0.3498602457086658,Variable-delay competition,Overall
competition,overall,25,90,0.0059940588220836,0.0206736829200877,0.28993667191535766,Variable-delay competition,Overall
competition,overall,26,92,0.0034408603404361,0.0111907243238263,0.30747431898667404,Variable-delay competition,Overall
competition,overall,27,93,0.0047035629206311,0.00609726239419,0.7714220934813404,Variable-delay competition,Overall
competition,overall,28,99,0.0033423451117989,0.0074898566134085,0.4462495457944232,Variable-delay competition,Overall
competition,overall,29,105,0.0025185325214999,0.0094085930826813,0.2676842859891394,Variable-delay competition,Overall
competition,overall,30,108,0.0050102594904373,0.0106948951916301,0.46847205144734505,Variable-delay competition,Overall
competition,overall,31,109,0.004654729246932,0.0090618227062565,0.513663685311153,Variable-delay competition,Overall
competition,overall,32,111,0.0061343255508208,0.0108847139058219,0.563572511312377,Variable-delay competition,Overall
competition,overall,33,112,0.0027235214893083,0.0086978265885685,0.31312667153973933,Variable-delay competition,Overall
competition,overall,34,116,0.005048552168364,0.0059286613371009,0.8515501023427877,Variable-delay competition,Overall
competition,overall,35,119,0.0024882039983986,0.0028791387428917,0.8642181640401048,Variable-delay competition,Overall
competition,overall,36,126,0.0022810581619173,0.0073528691044043,0.31022695080359414,Variable-delay competition,Overall
competition,overall,37,128,0.0034121248248069,0.0130105305678371,0.2622586993678721,Variable-delay competition,Overall
competition,overall,38,129,0.0107607274012268,0.0128842606542678,0.8351839263405776,Variable-delay competition,Overall
competition,overall,39,132,0.0037003070237553,0.0105690913892702,0.3501064460008239,Variable-delay competition,Overall
competition,overall,40,140,0.0022459044823003,0.0054891175313454,0.40915583779635734,Variable-delay competition,Overall
competition,overall,41,142,0.0115356433631968,0.020758784027466,0.5556993775711506,Variable-delay competition,Overall
competition,overall,42,146,0.0027003269214904,0.0101093662298715,0.26711139552065905,Variable-delay competition,Overall
competition,overall,43,157,0.0036027014866495,0.0060538105133751,0.5951130248774394,Variable-delay competition,Overall
competition,overall,44,158,0.0030673829976775,0.0099350778871796,0.30874272275567216,Variable-delay competition,Overall
competition,overall,45,162,0.002698921611213,0.0050514894044512,0.5342823462788623,Variable-delay competition,Overall
competition,overall,46,167,0.008016942579309,0.0190927797381334,0.41989394364074795,Variable-delay competition,Overall
competition,overall,47,169,0.0042286579601636,0.0149410564316522,0.2830226884897717,Variable-delay competition,Overall
competition,overall,48,171,0.0042207633112341,0.0092666155806744,0.45548056617742244,Variable-delay competition,Overall
competition,overall,49,175,0.0051220329706776,0.0121839762690469,0.42039091816765944,Variable-delay competition,Overall
competition,overall,50,183,0.0033853167503542,0.003270628763777,1.035066036184662,Variable-delay competition,Overall
competition,overall,51,185,0.0020515280779386,0.0040880763400471,0.50183213504153,Variable-delay competition,Overall
competition,overall,52,188,0.0029755085651645,0.0077410388763747,0.3843810388610264,Variable-delay competition,Overall
competition,overall,53,189,0.0030057492611384,0.00896295686127,0.33535241858929377,Variable-delay competition,Overall
competition,overall,54,191,0.0024858907399205,0.00756406964206,0.3286446129604238,Variable-delay competition,Overall
competition,overall,55,193,0.0031329098840597,0.0081271134125429,0.3854886384659718,Variable-delay competition,Overall
competition,overall,56,194,0.0031325924341856,0.0052625468370558,0.5952616729465858,Variable-delay competition,Overall
competition,overall,57,196,0.002470344227394,0.0084424670584889,0.29260928236729916,Variable-delay competition,Overall
competition,overall,58,199,0.0030786512866561,0.0055206925601183,0.5576567166402995,Variable-delay competition,Overall
competition,overall,59,206,0.00282481678725,0.0113431891996496,0.2490319730660281,Variable-delay competition,Overall
competition,overall,60,207,0.0079936079380006,0.0156018298202428,0.5123506684856406,Variable-delay competition,Overall
competition,overall,61,211,0.0071151689079789,0.0217115953479822,0.3277128554553758,Variable-delay competition,Overall
competition,overall,62,214,0.0032458029901945,0.0070939445321041,0.4575455834910198,Variable-delay competition,Overall
competition,overall,63,215,0.0048853546763339,0.0126603483174651,0.38587837821132426,Variable-delay competition,Overall
competition,overall,64,216,0.0034263608561701,0.0117635665472226,0.29126888026820996,Variable-delay competition,Overall
competition,overall,65,217,0.0034566263653578,0.0056442608139986,0.6124143584550268,Variable-delay competition,Overall
competition,overall,66,218,0.0042399023400294,0.0065493162038363,0.6473809185676289,Variable-delay competition,Overall
competition,overall,67,219,0.0041006499190814,0.0124035798658557,0.33060212966174213,Variable-delay competition,Overall
competition,overall,68,227,0.0028916689196222,0.009561113899083,0.30244058905098264,Variable-delay competition,Overall
competition,overall,69,231,0.0030148636502604,0.0056934007687431,0.5295365235505763,Variable-delay competition,Overall
competition,overall,70,239,0.0033220369798715,0.0132820831426004,0.2501141533451584,Variable-delay competition,Overall
competition,overall,71,240,0.0031799466271102,0.0058670248269612,0.542003267567088,Variable-delay competition,Overall
competition,overall,72,244,0.0028812691797143,0.0067961330354888,0.423957148082383,Variable-delay competition,Overall
competition,overall,73,245,0.0053167126133545,0.0122534020883395,0.4338968537084043,Variable-delay competition,Overall
competition,overall,74,246,0.006532377275956,0.0124630641552523,0.5241389432472002,Variable-delay competition,Overall
competition,overall,75,248,0.0040027217927583,0.011603252606741,0.3449654961775879,Variable-delay competition,Overall
competition,overall,76,251,0.0032326188731678,0.0131065089360178,0.2466422514911113,Variable-delay competition,Overall
competition,overall,77,255,0.0026395300828315,0.0043925537800709,0.6009101345115223,Variable-delay competition,Overall
competition,overall,78,264,0.0024320757467555,0.0082088337445405,0.29627542991390415,Variable-delay competition,Overall
competition,overall,79,268,0.0046520581777162,0.0157032719583697,0.2962476985719333,Variable-delay competition,Overall
competition,overall,80,269,0.0039226273985129,0.0074705315300137,0.5250800940673771,Variable-delay competition,Overall
competition,overall,81,273,0.0068843560341664,0.0208209680307236,0.33064533906434057,Variable-delay competition,Overall
competition,overall,82,282,0.0032828200948575,0.0043192709893394,0.7600403176739745,Variable-delay competition,Overall
competition,overall,83,283,0.0087807058245051,0.0173938936531319,0.5048154254366197,Variable-delay competition,Overall
competition,overall,84,285,0.002658837409218,0.0033520311160208,0.7932018878077448,Variable-delay competition,Overall
competition,overall,85,286,0.002170074030813,0.0039249143509967,0.5528971683832864,Variable-delay competition,Overall
competition,overall,86,287,0.0023843853950762,0.0031745552473158,0.7510927387678269,Variable-delay competition,Overall
competition,overall,87,297,0.0120904655422629,0.0171550653737706,0.7047752531884101,Variable-delay competition,Overall
competition,overall,88,302,0.0066892630312497,0.0073499154376682,0.9101142847123564,Variable-delay competition,Overall
competition,overall,89,303,0.003124137336637,0.005024980444787,0.6217212924436418,Variable-delay competition,Overall
competition,overall,90,306,0.0016858981801383,0.0039632906239423,0.42537838884531026,Variable-delay competition,Overall
competition,overall,91,307,0.0015663452574211,0.0054872086213485,0.2854539284923644,Variable-delay competition,Overall
competition,overall,92,315,0.0023306134209648,0.0043775664186805,0.5323993283161426,Variable-delay competition,Overall
competition,overall,93,321,0.0023788369060965,0.0037639776942811,0.6320007979087786,Variable-delay competition,Overall
competition,overall,94,322,0.0046613775053202,0.0156979635628548,0.29694154191758687,Variable-delay competition,Overall
competition,overall,95,327,0.0028807591915441,0.0073896987206103,0.38983445746028794,Variable-delay competition,Overall
competition,overall,96,328,0.0030874520439478,0.0043131949168616,0.7158155621203216,Variable-delay competition,Overall
competition,overall,97,329,0.0075664596223398,0.0170156541327579,0.4446763881838157,Variable-delay competition,Overall
competition,overall,98,332,0.0020519720616404,0.0045249723368809,0.4534772610466036,Variable-delay competition,Overall
competition,overall,99,333,0.0034125216044778,0.0051330233400227,0.6648170831155248,Variable-delay competition,Overall
competition,overall,100,335,0.0022117158758235,0.0044765409434292,0.4940680547264785,Variable-delay competition,Overall
competition,overall,101,337,0.0023380775941494,0.0112011324125399,0.20873582313265696,Variable-delay competition,Overall
competition,overall,102,340,0.0027181725170516,0.012384266263161,0.21948595575155253,Variable-delay competition,Overall
competition,overall,103,353,0.0035540205160309,0.0074235544062214,0.47874917075470075,Variable-delay competition,Overall
competition,overall,104,367,0.003747482566197,0.012511417300503,0.29952502391925967,Variable-delay competition,Overall
competition,overall,105,375,0.0032417364435786,0.0061720983692936,0.5252243644894496,Variable-delay competition,Overall
competition,overall,106,385,0.0025926409813034,0.0065615447492746,0.3951266173396173,Variable-delay competition,Overall
competition,overall,107,388,0.0020581561220248,0.0040146295226944,0.5126640230163699,Variable-delay competition,Overall
competition,overall,108,407,0.0096633009776602,0.0233769114743352,0.4133694473826983,Variable-delay competition,Overall
competition,overall,109,408,0.0049597811950265,0.0077723194135775,0.6381339894963961,Variable-delay competition,Overall
competition,overall,110,410,0.0030323040717832,0.0052826952244183,0.5740070064551376,Variable-delay competition,Overall
competition,overall,111,411,0.0056677480544309,0.0085735399116608,0.6610744351609354,Variable-delay competition,Overall
competition,overall,112,416,0.004316200598981,0.0089971582188995,0.47972932052193495,Variable-delay competition,Overall
competition,overall,113,419,0.0032060344541221,0.0134721861004206,0.23797432949816572,Variable-delay competition,Overall
competition,overall,114,420,0.0023588235125632,0.0048670209508077,0.4846544809246701,Variable-delay competition,Overall
competition,overall,115,427,0.0025110916118064,0.0029006601093191,0.8656966060031944,Variable-delay competition,Overall
competition,overall,116,429,0.0031577812126849,0.0109014215268069,0.2896669214120221,Variable-delay competition,Overall
competition,overall,117,442,0.0095887575340415,0.0285295412369102,0.336099254257759,Variable-delay competition,Overall
competition,overall,118,446,0.0055079550281069,0.0188667522968249,0.2919397542010364,Variable-delay competition,Overall
competition,overall,119,451,0.0036368033287729,0.0112952537057921,0.3219762409504783,Variable-delay competition,Overall
competition,overall,120,455,0.0045453495035339,0.004623249844284,0.9831503069542278,Variable-delay competition,Overall
competition,overall,121,460,0.0029833318800853,0.0053232996707545,0.5604290692998796,Variable-delay competition,Overall
competition,overall,122,462,0.0081894818248011,0.0146781680382987,0.5579362358730917,Variable-delay competition,Overall
competition,overall,123,465,0.0031854631709822,0.0061608732149993,0.5170473502403606,Variable-delay competition,Overall
competition,overall,124,474,0.0031097642073055,0.0085080765208211,0.3655073152780462,Variable-delay competition,Overall
competition,overall,125,475,0.0023208804097657,0.0079400847883493,0.29229919725431525,Variable-delay competition,Overall
competition,overall,126,477,0.0022938185709657,0.0035491010037359,0.6463097467643641,Variable-delay competition,Overall
competition,overall,127,482,0.0079807807240566,0.0145743419659565,0.5475911531854075,Variable-delay competition,Overall
competition,overall,128,484,0.0060189819151665,0.0116961622598355,0.5146116975339529,Variable-delay competition,Overall
competition,overall,129,485,0.0028961055032142,0.0057716752798801,0.5017790091743282,Variable-delay competition,Overall
competition,overall,130,492,0.0061046185033441,0.013030628419569,0.46848227934858233,Variable-delay competition,Overall
competition,overall,131,503,0.0058850097745511,0.0078867683303995,0.7461877321624075,Variable-delay competition,Overall
competition,overall,132,506,0.0023112281864401,0.003634203548986,0.6359655300774139,Variable-delay competition,Overall
competition,overall,133,507,0.0034799925739164,0.0145332542543266,0.2394503332163472,Variable-delay competition,Overall
competition,overall,134,508,0.0062885268024008,0.0151189008686585,0.41593809345207916,Variable-delay competition,Overall
competition,overall,135,509,0.003688771368569,0.005618046661018,0.6565932237915212,Variable-delay competition,Overall
competition,overall,136,523,0.004466814392232,0.0091122135928285,0.4902007999184166,Variable-delay competition,Overall
competition,overall,137,524,0.0036296203425534,0.0122189005506761,0.2970496672347959,Variable-delay competition,Overall
competition,overall,138,525,0.0021390575375408,0.0044855904586747,0.47687312456358305,Variable-delay competition,Overall
competition,overall,139,528,0.0042501006279216,0.0103654797006631,0.41002449965240995,Variable-delay competition,Overall
competition,overall,140,529,0.0026273474085568,0.0043918131258099,0.598237523613277,Variable-delay competition,Overall
competition,overall,141,530,0.0055442699934481,0.0104291123988221,0.5316147512298639,Variable-delay competition,Overall
competition,overall,142,533,0.0064718442139792,0.0117012595323088,0.5530895367382922,Variable-delay competition,Overall
competition,overall,143,549,0.0015740350309014,0.0049112306669389,0.32049706838194053,Variable-delay competition,Overall
competition,overall,144,557,0.0033147049186144,0.0136237482094137,0.24330344833619388,Variable-delay competition,Overall
competition,overall,145,559,0.0052717830681154,0.0117608205192306,0.4482495978486613,Variable-delay competition,Overall
competition,overall,146,563,0.0030504256714262,0.0045781624012207,0.6662991401556329,Variable-delay competition,Overall
competition,overall,147,565,0.0025874193939741,0.0074758592833141,0.34610327668274127,Variable-delay competition,Overall
competition,overall,148,566,0.0043467420734973,0.0132292245129888,0.3285711924557297,Variable-delay competition,Overall
competition,overall,149,568,0.0024388500365403,0.0047714489480252,0.5111340523824922,Variable-delay competition,Overall
competition,overall,150,574,0.002973405661939,0.0063124003156557,0.47104199880424374,Variable-delay competition,Overall
competition,overall,151,579,0.0102430210671737,0.0128619100662407,0.7963841306944816,Variable-delay competition,Overall
competition,overall,152,589,0.002935266490844,0.0057139335296773,0.513703296616713,Variable-delay competition,Overall
competition,overall,153,594,0.0220000887314843,0.0299153420904308,0.7354115712593373,Variable-delay competition,Overall
competition,overall,154,597,0.0023284517163593,0.0048017536429464,0.4849169469116164,Variable-delay competition,Overall
competition,overall,155,599,0.0020919529285448,0.0055494797562908,0.3769637912767221,Variable-delay competition,Overall
competition,overall,156,605,0.020941606365991,0.0530036442132355,0.3950974820097688,Variable-delay competition,Overall
competition,overall,157,606,0.0033964711957464,0.0091087823630056,0.3728787296028528,Variable-delay competition,Overall
competition,overall,158,610,0.0026123838206862,0.0080136792110247,0.32599056586795383,Variable-delay competition,Overall
competition,overall,159,614,0.0023980775948017,0.0048559921546068,0.4938388527927671,Variable-delay competition,Overall
competition,overall,160,615,0.0045857853979854,0.0064585168182573,0.7100369213287551,Variable-delay competition,Overall
competition,overall,161,616,0.0025565788504899,0.0059753851295796,0.42785172755379686,Variable-delay competition,Overall
competition,overall,162,618,0.0048867918127093,0.0081000706953747,0.6033023656817902,Variable-delay competition,Overall
competition,overall,163,621,0.00609487256097,0.0218386640089551,0.27908632865411337,Variable-delay competition,Overall
competition,overall,164,623,0.0043822275553045,0.008441586930984,0.5191236660988436,Variable-delay competition,Overall
competition,overall,165,632,0.0032995117515569,0.0072076616722357,0.4577783893862272,Variable-delay competition,Overall
competition,overall,166,637,0.0034085391161671,0.013444971837926,0.253517757958569,Variable-delay competition,Overall
competition,overall,167,641,0.002753750009103,0.0039822567383353,0.6915048903286302,Variable-delay competition,Overall
competition,overall,168,646,0.0042272622285534,0.0104564694866783,0.40427242043205847,Variable-delay competition,Overall
competition,overall,169,653,0.0029065161501207,0.0053115610352321,0.5472056389527479,Variable-delay competition,Overall
competition,overall,170,660,0.0031125441502544,0.0080614512529193,0.3861022107064471,Variable-delay competition,Overall
competition,overall,171,664,0.0045593161432064,0.0129462873367607,0.3521717095109052,Variable-delay competition,Overall
competition,overall,172,667,0.0028561546703051,0.0072101590489077,0.396129218638775,Variable-delay competition,Overall
competition,overall,173,673,0.004369336372839,0.0130839302870584,0.3339467787565947,Variable-delay competition,Overall
competition,overall,174,687,0.002234835665956,0.0041254184999229,0.5417233829726044,Variable-delay competition,Overall
competition,overall,175,697,0.0025940412942554,0.004932235310824,0.5259362400173134,Variable-delay competition,Overall
competition,overall,176,703,0.0029799065115935,0.0058246971695134,0.5115985303391221,Variable-delay competition,Overall
competition,overall,177,708,0.0049359250605061,0.011078246676205,0.44555110612476145,Variable-delay competition,Overall
competition,overall,178,710,0.0026729910876961,0.0065636985502364,0.407238551136665,Variable-delay competition,Overall
competition,overall,179,711,0.0031432851031003,0.0055129316366257,0.5701658047448981,Variable-delay competition,Overall
competition,overall,180,718,0.0036069832395104,0.0033800826024491,1.0671287254627726,Variable-delay competition,Overall
competition,overall,181,722,0.001862657793809,0.0074748953758445,0.24918847691544585,Variable-delay competition,Overall
competition,overall,182,724,0.0032637773051397,0.0037780794938617,0.8638720573355869,Variable-delay competition,Overall
competition,overall,183,733,0.0038476295163218,0.0118336702866835,0.325142531700546,Variable-delay competition,Overall
competition,overall,184,737,0.0032849990839161,0.0040726215847528,0.8066055280496905,Variable-delay competition,Overall
competition,overall,185,748,0.0040779112569015,0.0051790540430804,0.7873853454666865,Variable-delay competition,Overall
competition,overall,186,749,0.0065365226967753,0.009943213873999,0.6573853061602121,Variable-delay competition,Overall
competition,overall,187,752,0.0051948271091722,0.0108286385562227,0.4797304002899775,Variable-delay competition,Overall
competition,overall,188,753,0.0025352572100096,0.0074859953826579,0.33866668097108255,Variable-delay competition,Overall
competition,overall,189,754,0.0040018958158806,0.0080797382169688,0.4953001828049268,Variable-delay competition,Overall
competition,overall,190,759,0.0030537892644048,0.0059314791432082,0.5148444748223587,Variable-delay competition,Overall
competition,overall,191,760,0.0034762849739887,0.0075859629048574,0.4582523033117899,Variable-delay competition,Overall
competition,overall,192,761,0.003606924523453,0.0089094019217576,0.4048447421195075,Variable-delay competition,Overall
competition,overall,193,762,0.0043006447285533,0.0136186153378862,0.3157916294609743,Variable-delay competition,Overall
competition,overall,194,769,0.0043450864712493,0.0101068021418054,0.4299170410466873,Variable-delay competition,Overall
competition,overall,195,774,0.0089828794699232,0.019027220744879,0.47210675643950045,Variable-delay competition,Overall
competition,overall,196,776,0.004735138950197,0.0127199898671769,0.3722596479746981,Variable-delay competition,Overall
competition,overall,197,777,0.0042025173599866,0.012830040104816,0.3275529402600312,Variable-delay competition,Overall
competition,overall,198,778,0.0037801397179469,0.005750740251395,0.6573309787431145,Variable-delay competition,Overall
competition,overall,199,779,0.004393616565091,0.010994394968537,0.3996233151223281,Variable-delay competition,Overall
competition,overall,200,780,0.0095844429161051,0.0292193294156433,0.3280172101066025,Variable-delay competition,Overall
competition,overall,201,781,0.005079508041374,0.0179304474334831,0.2832895308506685,Variable-delay competition,Overall
competition,overall,202,783,0.0034834973617792,0.0108612983805227,0.320725684880002,Variable-delay competition,Overall
competition,overall,203,790,0.0024743264643988,0.0061019661438889,0.40549659012396033,Variable-delay competition,Overall
competition,overall,204,797,0.0029934998123958,0.0074857019326698,0.3998956730204937,Variable-delay competition,Overall
competition,overall,205,803,0.0031095537389912,0.008058914546093,0.3858526754696421,Variable-delay competition,Overall
competition,overall,206,805,0.0048510348713877,0.0139967828213204,0.346582134860193,Variable-delay competition,Overall
competition,overall,207,808,0.0027484743299793,0.0092241458658322,0.2979651850650058,Variable-delay competition,Overall
competition,overall,208,809,0.0029048755069272,0.0031584496155204,0.9197156391708279,Variable-delay competition,Overall
competition,overall,209,810,0.0057578484997049,0.0159259697576724,0.36153832936490626,Variable-delay competition,Overall
competition,overall,210,811,0.0022244180168708,0.0049780876822711,0.4468418715871187,Variable-delay competition,Overall
competition,overall,211,813,0.0046416704527554,0.0155427124535879,0.29863966579938306,Variable-delay competition,Overall
competition,overall,212,815,0.0023727287062359,0.0043681336777559,0.543190497653193,Variable-delay competition,Overall
competition,overall,213,816,0.0022372379660181,0.0056929384761807,0.39298474335858746,Variable-delay competition,Overall
competition,overall,214,831,0.0026272945531101,0.0052279828799761,0.5025445976827895,Variable-delay competition,Overall
competition,overall,215,836,0.0063875889780709,0.0104799209804884,0.6095073607867239,Variable-delay competition,Overall
competition,overall,216,838,0.0023530199703476,0.0037015863772291,0.6356787956705747,Variable-delay competition,Overall
competition,overall,217,841,0.0044707560692682,0.0134076832285788,0.3334473221845423,Variable-delay competition,Overall
competition,overall,218,843,0.0021352558973028,0.0066726419841441,0.3200015679511523,Variable-delay competition,Overall
competition,overall,219,845,0.0027603617189545,0.0037695821475943,0.7322725996875086,Variable-delay competition,Overall
competition,overall,220,846,0.0054073577910015,0.0150272550330551,0.35983669533171975,Variable-delay competition,Overall
competition,overall,221,854,0.0023047274472628,0.0049910631290507,0.461770846745663,Variable-delay competition,Overall
competition,overall,222,859,0.0030322476131487,0.0119780640576167,0.25315005818661757,Variable-delay competition,Overall
competition,overall,223,861,0.0072065356633734,0.0181524984032202,0.396999658300203,Variable-delay competition,Overall
competition,overall,224,862,0.0026354679032137,0.0043816020809415,0.6014849944218125,Variable-delay competition,Overall
competition,overall,225,867,0.00338621470218,0.0079011784622097,0.4285708414733095,Variable-delay competition,Overall
competition,overall,226,869,0.0085028793659677,0.0194932594926345,0.43619587422926887,Variable-delay competition,Overall
competition,overall,227,880,0.0044365204485429,0.0088164557561618,0.5032090639645331,Variable-delay competition,Overall
competition,overall,228,886,0.0024871144900865,0.0056446256527252,0.44061637442435747,Variable-delay competition,Overall
competition,overall,229,887,0.0017674021354274,0.0051465831285964,0.34341272476626916,Variable-delay competition,Overall
competition,overall,230,889,0.0035699932470352,0.0103116280090031,0.3462104377619356,Variable-delay competition,Overall
competition,overall,231,891,0.0020134427137161,0.0051914567015926,0.38783771674305395,Variable-delay competition,Overall
competition,overall,232,893,0.005074280346382,0.0055567329074765,0.9131769388366017,Variable-delay competition,Overall
competition,overall,233,895,0.0089748700775064,0.0212200307959436,0.42294331067709984,Variable-delay competition,Overall
competition,overall,234,906,0.0042311265941653,0.009798243042403,0.43182502984000537,Variable-delay competition,Overall
competition,overall,235,908,0.0041274283440508,0.008007053874255,0.5154740318810241,Variable-delay competition,Overall
competition,overall,236,912,0.0027638808556994,0.0082519504916954,0.3349366744845252,Variable-delay competition,Overall
competition,overall,237,913,0.0032150445165758,0.0106216075547019,0.3026890703707638,Variable-delay competition,Overall
competition,overall,238,916,0.0028708394463455,0.0045867191815199,0.6259025967650783,Variable-delay competition,Overall
competition,overall,239,919,0.004892316455878,0.0049308289321112,0.992189451963666,Variable-delay competition,Overall
competition,overall,240,929,0.0024201544716082,0.0052689790210714,0.4593213337782626,Variable-delay competition,Overall
competition,overall,241,934,0.0063824709378603,0.0191474664069796,0.33333240033959655,Variable-delay competition,Overall
competition,overall,242,942,0.0070688095376521,0.0202106671697415,0.34975636767870794,Variable-delay competition,Overall
competition,overall,243,944,0.0038837802240758,0.0049767871426059,0.7803790101503538,Variable-delay competition,Overall
competition,overall,244,947,0.0031236444206748,0.0052678256052129,0.5929665586468399,Variable-delay competition,Overall
competition,overall,245,950,0.0054202202528874,0.0175045244845966,0.30964681489388723,Variable-delay competition,Overall
competition,overall,246,956,0.0067537112038142,0.0113597188438729,0.5945315457747402,Variable-delay competition,Overall
competition,overall,247,960,0.0032204209821861,0.0080131846377597,0.40189027556046114,Variable-delay competition,Overall
competition,overall,248,965,0.0046924713696842,0.0074639169247554,0.6286875131368075,Variable-delay competition,Overall
competition,overall,249,967,0.0061197559001007,0.0068940091516857,0.8876918735456447,Variable-delay competition,Overall
competition,overall,250,970,0.0027003855878682,0.0036866299313237,0.7324807854794949,Variable-delay competition,Overall
competition,overall,251,972,0.0040767996708059,0.0139123504929323,0.2930345718990462,Variable-delay competition,Overall
competition,overall,252,976,0.0063752894693131,0.014113760607797,0.4517073547209762,Variable-delay competition,Overall
competition,overall,253,981,0.0030851616830312,0.0052668813299512,0.5857663178182496,Variable-delay competition,Overall
competition,overall,254,982,0.0029240171292496,0.005000812024669,0.5847084663101566,Variable-delay competition,Overall
competition,overall,255,990,0.0034111422429676,0.0122860936484942,0.2776425396517854,Variable-delay competition,Overall
competition,overall,256,991,0.0056346405001512,0.0177269079048298,0.3178580568253535,Variable-delay competition,Overall
competition,overall,257,996,0.0030003786872529,0.0092746871064959,0.32350187696913935,Variable-delay competition,Overall
competition,overall,258,1007,0.0026934467405524,0.0050261300154887,0.5358887916254016,Variable-delay competition,Overall
competition,overall,259,1013,0.0027927482042611,0.0054508115140173,0.5123545727235793,Variable-delay competition,Overall
competition,overall,260,1018,0.0057897443943891,0.0153017110981565,0.3783723504678264,Variable-delay competition,Overall
competition,overall,261,1019,0.0030234112924329,0.0077580922589664,0.38971066487880424,Variable-delay competition,Overall
competition,overall,262,1023,0.0054282672970973,0.013705898410309,0.39605337312396727,Variable-delay competition,Overall
competition,overall,263,1024,0.0017363954182995,0.00362994866005,0.4783526107158723,Variable-delay competition,Overall
competition,overall,264,1025,0.002960097997072,0.0042579017271972,0.6952011076640113,Variable-delay competition,Overall
competition,overall,265,1032,0.0042207516894293,0.0073585527891349,0.5735844819461448,Variable-delay competition,Overall
competition,overall,266,1033,0.0038060286126308,0.0144979184348731,0.26252241863051384,Variable-delay competition,Overall
competition,overall,267,1037,0.0026396297218207,0.0063836349687997,0.41349947713520707,Variable-delay competition,Overall
competition,overall,268,1039,0.0026747931205757,0.0107562056150261,0.24867441329301973,Variable-delay competition,Overall
competition,overall,269,1041,0.002868369459139,0.0051003519419594,0.562386574844296,Variable-delay competition,Overall
competition,overall,270,1043,0.0041219454522432,0.013297998351771,0.3099673607414944,Variable-delay competition,Overall
competition,overall,271,1044,0.0027980313463925,0.0114916270579257,0.24348435015237604,Variable-delay competition,Overall
competition,overall,272,1049,0.0044100719664708,0.0049005356588491,0.8999163098644839,Variable-delay competition,Overall
competition,overall,273,1050,0.0019331268076956,0.0103145286417642,0.18741785251031667,Variable-delay competition,Overall
competition,overall,274,1061,0.0046988592870185,0.0048174832852776,0.9753763549898306,Variable-delay competition,Overall
competition,overall,275,1062,0.0029151826185062,0.0042747319006714,0.68195683056716,Variable-delay competition,Overall
competition,overall,276,1064,0.0020400452089158,0.0048810604888256,0.417951224654182,Variable-delay competition,Overall
competition,overall,277,1065,0.0070688495375219,0.0162714435442677,0.43443284661809856,Variable-delay competition,Overall
competition,overall,278,1066,0.0043964894087924,0.0118116631328076,0.372215949554207,Variable-delay competition,Overall
competition,overall,279,1077,0.0026105804577894,0.0106530431370519,0.24505490348665257,Variable-delay competition,Overall
competition,overall,280,1083,0.0065011627548862,0.0104181029704676,0.6240255805989989,Variable-delay competition,Overall
competition,overall,281,1085,0.0029115010138147,0.0037575959275657,0.7748307880727534,Variable-delay competition,Overall
competition,overall,282,1086,0.0040414285702069,0.0172262110546337,0.23460925663741888,Variable-delay competition,Overall
competition,overall,283,1087,0.0025524673541985,0.0061340953212068,0.41611145907271896,Variable-delay competition,Overall
competition,overall,284,1088,0.0023916153649189,0.0074658884464778,0.3203390168583617,Variable-delay competition,Overall
competition,overall,285,1094,0.0028097460435087,0.0098381759778066,0.28559623753905716,Variable-delay competition,Overall
competition,overall,286,1097,0.0027695890408254,0.0063969678005583,0.43295341280030863,Variable-delay competition,Overall
competition,overall,287,1102,0.0024169614602331,0.0039234286134771,0.6160329901073672,Variable-delay competition,Overall
competition,overall,288,1103,0.0044059720303426,0.0101660160896513,0.4334020319747229,Variable-delay competition,Overall
competition,overall,289,1108,0.002973056297482,0.0065355862279143,0.4549027728811392,Variable-delay competition,Overall
competition,overall,290,1109,0.0026676485802117,0.0100239456338386,0.26612759861808455,Variable-delay competition,Overall
competition,overall,291,1111,0.0042827360392418,0.01280923807878,0.3343474461870337,Variable-delay competition,Overall
competition,overall,292,1112,0.0062525343271283,0.0101401165770006,0.6166136532700269,Variable-delay competition,Overall
competition,overall,293,1125,0.0040178435470412,0.0065620764268077,0.6122823456653625,Variable-delay competition,Overall
competition,overall,294,1126,0.0027593571259755,0.0047967134294015,0.5752599496692871,Variable-delay competition,Overall
competition,overall,295,1129,0.0039733185082798,0.013046937758833,0.3045403129626947,Variable-delay competition,Overall
competition,overall,296,1132,0.0028235812123139,0.006099256784898,0.462938569713149,Variable-delay competition,Overall
competition,overall,297,1134,0.0020699390234932,0.0067382130707449,0.3071940589828174,Variable-delay competition,Overall
competition,overall,298,1148,0.0030546445948917,0.0038259968766255,0.7983918161443648,Variable-delay competition,Overall
competition,overall,299,1157,0.006507785146697,0.0101763263375712,0.6395024030106157,Variable-delay competition,Overall
competition,overall,300,1161,0.0023394017245204,0.0025742065205419,0.9087855639600855,Variable-delay competition,Overall
competition,overall,301,1162,0.0090686554175475,0.021243850901488,0.42688378202241556,Variable-delay competition,Overall
competition,overall,302,1163,0.0062891891976293,0.0142054337167642,0.44273123390856167,Variable-delay competition,Overall
competition,overall,303,1164,0.0024843208496863,0.0054714416196031,0.4540523361860367,Variable-delay competition,Overall
competition,overall,304,1165,0.0031122839405952,0.0059172273972799,0.5259699740499901,Variable-delay competition,Overall
competition,overall,305,1167,0.0031649348742203,0.0037412939985108,0.8459465830485613,Variable-delay competition,Overall
competition,overall,306,1168,0.0031399032253654,0.0059825361104413,0.5248448429563738,Variable-delay competition,Overall
competition,overall,307,1169,0.0036618306447459,0.0081385470611899,0.44993665542686195,Variable-delay competition,Overall
competition,overall,308,1174,0.0038780136268769,0.0052913757005068,0.7328932675306857,Variable-delay competition,Overall
competition,overall,309,1180,0.0026876218343341,0.0049226085297014,0.5459751304857727,Variable-delay competition,Overall
competition,overall,310,1182,0.003901384922624,0.0096875139395003,0.4027230254313565,Variable-delay competition,Overall
competition,overall,311,1185,0.0030083171204875,0.006055644005088,0.4967790573487953,Variable-delay competition,Overall
competition,overall,312,1191,0.0055381951505185,0.007928786642559,0.6984921401203272,Variable-delay competition,Overall
competition,overall,313,1193,0.0047783307765569,0.012357185030871,0.3866844078663196,Variable-delay competition,Overall
competition,overall,314,1194,0.0028146916789346,0.0053588536045367,0.5252413830733755,Variable-delay competition,Overall
competition,overall,315,1200,0.0023250566366369,0.0050781073683522,0.4578588966289147,Variable-delay competition,Overall
competition,overall,316,1203,0.0036338220224035,0.0119834975564871,0.303235512443225,Variable-delay competition,Overall
competition,overall,317,1206,0.009410456550205,0.0195388739633926,0.4816273736058755,Variable-delay competition,Overall
competition,overall,318,1208,0.0027810917320576,0.0048802649907562,0.5698649022799618,Variable-delay competition,Overall
competition,overall,319,1214,0.0033704968039798,0.0059677458717016,0.5647855784145113,Variable-delay competition,Overall
competition,overall,320,1215,0.0022101848921453,0.0038812895465076,0.5694460219114632,Variable-delay competition,Overall
competition,overall,321,1216,0.0030461533179344,0.0115176237036854,0.2644775863757117,Variable-delay competition,Overall
competition,overall,322,1217,0.0072412671409466,0.0188116224133755,0.38493581158623996,Variable-delay competition,Overall
competition,overall,323,1220,0.0050294258966354,0.0068976659106617,0.7291489558607692,Variable-delay competition,Overall
competition,overall,324,1235,0.0021455437688917,0.0059729413572434,0.35921058663832256,Variable-delay competition,Overall
competition,overall,325,1240,0.0041740656365208,0.0116122381995564,0.35945401435876967,Variable-delay competition,Overall
competition,overall,326,1243,0.0043301799218481,0.0069582298944529,0.6223105570714356,Variable-delay competition,Overall
competition,overall,327,1245,0.0050316012257933,0.0079795273430505,0.6305638178150242,Variable-delay competition,Overall
competition,overall,328,1250,0.0087744547317672,0.0176377277696602,0.4974821499887706,Variable-delay competition,Overall
competition,overall,329,1251,0.0047261976945722,0.0071072644743817,0.6649812613007282,Variable-delay competition,Overall
competition,overall,330,1254,0.0052815822217418,0.0097413078939997,0.5421840967571785,Variable-delay competition,Overall
competition,overall,331,1256,0.0024664537415521,0.0052556295009597,0.46929749159481565,Variable-delay competition,Overall
competition,overall,332,1260,0.0027253600455005,0.0033704065427519,0.8086146317753328,Variable-delay competition,Overall
competition,overall,333,1262,0.0027593168950685,0.0051607823453207,0.5346702709852476,Variable-delay competition,Overall
competition,overall,334,1266,0.0083453334001978,0.0253553827508089,0.32913458582799593,Variable-delay competition,Overall
competition,overall,335,1267,0.0059683998561313,0.009964971557545,0.5989379720419085,Variable-delay competition,Overall
competition,overall,336,1274,0.0021024338475083,0.0048920313510644,0.42976704289739603,Variable-delay competition,Overall
competition,overall,337,1275,0.0060260095082834,0.0187998644403565,0.3205347319073078,Variable-delay competition,Overall
competition,overall,338,1277,0.0035450396825682,0.006009230304208,0.5899324045020815,Variable-delay competition,Overall
competition,overall,339,1278,0.0042592640729455,0.0065034293504545,0.6549258619451037,Variable-delay competition,Overall
competition,overall,340,1284,0.0033425366146668,0.006646669222364,0.502888966314164,Variable-delay competition,Overall
competition,overall,341,1285,0.0019998945806901,0.0057748695893088,0.3463099122433117,Variable-delay competition,Overall
competition,overall,342,1286,0.0035978224183221,0.0080590974855014,0.44642994141648107,Variable-delay competition,Overall
competition,overall,343,1287,0.0094508173597113,0.0196710809247564,0.4804421981619363,Variable-delay competition,Overall
competition,overall,344,1291,0.0046545275326584,0.0054035951015155,0.8613760737463444,Variable-delay competition,Overall
competition,overall,345,1292,0.0040403495144966,0.0128614763485311,0.3141435248184432,Variable-delay competition,Overall
competition,overall,346,1293,0.0039083576764169,0.0130768857649325,0.2988752633213107,Variable-delay competition,Overall
competition,overall,347,1294,0.0025376514065615,0.0042601370440251,0.5956736556446207,Variable-delay competition,Overall
competition,overall,348,1298,0.0055831363445457,0.0169141370790697,0.3300869750816031,Variable-delay competition,Overall
competition,overall,349,1299,0.0028207369833367,0.004719847269912,0.597633105909652,Variable-delay competition,Overall
competition,overall,350,1306,0.0034176049364786,0.0045877477459756,0.7449417722403205,Variable-delay competition,Overall
competition,overall,351,1307,0.0020473366654994,0.0047991040296717,0.426608102854452,Variable-delay competition,Overall
competition,overall,352,1314,0.0040079497982649,0.0087060962596692,0.46036130071656106,Variable-delay competition,Overall
competition,overall,353,1319,0.0047701303382134,0.00803751446632,0.5934832662761499,Variable-delay competition,Overall
competition,overall,354,1326,0.0032947645819141,0.0075692434682748,0.4352832083845033,Variable-delay competition,Overall
competition,overall,355,1327,0.0036843872914885,0.0094559936482698,0.3896351275746306,Variable-delay competition,Overall
competition,overall,356,1331,0.0028218929020854,0.0062526837460287,0.45130907250469593,Variable-delay competition,Overall
competition,overall,357,1340,0.0036653320976365,0.0114295894168002,0.3206879935904677,Variable-delay competition,Overall
competition,overall,358,1343,0.0033771537696423,0.0107131877852246,0.3152333215235897,Variable-delay competition,Overall
competition,overall,359,1344,0.0027473523603284,0.0042857418622597,0.6410447592566462,Variable-delay competition,Overall
competition,overall,360,1346,0.0054678792366652,0.0114120811824311,0.4791307693361838,Variable-delay competition,Overall
competition,overall,361,1350,0.0030721683358714,0.004324461859827,0.7104163328184149,Variable-delay competition,Overall
competition,overall,362,1367,0.0043985118967636,0.0082493711307458,0.5331936007061358,Variable-delay competition,Overall
competition,overall,363,1368,0.0049411224513737,0.013300485260837,0.37149941182392276,Variable-delay competition,Overall
competition,overall,364,1369,0.0044478594719318,0.0061591939030053,0.7221496095067772,Variable-delay competition,Overall
competition,overall,365,1373,0.0091204901247524,0.0139127256010518,0.6555502053503371,Variable-delay competition,Overall
competition,overall,366,1379,0.0051504599069969,0.0078467521241884,0.6563811148207539,Variable-delay competition,Overall
competition,overall,367,1382,0.0067639851113178,0.0112568593884249,0.6008767523802429,Variable-delay competition,Overall
competition,overall,368,1385,0.003060780342291,0.0047955502729082,0.6382542498996322,Variable-delay competition,Overall
competition,overall,369,1387,0.0045522202076968,0.0070651833862892,0.6443173458923807,Variable-delay competition,Overall
competition,overall,370,1392,0.0056991244320045,0.0170903537485504,0.3334702438495691,Variable-delay competition,Overall
competition,overall,371,1395,0.0059787926937301,0.0170490951115994,0.35068093963898483,Variable-delay competition,Overall
competition,overall,372,1398,0.0028687925080805,0.0089442777039741,0.32074054529924145,Variable-delay competition,Overall
competition,overall,373,1402,0.0065715891649306,0.009447771112825,0.695570318803544,Variable-delay competition,Overall
competition,overall,374,1403,0.0019487196317144,0.0055968003823902,0.3481845873663568,Variable-delay competition,Overall
competition,overall,375,1404,0.0054365665226871,0.0133953040339308,0.4058561499549451,Variable-delay competition,Overall
competition,overall,376,1411,0.0026526476445411,0.010831789166341,0.24489468949266574,Variable-delay competition,Overall
competition,overall,377,1412,0.0032968292064016,0.009099807117848,0.36229660296154304,Variable-delay competition,Overall
competition,overall,378,1416,0.0044794527059699,0.0163322231646695,0.2742708485431442,Variable-delay competition,Overall
competition,overall,379,1423,0.0023749946332467,0.003250959353764,0.7305519309236833,Variable-delay competition,Overall
competition,overall,380,1427,0.0023678767237901,0.0046277501735703,0.5116690908064485,Variable-delay competition,Overall
competition,overall,381,1432,0.0085316617376269,0.0219529464800301,0.38863401527388963,Variable-delay competition,Overall
competition,overall,382,1433,0.0027629500385296,0.0059946804304248,0.46090030496151235,Variable-delay competition,Overall
competition,overall,383,1437,0.0038570251703037,0.0113053662635671,0.3411676437881917,Variable-delay competition,Overall
competition,overall,384,1442,0.0059019137695241,0.0150921527651596,0.39105844350772356,Variable-delay competition,Overall
competition,overall,385,1445,0.00344839756176,0.0090239954407948,0.38213644769486693,Variable-delay competition,Overall
competition,overall,386,1448,0.0082600880604344,0.0185963981810675,0.4441767690715386,Variable-delay competition,Overall
competition,overall,387,1452,0.0023900586659956,0.0027946128676734,0.8552378376420332,Variable-delay competition,Overall
competition,overall,388,1453,0.0042985194348453,0.0124192509057146,0.34611744842576436,Variable-delay competition,Overall
competition,overall,389,1470,0.0026050805804192,0.0051421634405819,0.5066117813097755,Variable-delay competition,Overall
competition,overall,390,1483,0.0017209346017969,0.0044827921730621,0.383897922401646,Variable-delay competition,Overall
competition,overall,391,1488,0.0030904807174099,0.0050172320134167,0.6159732516147493,Variable-delay competition,Overall
competition,overall,392,1491,0.0025634409385986,0.0071279016653433,0.35963472266492574,Variable-delay competition,Overall
competition,overall,393,1494,0.0031185391551119,0.0044859323570058,0.6951819392108297,Variable-delay competition,Overall
competition,overall,394,1495,0.0023996076293447,0.0065517011149065,0.3662571883636583,Variable-delay competition,Overall
competition,overall,395,1503,0.0034017781316992,0.0040735052151811,0.8350985090239939,Variable-delay competition,Overall
competition,overall,396,1504,0.0099931567498756,0.0140351511605168,0.7120092000140334,Variable-delay competition,Overall
competition,overall,397,1508,0.0055929083317571,0.0067421422401325,0.8295446955220549,Variable-delay competition,Overall
competition,overall,398,1512,0.0098267605876008,0.0196771173012923,0.499400417100498,Variable-delay competition,Overall
competition,overall,399,1526,0.0025041829906924,0.0051858414422098,0.4828884605514111,Variable-delay competition,Overall
competition,overall,400,1529,0.0108650115632805,0.0160240188287888,0.6780453567466102,Variable-delay competition,Overall
competition,overall,401,1534,0.0029523405865815,0.0072958167877347,0.4046621060365444,Variable-delay competition,Overall
competition,overall,402,1554,0.0041871313400057,0.0144197562049321,0.2903746277328561,Variable-delay competition,Overall
competition,overall,403,1567,0.003158398931867,0.0079460411088581,0.3974808195172908,Variable-delay competition,Overall
competition,overall,404,1569,0.0060325661934177,0.0165292097112215,0.3649639818727846,Variable-delay competition,Overall
competition,overall,405,1571,0.0031549650198296,0.0109257525840435,0.2887640915864472,Variable-delay competition,Overall
competition,overall,406,1575,0.0040626754621238,0.0089362419126269,0.45462908254343964,Variable-delay competition,Overall
competition,overall,407,1580,0.0028397370796383,0.0048402079640387,0.5866973280356338,Variable-delay competition,Overall
competition,overall,408,1584,0.0029468312583153,0.0052813167675743,0.5579728291262437,Variable-delay competition,Overall
competition,overall,409,1585,0.0057862639784766,0.0078507199536392,0.7370360951156305,Variable-delay competition,Overall
competition,overall,410,1593,0.0019319960841924,0.0062774161082085,0.30776931955587195,Variable-delay competition,Overall
competition,overall,411,1594,0.004249098825516,0.0137582771488697,0.30883945566288296,Variable-delay competition,Overall
competition,overall,412,1598,0.0037361043893421,0.0075986218264685,0.4916818437164512,Variable-delay competition,Overall
competition,overall,413,1599,0.0041533416476247,0.0151516825628078,0.27411751997891864,Variable-delay competition,Overall
competition,overall,414,1601,0.0015706624765573,0.0063662832379909,0.2467157708573734,Variable-delay competition,Overall
competition,overall,415,1605,0.0015615772524496,0.0053941587218911,0.28949412372911,Variable-delay competition,Overall
competition,overall,416,1623,0.0023034256587537,0.005868817172335,0.39248550280486016,Variable-delay competition,Overall
competition,overall,417,1627,0.0020096138655268,0.0058646964020271,0.34266289808832867,Variable-delay competition,Overall
competition,overall,418,1628,0.0027950815214612,0.0042429254677659,0.6587628141705121,Variable-delay competition,Overall
competition,overall,419,1629,0.0079075202043285,0.0247478070122888,0.3195240774425763,Variable-delay competition,Overall
competition,overall,420,1634,0.0072650338794482,0.0122818255547719,0.591527199849007,Variable-delay competition,Overall
competition,overall,421,1637,0.0080669156665105,0.0149288509388159,0.5403574394018524,Variable-delay competition,Overall
competition,overall,422,1640,0.0032373576944701,0.0039552088491945,0.8185048673547051,Variable-delay competition,Overall
competition,overall,423,1643,0.0051516013805308,0.0055704582588365,0.9248074648721654,Variable-delay competition,Overall
competition,overall,424,1644,0.0026249186770227,0.0061849069438921,0.42440714158439136,Variable-delay competition,Overall
competition,overall,425,1648,0.002254416700832,0.0028347975051083,0.7952655160622745,Variable-delay competition,Overall
competition,overall,426,1657,0.0050063719358128,0.0161216687932193,0.3105368308967157,Variable-delay competition,Overall
competition,overall,427,1675,0.0030506203964598,0.0046228873047049,0.6598950386168964,Variable-delay competition,Overall
competition,overall,428,1682,0.0020852088693965,0.0038574466251245,0.5405671346986426,Variable-delay competition,Overall
competition,overall,429,1695,0.0070115989549876,0.0186000553236647,0.37696656450622484,Variable-delay competition,Overall
competition,overall,430,1697,0.0027918195083677,0.0029741335218853,0.9387001248679544,Variable-delay competition,Overall
competition,overall,431,1706,0.00345906748463,0.0122377868730447,0.2826546597448139,Variable-delay competition,Overall
competition,overall,432,1715,0.0040531810306428,0.0121894983725401,0.3325141779233185,Variable-delay competition,Overall
competition,overall,433,1717,0.0054445353731719,0.007601397233364,0.7162545524229128,Variable-delay competition,Overall
competition,overall,434,1718,0.003378095068157,0.005774948042354,0.5849567898068935,Variable-delay competition,Overall
competition,overall,435,1720,0.0023549494638485,0.0028279546782188,0.8327394643155227,Variable-delay competition,Overall
competition,overall,436,1725,0.0025416438704773,0.0035190089725762,0.7222612645447763,Variable-delay competition,Overall
competition,overall,437,1729,0.0020559460989956,0.0047717057400941,0.4308618785355058,Variable-delay competition,Overall
competition,overall,438,1733,0.0028239992528741,0.0058978955631009,0.47881472682255216,Variable-delay competition,Overall
competition,overall,439,1735,0.0032640943840353,0.0132464854257294,0.24641210699520827,Variable-delay competition,Overall
competition,overall,440,1736,0.0020903223787089,0.0033139859015355,0.6307577765313882,Variable-delay competition,Overall
competition,overall,441,1738,0.0024165037904799,0.0029776656893963,0.8115430147465038,Variable-delay competition,Overall
competition,overall,442,1739,0.0029807649526702,0.0051416514257369,0.5797290998276876,Variable-delay competition,Overall
competition,overall,443,1743,0.0025744334502177,0.0035460432680412,0.7260017026356794,Variable-delay competition,Overall
competition,overall,444,1745,0.0080755745931222,0.0264253406071044,0.30559964063248807,Variable-delay competition,Overall
competition,overall,445,1755,0.0037666696439897,0.0112866242157794,0.3337286306319708,Variable-delay competition,Overall
competition,overall,446,1760,0.0029397678108178,0.00807082777134,0.3642461336192917,Variable-delay competition,Overall
competition,overall,447,1764,0.0113353503337507,0.0235318430202528,0.4817026156427643,Variable-delay competition,Overall
competition,overall,448,1767,0.0036774185152085,0.0059816374100411,0.6147845920977066,Variable-delay competition,Overall
competition,overall,449,1771,0.0048293844442645,0.0130482230911976,0.3701181693867902,Variable-delay competition,Overall
competition,overall,450,1776,0.0027038685737097,0.0061436341539454,0.4401089820710261,Variable-delay competition,Overall
competition,overall,451,1784,0.0024086951066763,0.0044986698309011,0.5354238468738279,Variable-delay competition,Overall
competition,overall,452,1788,0.0035051100598972,0.0117745702843381,0.29768475411450973,Variable-delay competition,Overall
competition,overall,453,1794,0.0032098151880506,0.0059943892280503,0.5354699312868286,Variable-delay competition,Overall
competition,overall,454,1796,0.0052732615364452,0.0069796993773485,0.7555141348291774,Variable-delay competition,Overall
competition,overall,455,1798,0.0036074095180103,0.0087530839288681,0.4121301186331467,Variable-delay competition,Overall
competition,overall,456,1800,0.0036163428478759,0.0125039126096326,0.28921690040363757,Variable-delay competition,Overall
competition,overall,457,1802,0.0134478961816638,0.0156404827746348,0.859813368643143,Variable-delay competition,Overall
competition,overall,458,1804,0.0026936624714502,0.0067330960038472,0.4000629828998543,Variable-delay competition,Overall
competition,overall,459,1808,0.0037799953178671,0.014007094656657,0.2698629095128319,Variable-delay competition,Overall
competition,overall,460,1815,0.0036161757308878,0.0082719429902786,0.43716158768715196,Variable-delay competition,Overall
competition,overall,461,1817,0.0032300784618564,0.0053024341733137,0.6091689884832264,Variable-delay competition,Overall
competition,overall,462,1819,0.0053064586122522,0.0164829818889069,0.3219355968487391,Variable-delay competition,Overall
competition,overall,463,1823,0.0033123004167516,0.0141828885075753,0.23354201896055582,Variable-delay competition,Overall
competition,overall,464,1826,0.0028900080997302,0.0075669720573206,0.3819239819888442,Variable-delay competition,Overall
competition,overall,465,1834,0.0051170010175736,0.0141226591817397,0.3623256039620197,Variable-delay competition,Overall
competition,overall,466,1836,0.0031704451800134,0.0043587459564686,0.7273755368349235,Variable-delay competition,Overall
competition,overall,467,1840,0.014378957880951,0.0250155058958734,0.5748018025621051,Variable-delay competition,Overall
competition,overall,468,1850,0.0027217443651054,0.0070357371394116,0.386845658269294,Variable-delay competition,Overall
competition,overall,469,1854,0.0048850302025358,0.0131479428090994,0.3715433108786402,Variable-delay competition,Overall
competition,overall,470,1860,0.0077451912246558,0.0134324033911032,0.5766050199017803,Variable-delay competition,Overall
competition,overall,471,1862,0.0061177521881354,0.0131258829135506,0.4660830992039168,Variable-delay competition,Overall
competition,overall,472,1866,0.0026889206330651,0.0056534992306052,0.4756205888396759,Variable-delay competition,Overall
competition,overall,473,1868,0.0021109616222327,0.0092021304389055,0.22939922839039625,Variable-delay competition,Overall
competition,overall,474,1869,0.0039425655763054,0.0066678061352901,0.5912837740495989,Variable-delay competition,Overall
competition,overall,475,1870,0.0040255849505665,0.0100023457534537,0.4024640869044654,Variable-delay competition,Overall
competition,overall,476,1872,0.0041274267783736,0.00685237294396,0.6023353971140327,Variable-delay competition,Overall
competition,overall,477,1877,0.0195204792812728,0.0349537906027638,0.5584653036094264,Variable-delay competition,Overall
competition,overall,478,1881,0.0028086908061847,0.0052983253459162,0.5301091614446742,Variable-delay competition,Overall
competition,overall,479,1895,0.0037252079954422,0.0092905083895838,0.4009692300174634,Variable-delay competition,Overall
competition,overall,480,1899,0.0035812543841199,0.0035134252061339,1.0193057128034433,Variable-delay competition,Overall
competition,overall,481,1902,0.0079686025297578,0.0149842306157745,0.5317992450922994,Variable-delay competition,Overall
competition,overall,482,1910,0.0016331903839293,0.0045548602263161,0.3585599343956596,Variable-delay competition,Overall
competition,overall,483,1913,0.0032306771015413,0.0085535726378426,0.3776991484526807,Variable-delay competition,Overall
competition,overall,484,1915,0.0026483241939178,0.0053898005223438,0.4913584803257531,Variable-delay competition,Overall
competition,overall,485,1916,0.0033470027126739,0.0043541535048624,0.7686919418289255,Variable-delay competition,Overall
competition,overall,486,1918,0.0037707153240289,0.0114964624646176,0.3279891823797054,Variable-delay competition,Overall
competition,overall,487,1919,0.0183794252702556,0.0271522180911244,0.6769032720852932,Variable-delay competition,Overall
competition,overall,488,1926,0.0035757548580874,0.0054907986434757,0.6512267322598324,Variable-delay competition,Overall
competition,overall,489,1932,0.0079200664793018,0.0183375302685926,0.4319047528917678,Variable-delay competition,Overall
competition,overall,490,1935,0.0045127994962828,0.0159653211102135,0.28266262013332294,Variable-delay competition,Overall
competition,overall,491,1952,0.0052721801352118,0.0085122078143444,0.6193669433595539,Variable-delay competition,Overall
competition,overall,492,1953,0.0038763718000229,0.0101416034907115,0.382224744200776,Variable-delay competition,Overall
competition,overall,493,1956,0.0037076888046114,0.0093464501115705,0.3966948692125839,Variable-delay competition,Overall
competition,overall,494,1958,0.005301894600895,0.00770026862265,0.688533720148374,Variable-delay competition,Overall
competition,overall,495,1962,0.0024180333821071,0.0045364641332425,0.5330216025269834,Variable-delay competition,Overall
competition,overall,496,1963,0.0026090626397705,0.0056381314218456,0.46275307270443916,Variable-delay competition,Overall
competition,overall,497,1967,0.003453991713142,0.0098728804822306,0.3498464019045466,Variable-delay competition,Overall
competition,overall,498,1972,0.0049122331243303,0.0072973669598413,0.6731514464550278,Variable-delay competition,Overall
competition,overall,499,1979,0.0063593139981925,0.0112447233987565,0.5655376101910827,Variable-delay competition,Overall
competition,overall,500,1983,0.0031124501931059,0.0042634747013327,0.7300266592723051,Variable-delay competition,Overall
competition,overall,501,1985,0.0022120665122435,0.0033111842553075,0.6680590210882336,Variable-delay competition,Overall
competition,overall,502,2008,0.0037356786100648,0.0106580387768508,0.3505033794940466,Variable-delay competition,Overall
competition,overall,503,2009,0.0027506521288996,0.0044855540759414,0.6132246055516141,Variable-delay competition,Overall
competition,overall,504,2010,0.0030064275609251,0.0064456119646008,0.4664301198142788,Variable-delay competition,Overall
competition,overall,505,2015,0.0037458101267136,0.0122736643532858,0.3051908557130132,Variable-delay competition,Overall
competition,overall,506,2016,0.0074091244179714,0.0224678964064228,0.32976493588662736,Variable-delay competition,Overall
competition,overall,507,2022,0.0045834870756298,0.0093103033873563,0.49230265491179664,Variable-delay competition,Overall
competition,overall,508,2024,0.0023335393714536,0.0033950361905972,0.6873385850544118,Variable-delay competition,Overall
competition,overall,509,2033,0.0027603518690369,0.0081585896867452,0.3383368909361244,Variable-delay competition,Overall
competition,overall,510,2038,0.005312538523491,0.0123157502282711,0.43136134015579014,Variable-delay competition,Overall
competition,overall,511,2045,0.003380991471851,0.0056609834792736,0.5972445396157274,Variable-delay competition,Overall
competition,r1,0,0,0.0160492440278412,0.0177203058540259,0.9056979128943731,Variable-delay competition,$r_1$
competition,r1,1,8,0.0066800300369001,0.0140464137373209,0.47556836654693296,Variable-delay competition,$r_1$
competition,r1,2,10,0.0020908320511304,0.0043626800355089,0.4792540443288566,Variable-delay competition,$r_1$
competition,r1,3,11,0.0037055311252339,0.0113764394317615,0.3257197603398258,Variable-delay competition,$r_1$
competition,r1,4,12,0.0103484363237968,0.0184739714114038,0.5601630582479311,Variable-delay competition,$r_1$
competition,r1,5,16,0.0047002406494756,0.0155968268470296,0.30135877608789097,Variable-delay competition,$r_1$
competition,r1,6,28,0.0027378813407025,0.0053057857036742,0.5160180779269969,Variable-delay competition,$r_1$
competition,r1,7,32,0.0031685394059993,0.0049143042489552,0.6447584938748845,Variable-delay competition,$r_1$
competition,r1,8,33,0.005428653218782,0.0069566855649865,0.7803505229709968,Variable-delay competition,$r_1$
competition,r1,9,38,0.0092515318778472,0.0161721304788171,0.5720663637957426,Variable-delay competition,$r_1$
competition,r1,10,43,0.0036112358058189,0.0075060447199125,0.48111035046710954,Variable-delay competition,$r_1$
competition,r1,11,44,0.0023472618359615,0.0097182440035107,0.24153147781775755,Variable-delay competition,$r_1$
competition,r1,12,47,0.0021831813885501,0.0054935667156203,0.3974069127698922,Variable-delay competition,$r_1$
competition,r1,13,57,0.007079418901265,0.0216614619710604,0.32682091867682184,Variable-delay competition,$r_1$
competition,r1,14,58,0.0036195666967128,0.0081822847255877,0.442366260537679,Variable-delay competition,$r_1$
competition,r1,15,59,0.0104020164517614,0.0107356767947381,0.9689204183996822,Variable-delay competition,$r_1$
competition,r1,16,63,0.0084637132385755,0.0091095411308134,0.9291042344544271,Variable-delay competition,$r_1$
competition,r1,17,66,0.0027093089869884,0.0048011764220152,0.5643010689141101,Variable-delay competition,$r_1$
competition,r1,18,72,0.0027699530603164,0.0030637441005456,0.9041071869622267,Variable-delay competition,$r_1$
competition,r1,19,73,0.0039778432135604,0.0060176485039237,0.6610295052904335,Variable-delay competition,$r_1$
competition,r1,20,83,0.006874456381986,0.0143679421445479,0.4784579665498306,Variable-delay competition,$r_1$
competition,r1,21,86,0.0022751255072167,0.0046548061386405,0.48876912151731017,Variable-delay competition,$r_1$
competition,r1,22,87,0.0026289716459096,0.0045754352921911,0.5745839418593611,Variable-delay competition,$r_1$
competition,r1,23,88,0.0030636924256806,0.004670949536266,0.6559035592000302,Variable-delay competition,$r_1$
competition,r1,24,89,0.002992959904256,0.0079157207731445,0.3781032694344339,Variable-delay competition,$r_1$
competition,r1,25,90,0.0058080920208955,0.0216857183830493,0.26783027974002516,Variable-delay competition,$r_1$
competition,r1,26,92,0.0014828121560198,0.005825170456042,0.2545525778532014,Variable-delay competition,$r_1$
competition,r1,27,93,0.0044469478494638,0.0062058898529265,0.716568929654264,Variable-delay competition,$r_1$
competition,r1,28,99,0.0036812943138781,0.0071790086660998,0.5127858852241876,Variable-delay competition,$r_1$
competition,r1,29,105,0.0025288608348579,0.0052056989426734,0.4857869928143015,Variable-delay competition,$r_1$
competition,r1,30,108,0.0054627507889365,0.0139391669375701,0.3918993734276043,Variable-delay competition,$r_1$
competition,r1,31,109,0.0029375357666835,0.0039806844113736,0.7379474138392838,Variable-delay competition,$r_1$
competition,r1,32,111,0.0073973989897819,0.0119957013620786,0.6166708195293125,Variable-delay competition,$r_1$
competition,r1,33,112,0.0037569356473063,0.0167376218922673,0.2244605399433707,Variable-delay competition,$r_1$
competition,r1,34,116,0.0076793138195797,0.007438438788478,1.0323824713695045,Variable-delay competition,$r_1$
competition,r1,35,119,0.0024435255434501,0.0020155040386494,1.2123644987025277,Variable-delay competition,$r_1$
competition,r1,36,126,0.0019855310121509,0.0074203916211155,0.26757765809837636,Variable-delay competition,$r_1$
competition,r1,37,128,0.001620520002626,0.0049124369962421,0.32988107610655565,Variable-delay competition,$r_1$
competition,r1,38,129,0.0077006801936906,0.0059692765496085,1.290052509662273,Variable-delay competition,$r_1$
competition,r1,39,132,0.0017536850750625,0.0035774696036875,0.4902026486136676,Variable-delay competition,$r_1$
competition,r1,40,140,0.0020043482759732,0.0050786711280061,0.3946599859400844,Variable-delay competition,$r_1$
competition,r1,41,142,0.0080741072831857,0.0148281516265069,0.5445120529218472,Variable-delay competition,$r_1$
competition,r1,42,146,0.0027788473134031,0.0039865588934472,0.6970541230359737,Variable-delay competition,$r_1$
competition,r1,43,157,0.0038050181302175,0.0093319361023956,0.4077415542141051,Variable-delay competition,$r_1$
competition,r1,44,158,0.0026422322379255,0.0109831922106337,0.24057051786522912,Variable-delay competition,$r_1$
competition,r1,45,162,0.0026993054579343,0.0039681339533707,0.6802455485761504,Variable-delay competition,$r_1$
competition,r1,46,167,0.0078728980089997,0.0124553022370271,0.6320920889093452,Variable-delay competition,$r_1$
competition,r1,47,169,0.0064090289876277,0.0230443749152568,0.27811685112727996,Variable-delay competition,$r_1$
competition,r1,48,171,0.0041937220018362,0.0100603862422583,0.41685496966514246,Variable-delay competition,$r_1$
competition,r1,49,175,0.0022736041628228,0.0051169249823153,0.44433017303959815,Variable-delay competition,$r_1$
competition,r1,50,183,0.0034075650529632,0.0025148409079294,1.3549823538415502,Variable-delay competition,$r_1$
competition,r1,51,185,0.0021039743398077,0.0030525823898909,0.6892440796275762,Variable-delay competition,$r_1$
competition,r1,52,188,0.002805644473675,0.0084639927135334,0.33148001996610277,Variable-delay competition,$r_1$
competition,r1,53,189,0.0029021964494972,0.0068735880044144,0.42222438232162485,Variable-delay competition,$r_1$
competition,r1,54,191,0.0029602422545777,0.0108765775974073,0.2721667020776229,Variable-delay competition,$r_1$
competition,r1,55,193,0.002793890215118,0.0038270703705092,0.7300336666519845,Variable-delay competition,$r_1$
competition,r1,56,194,0.0033686407368879,0.0048321042254797,0.6971374332376871,Variable-delay competition,$r_1$
competition,r1,57,196,0.0020762949399994,0.0087819284997692,0.23642813079769073,Variable-delay competition,$r_1$
competition,r1,58,199,0.002897688759949,0.005827283840393,0.4972623334156271,Variable-delay competition,$r_1$
competition,r1,59,206,0.0028423803713075,0.0123893325728883,0.2294215894670153,Variable-delay competition,$r_1$
competition,r1,60,207,0.0089430530305059,0.0177913352652656,0.5026633975003333,Variable-delay competition,$r_1$
competition,r1,61,211,0.009554506044805,0.0079965316196712,1.1948312717605263,Variable-delay competition,$r_1$
competition,r1,62,214,0.0023478775830393,0.0038467346527221,0.6103560019087487,Variable-delay competition,$r_1$
competition,r1,63,215,0.0067934932834774,0.0161561101428348,0.42049065173588823,Variable-delay competition,$r_1$
competition,r1,64,216,0.0021286903255625,0.002044783397899,1.0410346287776564,Variable-delay competition,$r_1$
competition,r1,65,217,0.0034401021617473,0.0064351901521427,0.5345766139640586,Variable-delay competition,$r_1$
competition,r1,66,218,0.0034557845411339,0.0048690915237683,0.7097390805378393,Variable-delay competition,$r_1$
competition,r1,67,219,0.0039910229104531,0.0081013251163406,0.49263828486565675,Variable-delay competition,$r_1$
competition,r1,68,227,0.0019664851796271,0.0098976115307915,0.19868280074534736,Variable-delay competition,$r_1$
competition,r1,69,231,0.0021645768447363,0.0051223551626259,0.42257453378665405,Variable-delay competition,$r_1$
competition,r1,70,239,0.0015767879117791,0.0043857157266294,0.3595280702315208,Variable-delay competition,$r_1$
competition,r1,71,240,0.0036219159339765,0.0046352132228767,0.7813914397941486,Variable-delay competition,$r_1$
competition,r1,72,244,0.0025235122856923,0.0069354766398689,0.363855639161954,Variable-delay competition,$r_1$
competition,r1,73,245,0.0051666102385174,0.0132198686506423,0.39082160156457946,Variable-delay competition,$r_1$
competition,r1,74,246,0.0041351820970432,0.0108350285206889,0.38164939659801483,Variable-delay competition,$r_1$
competition,r1,75,248,0.0024590096940186,0.0037241414458453,0.6602890168851945,Variable-delay competition,$r_1$
competition,r1,76,251,0.0026211935883632,0.0101489743267527,0.2582717724936729,Variable-delay competition,$r_1$
competition,r1,77,255,0.0028732308704845,0.0033514471924566,0.8573105006552202,Variable-delay competition,$r_1$
competition,r1,78,264,0.0020411017422697,0.0029586692940462,0.6898715400119431,Variable-delay competition,$r_1$
competition,r1,79,268,0.0083242228758858,0.0239883043620189,0.347011724974846,Variable-delay competition,$r_1$
competition,r1,80,269,0.0022628144382007,0.0042837522022553,0.5282318704171026,Variable-delay competition,$r_1$
competition,r1,81,273,0.0051505945222999,0.0139449329083476,0.3693524060783895,Variable-delay competition,$r_1$
competition,r1,82,282,0.0031472919730524,0.0038054291004616,0.8270531101658503,Variable-delay competition,$r_1$
competition,r1,83,283,0.0049510220430224,0.0097320372920237,0.5087343887471761,Variable-delay competition,$r_1$
competition,r1,84,285,0.0025517116044383,0.0030138646265339,0.8466576706774319,Variable-delay competition,$r_1$
competition,r1,85,286,0.0018913808990564,0.0043492774925854,0.43487243623355953,Variable-delay competition,$r_1$
competition,r1,86,287,0.002185988925875,0.0026577155236713,0.8225067379880188,Variable-delay competition,$r_1$
competition,r1,87,297,0.0051064089142469,0.0076885500491286,0.6641575955957583,Variable-delay competition,$r_1$
competition,r1,88,302,0.0070665999310117,0.0070281550717667,1.0054701210847552,Variable-delay competition,$r_1$
competition,r1,89,303,0.0029145599241431,0.0052500601102503,0.5551479150596137,Variable-delay competition,$r_1$
competition,r1,90,306,0.0014249469120228,0.004047828163025,0.35202752059462844,Variable-delay competition,$r_1$
competition,r1,91,307,0.0011915555537992,0.0042073175342008,0.2832102745070183,Variable-delay competition,$r_1$
competition,r1,92,315,0.0016842816301552,0.0039051232051783,0.43130051003814596,Variable-delay competition,$r_1$
competition,r1,93,321,0.0017714948468391,0.0029166183079555,0.6073797322080474,Variable-delay competition,$r_1$
competition,r1,94,322,0.004292671042009,0.0175161131290967,0.2450698400022478,Variable-delay competition,$r_1$
competition,r1,95,327,0.0012689103610266,0.0054736239361066,0.23182271486652015,Variable-delay competition,$r_1$
competition,r1,96,328,0.0026550501365889,0.004572355091483,0.5806745284360142,Variable-delay competition,$r_1$
competition,r1,97,329,0.0060712839337903,0.0145997972313102,0.41584714072398504,Variable-delay competition,$r_1$
competition,r1,98,332,0.0019469740323924,0.0039397093954845,0.4941922961688305,Variable-delay competition,$r_1$
competition,r1,99,333,0.0024413425610753,0.0041728890230896,0.5850485233531886,Variable-delay competition,$r_1$
competition,r1,100,335,0.0019352299167689,0.004688266988746,0.4127815078395371,Variable-delay competition,$r_1$
competition,r1,101,337,0.0017305007048321,0.0075822436247054,0.22823069140030922,Variable-delay competition,$r_1$
competition,r1,102,340,0.0020947479889023,0.005180327991002,0.4043658997153818,Variable-delay competition,$r_1$
competition,r1,103,353,0.0036853342888978,0.0135459504881326,0.27206169785770773,Variable-delay competition,$r_1$
competition,r1,104,367,0.0031305598028431,0.0107640322943766,0.29083522951511237,Variable-delay competition,$r_1$
competition,r1,105,375,0.0031659910242151,0.0069281489847812,0.4569750204808978,Variable-delay competition,$r_1$
competition,r1,106,385,0.0030046345781216,0.0050682873532118,0.5928303524892975,Variable-delay competition,$r_1$
competition,r1,107,388,0.0019096554895393,0.0037533310553617,0.5087895155987702,Variable-delay competition,$r_1$
competition,r1,108,407,0.0086541188438357,0.0233187731376689,0.37112239107708145,Variable-delay competition,$r_1$
competition,r1,109,408,0.0051431009984478,0.0091372655132346,0.5628709148265889,Variable-delay competition,$r_1$
competition,r1,110,410,0.0027945801514683,0.0055881074738786,0.5000942026493694,Variable-delay competition,$r_1$
competition,r1,111,411,0.0064506028934434,0.0065135105436183,0.9903419746151275,Variable-delay competition,$r_1$
competition,r1,112,416,0.0029206899359472,0.0089828342556258,0.3251412474985855,Variable-delay competition,$r_1$
competition,r1,113,419,0.0032319301510367,0.014137962416517,0.22859943008908576,Variable-delay competition,$r_1$
competition,r1,114,420,0.0026146502952743,0.0039701060486311,0.6585844970503587,Variable-delay competition,$r_1$
competition,r1,115,427,0.0023176981185111,0.002389785758434,0.9698351035575096,Variable-delay competition,$r_1$
competition,r1,116,429,0.002880839669101,0.01092400496045,0.2637164372893444,Variable-delay competition,$r_1$
competition,r1,117,442,0.0086224184008044,0.0287871899180297,0.29952275388311156,Variable-delay competition,$r_1$
competition,r1,118,446,0.0048555101600976,0.0168813433961722,0.28762581544301585,Variable-delay competition,$r_1$
competition,r1,119,451,0.0034673633504692,0.0133041930997828,0.26062184489233,Variable-delay competition,$r_1$
competition,r1,120,455,0.0050677760198866,0.0056650087804829,0.8945751394677643,Variable-delay competition,$r_1$
competition,r1,121,460,0.0029028479793714,0.004394987496236,0.6604906116018503,Variable-delay competition,$r_1$
competition,r1,122,462,0.0105690446043205,0.0192056673350783,0.550308636504216,Variable-delay competition,$r_1$
competition,r1,123,465,0.0028143345723019,0.0062602740253619,0.4495545340188533,Variable-delay competition,$r_1$
competition,r1,124,474,0.0023373949573045,0.0083090857751913,0.28130591265327093,Variable-delay competition,$r_1$
competition,r1,125,475,0.0015847194572466,0.0090049727498977,0.17598270436349772,Variable-delay competition,$r_1$
competition,r1,126,477,0.0018312164790126,0.0051277659291567,0.35711779833791235,Variable-delay competition,$r_1$
competition,r1,127,482,0.0038655426672098,0.009214091026461,0.41952512256594227,Variable-delay competition,$r_1$
competition,r1,128,484,0.0041711766771885,0.0045912932090672,0.9084971242853702,Variable-delay competition,$r_1$
competition,r1,129,485,0.0035465269756312,0.0038834263686117,0.9132468699024312,Variable-delay competition,$r_1$
competition,r1,130,492,0.0054376303075231,0.0113792863978594,0.4778533659673064,Variable-delay competition,$r_1$
competition,r1,131,503,0.0052711662353948,0.0124047044006719,0.42493283718306807,Variable-delay competition,$r_1$
competition,r1,132,506,0.0014321761719307,0.0023995741403037,0.5968459769071515,Variable-delay competition,$r_1$
competition,r1,133,507,0.0033688778699607,0.0055016737274115,0.6123369063446323,Variable-delay competition,$r_1$
competition,r1,134,508,0.0052768508211059,0.0120677476728943,0.43726890585874445,Variable-delay competition,$r_1$
competition,r1,135,509,0.0028006134628085,0.0044737998670548,0.6260032960866899,Variable-delay competition,$r_1$
competition,r1,136,523,0.0051954396502413,0.0124269104480333,0.41807975296575317,Variable-delay competition,$r_1$
competition,r1,137,524,0.0033432461664691,0.0101889271405391,0.3281254365994227,Variable-delay competition,$r_1$
competition,r1,138,525,0.0022934125951888,0.0046670317508619,0.4914071121897245,Variable-delay competition,$r_1$
competition,r1,139,528,0.0053518874665553,0.0087186037326798,0.6138468533091953,Variable-delay competition,$r_1$
competition,r1,140,529,0.0026075474328973,0.003544274817278,0.7357068984001343,Variable-delay competition,$r_1$
competition,r1,141,530,0.0019671871291261,0.0068220959069871,0.2883552438937912,Variable-delay competition,$r_1$
competition,r1,142,533,0.008082239125279,0.0161278963773025,0.501134117940731,Variable-delay competition,$r_1$
competition,r1,143,549,0.0009458616255646,0.0028103028839715,0.3365692826062631,Variable-delay competition,$r_1$
competition,r1,144,557,0.0019725595127873,0.0048988653504876,0.4026564054451843,Variable-delay competition,$r_1$
competition,r1,145,559,0.0046613838413131,0.0097170655216338,0.47971106410007486,Variable-delay competition,$r_1$
competition,r1,146,563,0.0031445402909229,0.0040916521995628,0.7685258026718155,Variable-delay competition,$r_1$
competition,r1,147,565,0.0030136590301988,0.0037082367751668,0.8126932590660269,Variable-delay competition,$r_1$
competition,r1,148,566,0.0031513108194485,0.0052776784369078,0.5971017099887689,Variable-delay competition,$r_1$
competition,r1,149,568,0.0023017020851676,0.0051507469590519,0.4468676297760268,Variable-delay competition,$r_1$
competition,r1,150,574,0.0028202947834157,0.0060595422135837,0.46543033846573983,Variable-delay competition,$r_1$
competition,r1,151,579,0.0132114217516106,0.0154471647525659,0.8552651546890555,Variable-delay competition,$r_1$
competition,r1,152,589,0.0019801538942236,0.0049867304814129,0.39708460314914773,Variable-delay competition,$r_1$
competition,r1,153,594,0.0230539964940205,0.0309546246384,0.7447674382528752,Variable-delay competition,$r_1$
competition,r1,154,597,0.002773213456508,0.0052236245470477,0.5308983123749526,Variable-delay competition,$r_1$
competition,r1,155,599,0.0020287094462276,0.0049395014817455,0.4107113751711445,Variable-delay competition,$r_1$
competition,r1,156,605,0.018415070726295,0.0346636648475976,0.5312499646895033,Variable-delay competition,$r_1$
competition,r1,157,606,0.0053294683234627,0.0173813148876791,0.3066205495903271,Variable-delay competition,$r_1$
competition,r1,158,610,0.0034179821953875,0.010646828360342,0.321032901039245,Variable-delay competition,$r_1$
competition,r1,159,614,0.0022661831508416,0.0044376969423136,0.5106664966761164,Variable-delay competition,$r_1$
competition,r1,160,615,0.0042799941194,0.0051668403644145,0.8283581100893957,Variable-delay competition,$r_1$
competition,r1,161,616,0.0022575122127714,0.0037235710656315,0.6062761185379811,Variable-delay competition,$r_1$
competition,r1,162,618,0.0023813260036948,0.0050074799303954,0.475553778905863,Variable-delay competition,$r_1$
competition,r1,163,621,0.0021274857177862,0.0058646607180168,0.36276364824487795,Variable-delay competition,$r_1$
competition,r1,164,623,0.0048613440327942,0.0091459358839511,0.5315305174317567,Variable-delay competition,$r_1$
competition,r1,165,632,0.0029914929170649,0.008636278793055,0.34638679328770117,Variable-delay competition,$r_1$
competition,r1,166,637,0.0054670683040345,0.0236421536892741,0.23124239762110943,Variable-delay competition,$r_1$
competition,r1,167,641,0.0027284829845512,0.0032149434539088,0.8486877059171444,Variable-delay competition,$r_1$
competition,r1,168,646,0.0030530541551001,0.0033174424570432,0.9203035756108497,Variable-delay competition,$r_1$
competition,r1,169,653,0.002652567901469,0.0053131321102543,0.4992474959072759,Variable-delay competition,$r_1$
competition,r1,170,660,0.0031575527190704,0.011005356248285,0.28691054136138955,Variable-delay competition,$r_1$
competition,r1,171,664,0.004172709184017,0.0113303384116145,0.3682775423318019,Variable-delay competition,$r_1$
competition,r1,172,667,0.0028978756911133,0.0041231204723733,0.7028355612042693,Variable-delay competition,$r_1$
competition,r1,173,673,0.002632919012199,0.0049173302736327,0.5354366832581939,Variable-delay competition,$r_1$
competition,r1,174,687,0.0014845855873431,0.0042185635268966,0.3519173239605663,Variable-delay competition,$r_1$
competition,r1,175,697,0.0027832274601919,0.0044051712571413,0.6318091392428754,Variable-delay competition,$r_1$
competition,r1,176,703,0.0026622264931389,0.0043880803391451,0.60669502091604,Variable-delay competition,$r_1$
competition,r1,177,708,0.004305853756076,0.0101815507483056,0.42290745904228527,Variable-delay competition,$r_1$
competition,r1,178,710,0.0020647037793273,0.0058294992884293,0.35418201069608735,Variable-delay competition,$r_1$
competition,r1,179,711,0.0033535060778651,0.0047586061544786,0.7047244443015989,Variable-delay competition,$r_1$
competition,r1,180,718,0.0028642900281942,0.0039318797748668,0.7284785375441021,Variable-delay competition,$r_1$
competition,r1,181,722,0.0019076861630677,0.0081154768158141,0.23506766224139983,Variable-delay competition,$r_1$
competition,r1,182,724,0.0039636072876294,0.0048656350183747,0.8146125372456297,Variable-delay competition,$r_1$
competition,r1,183,733,0.0027916439987406,0.0121047466526251,0.23062390968217328,Variable-delay competition,$r_1$
competition,r1,184,737,0.0027938071694694,0.0026949881693175,1.0366676934900705,Variable-delay competition,$r_1$
competition,r1,185,748,0.006871138452875,0.0072922815055622,0.9422481081721856,Variable-delay competition,$r_1$
competition,r1,186,749,0.0069476930122087,0.0099681656718776,0.6969881160592745,Variable-delay competition,$r_1$
competition,r1,187,752,0.0042252407708046,0.0062134157831068,0.6800189973270897,Variable-delay competition,$r_1$
competition,r1,188,753,0.0022980451839773,0.0078367538694839,0.29323942313995893,Variable-delay competition,$r_1$
competition,r1,189,754,0.0032359954182538,0.0059296739332663,0.545729066163219,Variable-delay competition,$r_1$
competition,r1,190,759,0.0027946888740649,0.0039748762473282,0.7030882724822971,Variable-delay competition,$r_1$
competition,r1,191,760,0.0040013161581667,0.0085341332315329,0.46886028722661316,Variable-delay competition,$r_1$
competition,r1,192,761,0.0038443953323853,0.0100126532397325,0.38395370740792856,Variable-delay competition,$r_1$
competition,r1,193,762,0.0045571480948797,0.0098444408892389,0.46291588787547944,Variable-delay competition,$r_1$
competition,r1,194,769,0.0022280043666002,0.0043885017568574,0.5076913466238807,Variable-delay competition,$r_1$
competition,r1,195,774,0.0080020549497581,0.0145865416688486,0.5485916491670879,Variable-delay competition,$r_1$
competition,r1,196,776,0.0021256243773091,0.0047150148568505,0.45082029258524087,Variable-delay competition,$r_1$
competition,r1,197,777,0.0026572058300899,0.0042477420465201,0.625557249237104,Variable-delay competition,$r_1$
competition,r1,198,778,0.0024414931962621,0.0034825395141658,0.7010669042895067,Variable-delay competition,$r_1$
competition,r1,199,779,0.007661144331965,0.0091113473020895,0.8408355074126166,Variable-delay competition,$r_1$
competition,r1,200,780,0.006589901820902,0.018744192146627,0.3515703301242485,Variable-delay competition,$r_1$
competition,r1,201,781,0.0016849020640428,0.0044602275385705,0.3777614593588223,Variable-delay competition,$r_1$
competition,r1,202,783,0.0039539336239439,0.0090594095472781,0.4364449585052548,Variable-delay competition,$r_1$
competition,r1,203,790,0.0033099493277951,0.006800234913584,0.4867404390961874,Variable-delay competition,$r_1$
competition,r1,204,797,0.0040161249700508,0.0086212177755116,0.4658419581347921,Variable-delay competition,$r_1$
competition,r1,205,803,0.0022217121992266,0.0021806846337267,1.0188140755730395,Variable-delay competition,$r_1$
competition,r1,206,805,0.0044754054708627,0.0104832603654321,0.42690969363119813,Variable-delay competition,$r_1$
competition,r1,207,808,0.0029584159069688,0.0073596233686099,0.4019792533931789,Variable-delay competition,$r_1$
competition,r1,208,809,0.0025414978991434,0.0019437441015897,1.3075270026876606,Variable-delay competition,$r_1$
competition,r1,209,810,0.0060596927982474,0.0120263796509864,0.5038667474421852,Variable-delay competition,$r_1$
competition,r1,210,811,0.0022624520605944,0.0047098756021713,0.48036344304961826,Variable-delay competition,$r_1$
competition,r1,211,813,0.004967283539511,0.0170208469483475,0.29183527438940154,Variable-delay competition,$r_1$
competition,r1,212,815,0.0025304936433065,0.0053836567201224,0.470032502972992,Variable-delay competition,$r_1$
competition,r1,213,816,0.0013011368678356,0.00501288746889,0.2595583635001705,Variable-delay competition,$r_1$
competition,r1,214,831,0.0030747212522139,0.0051134747920898,0.6012978213895346,Variable-delay competition,$r_1$
competition,r1,215,836,0.0065324855428633,0.0119139459504251,0.5483057897060726,Variable-delay competition,$r_1$
competition,r1,216,838,0.0019404901751807,0.0032880208638521,0.5901696660486841,Variable-delay competition,$r_1$
competition,r1,217,841,0.0045340558271998,0.0133832499716491,0.3387858582037012,Variable-delay competition,$r_1$
competition,r1,218,843,0.0015711141044437,0.0023985989678286,0.655013249616294,Variable-delay competition,$r_1$
competition,r1,219,845,0.0019487786740905,0.0059879140841641,0.3254520099485605,Variable-delay competition,$r_1$
competition,r1,220,846,0.0077905301764782,0.0219907158475028,0.35426451010065085,Variable-delay competition,$r_1$
competition,r1,221,854,0.0020282849591286,0.0045929445707643,0.4416088476310695,Variable-delay competition,$r_1$
competition,r1,222,859,0.002337518906979,0.005203157645528,0.4492500643312328,Variable-delay competition,$r_1$
competition,r1,223,861,0.0092452293599326,0.0262311389833112,0.3524524560605092,Variable-delay competition,$r_1$
competition,r1,224,862,0.0023509740637963,0.0044034828131118,0.533889687679953,Variable-delay competition,$r_1$
competition,r1,225,867,0.004365501726992,0.0057210020116507,0.7630659311256575,Variable-delay competition,$r_1$
competition,r1,226,869,0.0084425133426358,0.0173761499568664,0.4858678915405905,Variable-delay competition,$r_1$
competition,r1,227,880,0.0032930325272407,0.0059634664692484,0.552201063629982,Variable-delay competition,$r_1$
competition,r1,228,886,0.0020146477943838,0.0040690171383812,0.49511902404650443,Variable-delay competition,$r_1$
competition,r1,229,887,0.0013502257058211,0.0053453348695481,0.252598899558794,Variable-delay competition,$r_1$
competition,r1,230,889,0.005211601659618,0.015735214383523,0.33120626974585654,Variable-delay competition,$r_1$
competition,r1,231,891,0.0014234941906592,0.005275969450747,0.26980713287823416,Variable-delay competition,$r_1$
competition,r1,232,893,0.0039637275593217,0.0041589180667458,0.9530669986060031,Variable-delay competition,$r_1$
competition,r1,233,895,0.0088949501492182,0.0224901177502619,0.3955048278533187,Variable-delay competition,$r_1$
competition,r1,234,906,0.0041757933109847,0.0092484083420462,0.45151480736422706,Variable-delay competition,$r_1$
competition,r1,235,908,0.0037377698400102,0.0052631830262229,0.7101728785389768,Variable-delay competition,$r_1$
competition,r1,236,912,0.0032775180294016,0.0122087974315648,0.268455435334512,Variable-delay competition,$r_1$
competition,r1,237,913,0.0032044487625128,0.0111761365568402,0.2867224059240365,Variable-delay competition,$r_1$
competition,r1,238,916,0.0019472181227101,0.0034184678247665,0.5696172152338762,Variable-delay competition,$r_1$
competition,r1,239,919,0.0063494853534421,0.0060481138839125,1.0498290004642974,Variable-delay competition,$r_1$
competition,r1,240,929,0.0015946687482246,0.0035199853438444,0.4530327806657742,Variable-delay competition,$r_1$
competition,r1,241,934,0.0059357530794269,0.0151518109522566,0.391752055125983,Variable-delay competition,$r_1$
competition,r1,242,942,0.0071750895466594,0.0225074289305182,0.31878761313917003,Variable-delay competition,$r_1$
competition,r1,243,944,0.0033570672180872,0.0038407838236429,0.8740578413765279,Variable-delay competition,$r_1$
competition,r1,244,947,0.0038496830961793,0.0043450830148033,0.8859860865865583,Variable-delay competition,$r_1$
competition,r1,245,950,0.0070049101797173,0.0189552552557962,0.36954976787111926,Variable-delay competition,$r_1$
competition,r1,246,956,0.0104905328279878,0.0162930132806305,0.6438669537242188,Variable-delay competition,$r_1$
competition,r1,247,960,0.0038181629269538,0.0100520466545052,0.3798393559228605,Variable-delay competition,$r_1$
competition,r1,248,965,0.004834098369321,0.0078180983879229,0.6183215060056716,Variable-delay competition,$r_1$
competition,r1,249,967,0.0069994395517866,0.0066481743639466,1.0528363380095638,Variable-delay competition,$r_1$
competition,r1,250,970,0.0024501755330773,0.0027839762716909,0.8800992874803276,Variable-delay competition,$r_1$
competition,r1,251,972,0.0045282457270851,0.0052619251298735,0.8605682550245564,Variable-delay competition,$r_1$
competition,r1,252,976,0.0038771688871814,0.0085165550761903,0.45525084409079747,Variable-delay competition,$r_1$
competition,r1,253,981,0.0047615901724782,0.0062802224011882,0.7581881449894705,Variable-delay competition,$r_1$
competition,r1,254,982,0.0038003046823391,0.0044055966757322,0.8626083961050517,Variable-delay competition,$r_1$
competition,r1,255,990,0.0028010832201231,0.0098470499339861,0.2844591262257586,Variable-delay competition,$r_1$
competition,r1,256,991,0.0071901917506407,0.0161906692771323,0.4440947824680803,Variable-delay competition,$r_1$
competition,r1,257,996,0.002517842147293,0.0066751199149468,0.37719803979177907,Variable-delay competition,$r_1$
competition,r1,258,1007,0.0023228605422053,0.0049528772351497,0.4689921497993867,Variable-delay competition,$r_1$
competition,r1,259,1013,0.0028880743132748,0.0052250650714924,0.5527346116763094,Variable-delay competition,$r_1$
competition,r1,260,1018,0.0023484442748945,0.006447498928579,0.3642411268166099,Variable-delay competition,$r_1$
competition,r1,261,1019,0.0041504417358051,0.0130694478736822,0.31756825352682255,Variable-delay competition,$r_1$
competition,r1,262,1023,0.0097280571801518,0.0261660145740686,0.3717821509505934,Variable-delay competition,$r_1$
competition,r1,263,1024,0.001031342157655,0.003202042561808,0.322088834781966,Variable-delay competition,$r_1$
competition,r1,264,1025,0.0025994265292274,0.0039451539520559,0.658891024486582,Variable-delay competition,$r_1$
competition,r1,265,1032,0.0031032825122459,0.0061441212304395,0.5050815887016469,Variable-delay competition,$r_1$
competition,r1,266,1033,0.0062803740267322,0.0256632082847045,0.24472287163235779,Variable-delay competition,$r_1$
competition,r1,267,1037,0.0035137574498463,0.0100584569158667,0.3493336482163112,Variable-delay competition,$r_1$
competition,r1,268,1039,0.0025648051519283,0.0109219562994637,0.23483019722888285,Variable-delay competition,$r_1$
competition,r1,269,1041,0.00253506763243,0.004521340205785,0.560689423279056,Variable-delay competition,$r_1$
competition,r1,270,1043,0.0058220755306971,0.0195562319700442,0.29770947387079605,Variable-delay competition,$r_1$
competition,r1,271,1044,0.0029984776504008,0.0042225765094363,0.7101061742043099,Variable-delay competition,$r_1$
competition,r1,272,1049,0.0045557777480014,0.0048393436626429,0.9414040550931576,Variable-delay competition,$r_1$
competition,r1,273,1050,0.001096242809842,0.0062787847771371,0.17459474225549856,Variable-delay competition,$r_1$
competition,r1,274,1061,0.0046178984614797,0.0034221123554846,1.3494292360327156,Variable-delay competition,$r_1$
competition,r1,275,1062,0.0026876443555703,0.004299859709804,0.6250539638403251,Variable-delay competition,$r_1$
competition,r1,276,1064,0.0021402124711843,0.003525861715313,0.607004086941143,Variable-delay competition,$r_1$
competition,r1,277,1065,0.0060472235212788,0.016133342252228,0.3748276969977305,Variable-delay competition,$r_1$
competition,r1,278,1066,0.0024544236505588,0.0074065047717648,0.33138757432731214,Variable-delay competition,$r_1$
competition,r1,279,1077,0.0040774668944007,0.0152385395446776,0.2675759630669362,Variable-delay competition,$r_1$
competition,r1,280,1083,0.0046495865356995,0.0040592901537518,1.1454186223672922,Variable-delay competition,$r_1$
competition,r1,281,1085,0.0028913364963232,0.0029886699824875,0.9674325078598045,Variable-delay competition,$r_1$
competition,r1,282,1086,0.0029297690006482,0.0059095226932396,0.4957708350963453,Variable-delay competition,$r_1$
competition,r1,283,1087,0.0027215878883569,0.0078164024908019,0.34818932258920654,Variable-delay competition,$r_1$
competition,r1,284,1088,0.0023606054380846,0.0051362253812465,0.4595992704494033,Variable-delay competition,$r_1$
competition,r1,285,1094,0.0027834912962398,0.0103557386342287,0.26878732599908994,Variable-delay competition,$r_1$
competition,r1,286,1097,0.0024457207361401,0.0035010547421383,0.6985668366460202,Variable-delay competition,$r_1$
competition,r1,287,1102,0.0023807305240734,0.0045806452168527,0.5197369390919928,Variable-delay competition,$r_1$
competition,r1,288,1103,0.003203963011737,0.0051647701312571,0.62034958581151,Variable-delay competition,$r_1$
competition,r1,289,1108,0.0030720212899364,0.0067388904524255,0.4558645539089748,Variable-delay competition,$r_1$
competition,r1,290,1109,0.002010981415765,0.0086192158942886,0.23331373067213088,Variable-delay competition,$r_1$
competition,r1,291,1111,0.0033226069045718,0.0100233626368841,0.33148625116537517,Variable-delay competition,$r_1$
competition,r1,292,1112,0.0036217662811866,0.0040156692680936,0.9019085087418064,Variable-delay competition,$r_1$
competition,r1,293,1125,0.0045479373279629,0.0069553946052321,0.6538719348204596,Variable-delay competition,$r_1$
competition,r1,294,1126,0.0022447874954017,0.0039254730815123,0.5718514555542153,Variable-delay competition,$r_1$
competition,r1,295,1129,0.0028388467114992,0.0081128384610284,0.3499202806928985,Variable-delay competition,$r_1$
competition,r1,296,1132,0.0019723689868836,0.005844478505388,0.3374756165268264,Variable-delay competition,$r_1$
competition,r1,297,1134,0.0014841619836901,0.0039999563609018,0.37104454393484737,Variable-delay competition,$r_1$
competition,r1,298,1148,0.002752188540253,0.0033519197011772,0.8210783030650843,Variable-delay competition,$r_1$
competition,r1,299,1157,0.0083882863216398,0.0129008358822255,0.6502126217415883,Variable-delay competition,$r_1$
competition,r1,300,1161,0.0019210719414305,0.0029139854899267,0.6592592681299947,Variable-delay competition,$r_1$
competition,r1,301,1162,0.0093462953863233,0.0154508410723167,0.6049052826689852,Variable-delay competition,$r_1$
competition,r1,302,1163,0.0106278078280877,0.0182172442788167,0.5833927275403494,Variable-delay competition,$r_1$
competition,r1,303,1164,0.0026572248629743,0.0061503823049576,0.43204222619338756,Variable-delay competition,$r_1$
competition,r1,304,1165,0.0036381165146913,0.0060730542273252,0.5990587896155939,Variable-delay competition,$r_1$
competition,r1,305,1167,0.0024080319709875,0.0026228530735954,0.9180964024365179,Variable-delay competition,$r_1$
competition,r1,306,1168,0.0045018725118757,0.0065721272040671,0.68499473185634,Variable-delay competition,$r_1$
competition,r1,307,1169,0.0043507763761826,0.0056337788098428,0.7722660975935617,Variable-delay competition,$r_1$
competition,r1,308,1174,0.0026858701726295,0.0036188349074403,0.7421919599336707,Variable-delay competition,$r_1$
competition,r1,309,1180,0.0021327200178786,0.0036538872137074,0.5836852352414691,Variable-delay competition,$r_1$
competition,r1,310,1182,0.0051957252195114,0.0182223549185864,0.28512918570211115,Variable-delay competition,$r_1$
competition,r1,311,1185,0.0031641146078562,0.0063904598847323,0.4951309709987713,Variable-delay competition,$r_1$
competition,r1,312,1191,0.0110623191367963,0.0148680545070398,0.7440327267806597,Variable-delay competition,$r_1$
competition,r1,313,1193,0.0025339300808602,0.0041901481546295,0.6047351996517303,Variable-delay competition,$r_1$
competition,r1,314,1194,0.0021821728121903,0.0062875583694842,0.3470620364784486,Variable-delay competition,$r_1$
competition,r1,315,1200,0.0015510907154712,0.0049161879412728,0.3155067979499626,Variable-delay competition,$r_1$
competition,r1,316,1203,0.0029726245964579,0.0126641328023694,0.23472784460233517,Variable-delay competition,$r_1$
competition,r1,317,1206,0.0078663683254581,0.0177143664829941,0.44406715492816873,Variable-delay competition,$r_1$
competition,r1,318,1208,0.0028448521060258,0.0049876936449768,0.5703742668499505,Variable-delay competition,$r_1$
competition,r1,319,1214,0.0040512164765826,0.0056178878566624,0.7211280431271258,Variable-delay competition,$r_1$
competition,r1,320,1215,0.0020175167828763,0.0042480959090579,0.4749226067552991,Variable-delay competition,$r_1$
competition,r1,321,1216,0.0024998047895666,0.005294693945916,0.4721339543137891,Variable-delay competition,$r_1$
competition,r1,322,1217,0.0046089863837482,0.0156749034579791,0.29403603002110085,Variable-delay competition,$r_1$
competition,r1,323,1220,0.0040515600868349,0.0048976212953484,0.8272505860514243,Variable-delay competition,$r_1$
competition,r1,324,1235,0.001600003135277,0.0062196238447427,0.25725078802465595,Variable-delay competition,$r_1$
competition,r1,325,1240,0.005428652130988,0.0049630596376998,1.0938115854485249,Variable-delay competition,$r_1$
competition,r1,326,1243,0.004577457020933,0.0078085201015646,0.586213131476195,Variable-delay competition,$r_1$
competition,r1,327,1245,0.0041379020515081,0.0072528810702453,0.5705183928196069,Variable-delay competition,$r_1$
competition,r1,328,1250,0.0140086554647766,0.0284661482487895,0.4921162969553602,Variable-delay competition,$r_1$
competition,r1,329,1251,0.005896602021739,0.0089426523012648,0.6593795468157715,Variable-delay competition,$r_1$
competition,r1,330,1254,0.0045902415594834,0.0073400813265302,0.6253665804617586,Variable-delay competition,$r_1$
competition,r1,331,1256,0.002328208660298,0.0050536817298173,0.46069554530141904,Variable-delay competition,$r_1$
competition,r1,332,1260,0.0027136721356796,0.0042430141915825,0.6395623519391277,Variable-delay competition,$r_1$
competition,r1,333,1262,0.0024558312819819,0.0052543805266026,0.467387405527289,Variable-delay competition,$r_1$
competition,r1,334,1266,0.0074563838991655,0.0149650110378375,0.49825448710413883,Variable-delay competition,$r_1$
competition,r1,335,1267,0.0033591822112677,0.0067292548280864,0.49919081638092033,Variable-delay competition,$r_1$
competition,r1,336,1274,0.0019464084888857,0.0039387283693121,0.4941718002314643,Variable-delay competition,$r_1$
competition,r1,337,1275,0.0056332322869374,0.0191464514844505,0.29421808482435213,Variable-delay competition,$r_1$
competition,r1,338,1277,0.0024782963903072,0.0044678890949451,0.5546906688241448,Variable-delay competition,$r_1$
competition,r1,339,1278,0.0074453435244154,0.0117432051381041,0.6340128982552564,Variable-delay competition,$r_1$
competition,r1,340,1284,0.0042086742276344,0.0068337894620905,0.6158624363512275,Variable-delay competition,$r_1$
competition,r1,341,1285,0.0032276756569482,0.0081106980060026,0.3979528832856861,Variable-delay competition,$r_1$
competition,r1,342,1286,0.00463937973322,0.0084314918966634,0.5502442260611013,Variable-delay competition,$r_1$
competition,r1,343,1287,0.0080027815218621,0.0136433697297624,0.5865692772661866,Variable-delay competition,$r_1$
competition,r1,344,1291,0.0070011415895149,0.0045327002147822,1.544585182731153,Variable-delay competition,$r_1$
competition,r1,345,1292,0.0067312144399583,0.0215402053049305,0.31249537061828936,Variable-delay competition,$r_1$
competition,r1,346,1293,0.0041561295957559,0.0139779671700417,0.29733433661681014,Variable-delay competition,$r_1$
competition,r1,347,1294,0.0023656512439436,0.0042192084570042,0.5606860310531572,Variable-delay competition,$r_1$
competition,r1,348,1298,0.0050645681168167,0.015004359437844,0.3375397755430228,Variable-delay competition,$r_1$
competition,r1,349,1299,0.0026336100985375,0.0044100292376957,0.5971865392696573,Variable-delay competition,$r_1$
competition,r1,350,1306,0.0030347607142851,0.0031188910025151,0.9730255760261719,Variable-delay competition,$r_1$
competition,r1,351,1307,0.0014740680096427,0.0043657055971553,0.33764714015603914,Variable-delay competition,$r_1$
competition,r1,352,1314,0.0069691839547118,0.0155810945985562,0.44728461858883717,Variable-delay competition,$r_1$
competition,r1,353,1319,0.002872841449257,0.0037873779605793,0.75853043428958,Variable-delay competition,$r_1$
competition,r1,354,1326,0.0023124754553611,0.0043049628969986,0.5371650141220373,Variable-delay competition,$r_1$
competition,r1,355,1327,0.0046365182031654,0.012414406156073,0.37347885552280435,Variable-delay competition,$r_1$
competition,r1,356,1331,0.0026188186963498,0.0076981732904224,0.34018702847440124,Variable-delay competition,$r_1$
competition,r1,357,1340,0.0032927475138547,0.0095619439209183,0.34435963451440893,Variable-delay competition,$r_1$
competition,r1,358,1343,0.0017343277763897,0.0053790364725324,0.3224235019126381,Variable-delay competition,$r_1$
competition,r1,359,1344,0.0028468055479883,0.0036533584097746,0.7792297466275526,Variable-delay competition,$r_1$
competition,r1,360,1346,0.0077206265783679,0.0145304236648307,0.5313421519191373,Variable-delay competition,$r_1$
competition,r1,361,1350,0.0033231381666053,0.0048547615996073,0.6845110925475943,Variable-delay competition,$r_1$
competition,r1,362,1367,0.0055396661042098,0.0065735356495581,0.8427224555452436,Variable-delay competition,$r_1$
competition,r1,363,1368,0.0020737484802717,0.0044043053959593,0.47084575065440426,Variable-delay competition,$r_1$
competition,r1,364,1369,0.0039683684686599,0.0066822291149741,0.5938689620455017,Variable-delay competition,$r_1$
competition,r1,365,1373,0.0067528664622256,0.0091478724306452,0.7381898374100218,Variable-delay competition,$r_1$
competition,r1,366,1379,0.0044144619737197,0.0055690917039146,0.7926718051018458,Variable-delay competition,$r_1$
competition,r1,367,1382,0.004919790679745,0.0110577163198287,0.4449192344465222,Variable-delay competition,$r_1$
competition,r1,368,1385,0.0021907205476523,0.0034687883948729,0.6315520862818645,Variable-delay competition,$r_1$
competition,r1,369,1387,0.0064787116209185,0.0052080593813049,1.2439780629565773,Variable-delay competition,$r_1$
competition,r1,370,1392,0.0076829588352393,0.0246242069348445,0.31200837678014814,Variable-delay competition,$r_1$
competition,r1,371,1395,0.0049573247501586,0.0092580109405634,0.535463263327805,Variable-delay competition,$r_1$
competition,r1,372,1398,0.0022586767700081,0.0061717181756487,0.365972117605758,Variable-delay competition,$r_1$
competition,r1,373,1402,0.0084274668971019,0.0078107178642952,1.0789618884617531,Variable-delay competition,$r_1$
competition,r1,374,1403,0.0016794036201604,0.0045315841648576,0.3705996753153482,Variable-delay competition,$r_1$
competition,r1,375,1404,0.0048312293089453,0.013135120995191,0.3678100346935593,Variable-delay competition,$r_1$
competition,r1,376,1411,0.0018637875875745,0.0093582696808323,0.1991594227501189,Variable-delay competition,$r_1$
competition,r1,377,1412,0.003222976757588,0.0105489487948239,0.305525869949187,Variable-delay competition,$r_1$
competition,r1,378,1416,0.0049129812851055,0.0174220040752943,0.2819986302306331,Variable-delay competition,$r_1$
competition,r1,379,1423,0.0017166189747725,0.0025706329788482,0.6677806551527435,Variable-delay competition,$r_1$
competition,r1,380,1427,0.001939290987529,0.0041469740208382,0.46764001360611945,Variable-delay competition,$r_1$
competition,r1,381,1432,0.010061806303188,0.0117013120364951,0.8598870170974278,Variable-delay competition,$r_1$
competition,r1,382,1433,0.0030691886192536,0.0057671292737284,0.5321865478609942,Variable-delay competition,$r_1$
competition,r1,383,1437,0.0022387833662617,0.0059303767576044,0.3775111527932782,Variable-delay competition,$r_1$
competition,r1,384,1442,0.0080348644356367,0.0169167257909816,0.4749656957802159,Variable-delay competition,$r_1$
competition,r1,385,1445,0.0051834652475859,0.0133312083313102,0.3888218621122145,Variable-delay competition,$r_1$
competition,r1,386,1448,0.0107032891580493,0.0190155436367126,0.5628705317361982,Variable-delay competition,$r_1$
competition,r1,387,1452,0.0018614584310182,0.0025207051409878,0.7384673442165243,Variable-delay competition,$r_1$
competition,r1,388,1453,0.0058443347510202,0.01875395270211,0.3116321579696986,Variable-delay competition,$r_1$
competition,r1,389,1470,0.0028050221870248,0.004633331898429,0.6054006595072295,Variable-delay competition,$r_1$
competition,r1,390,1483,0.0015601111081095,0.0040092883215781,0.3891241993530221,Variable-delay competition,$r_1$
competition,r1,391,1488,0.0032450639375602,0.0037446797274851,0.8665798342491526,Variable-delay competition,$r_1$
competition,r1,392,1491,0.0019635705268872,0.0027722237067435,0.708301614372162,Variable-delay competition,$r_1$
competition,r1,393,1494,0.0022857610035845,0.0043988643686901,0.5196252514294177,Variable-delay competition,$r_1$
competition,r1,394,1495,0.0018483782040902,0.004625332366013,0.3996206235193186,Variable-delay competition,$r_1$
competition,r1,395,1503,0.0025563897322694,0.0020318152422313,1.2581802120265733,Variable-delay competition,$r_1$
competition,r1,396,1504,0.0121711554384458,0.0182659693346215,0.6663295670477487,Variable-delay competition,$r_1$
competition,r1,397,1508,0.0052550020524072,0.0064842888640799,0.8104207203842496,Variable-delay competition,$r_1$
competition,r1,398,1512,0.0087433487805406,0.0156781109724349,0.5576787149876073,Variable-delay competition,$r_1$
competition,r1,399,1526,0.0016208248624266,0.0049494107819212,0.3274783471897333,Variable-delay competition,$r_1$
competition,r1,400,1529,0.0131147596759297,0.0165532567691414,0.7922767017290671,Variable-delay competition,$r_1$
competition,r1,401,1534,0.0023324796940847,0.0051142957202084,0.45607055627781623,Variable-delay competition,$r_1$
competition,r1,402,1554,0.0042812019972993,0.0063908583926544,0.669894673651364,Variable-delay competition,$r_1$
competition,r1,403,1567,0.0041590562106665,0.0151947941274685,0.27371586451098645,Variable-delay competition,$r_1$
competition,r1,404,1569,0.0062464289326142,0.0180092771530326,0.3468450665474021,Variable-delay competition,$r_1$
competition,r1,405,1571,0.0022623014434825,0.0073124551470139,0.3093764540089287,Variable-delay competition,$r_1$
competition,r1,406,1575,0.0053928249789567,0.0110488250795476,0.4880903571312138,Variable-delay competition,$r_1$
competition,r1,407,1580,0.0020306732272464,0.003536129251455,0.5742644238501308,Variable-delay competition,$r_1$
competition,r1,408,1584,0.0028811344082418,0.0040811080085869,0.7059686737473543,Variable-delay competition,$r_1$
competition,r1,409,1585,0.0064690197079503,0.0084908914518068,0.7618775654673738,Variable-delay competition,$r_1$
competition,r1,410,1593,0.0016750787500271,0.0065280775423762,0.2565960252698495,Variable-delay competition,$r_1$
competition,r1,411,1594,0.0031720447125073,0.0141021829821633,0.22493288567588154,Variable-delay competition,$r_1$
competition,r1,412,1598,0.0052034638462636,0.0091519919700614,0.5685607967408095,Variable-delay competition,$r_1$
competition,r1,413,1599,0.0034763822808237,0.0130216503651505,0.26696940735925845,Variable-delay competition,$r_1$
competition,r1,414,1601,0.0012424049414623,0.0055318186436751,0.22459249326310163,Variable-delay competition,$r_1$
competition,r1,415,1605,0.0019681144698109,0.0062537257238142,0.31471071113917193,Variable-delay competition,$r_1$
competition,r1,416,1623,0.0018310818205138,0.0043351665926989,0.42237865174492456,Variable-delay competition,$r_1$
competition,r1,417,1627,0.0017645698814099,0.0062486720808508,0.28239117985043016,Variable-delay competition,$r_1$
competition,r1,418,1628,0.0026127504739772,0.0039377656602088,0.6635109093410752,Variable-delay competition,$r_1$
competition,r1,419,1629,0.0069093105850709,0.0149217815842182,0.46303523115352585,Variable-delay competition,$r_1$
competition,r1,420,1634,0.0058143857096702,0.0106939967300525,0.5437055814062939,Variable-delay competition,$r_1$
competition,r1,421,1637,0.0069108505711786,0.0144554495863362,0.47807925515585337,Variable-delay competition,$r_1$
competition,r1,422,1640,0.0041129506240866,0.0041589668931219,0.9889356491124269,Variable-delay competition,$r_1$
competition,r1,423,1643,0.0050273877028723,0.0057076405304695,0.8808171565876024,Variable-delay competition,$r_1$
competition,r1,424,1644,0.0018438517165585,0.0065066502383904,0.28337956536828196,Variable-delay competition,$r_1$
competition,r1,425,1648,0.0020832153077479,0.0025555207340961,0.8151823148814104,Variable-delay competition,$r_1$
competition,r1,426,1657,0.0055488729205811,0.017041710362032,0.32560540008611377,Variable-delay competition,$r_1$
competition,r1,427,1675,0.0031233364614936,0.0047983124027335,0.6509239497858246,Variable-delay competition,$r_1$
competition,r1,428,1682,0.0014225153149953,0.0036743823876361,0.3871440598512312,Variable-delay competition,$r_1$
competition,r1,429,1695,0.0036070372358647,0.0064737525500148,0.5571787318093357,Variable-delay competition,$r_1$
competition,r1,430,1697,0.0023873365773207,0.0020164286577777,1.1839429915421735,Variable-delay competition,$r_1$
competition,r1,431,1706,0.0056237168005507,0.0179016498541092,0.314145167980694,Variable-delay competition,$r_1$
competition,r1,432,1715,0.0043189270997941,0.0132719210164156,0.3254183847577274,Variable-delay competition,$r_1$
competition,r1,433,1717,0.0041679493644739,0.0049898275750521,0.8352892563487789,Variable-delay competition,$r_1$
competition,r1,434,1718,0.0022041595126202,0.0042669260811885,0.5165684782629884,Variable-delay competition,$r_1$
competition,r1,435,1720,0.0022985242247987,0.0021663221702466,1.0610260359090777,Variable-delay competition,$r_1$
competition,r1,436,1725,0.0020404708848176,0.0030996908566519,0.658282060754147,Variable-delay competition,$r_1$
competition,r1,437,1729,0.0021039914368865,0.0042918616527951,0.49022815903589606,Variable-delay competition,$r_1$
competition,r1,438,1733,0.0016317880454427,0.0028801338591281,0.5665667379559538,Variable-delay competition,$r_1$
competition,r1,439,1735,0.0031467618767037,0.0123099634083994,0.25562723237313484,Variable-delay competition,$r_1$
competition,r1,440,1736,0.0019470312870654,0.0021065238096254,0.9242863898185123,Variable-delay competition,$r_1$
competition,r1,441,1738,0.0025149771558778,0.0041610428916004,0.6044102936200454,Variable-delay competition,$r_1$
competition,r1,442,1739,0.0021987606239898,0.0058945384860016,0.3730165863216324,Variable-delay competition,$r_1$
competition,r1,443,1743,0.0020083486474674,0.0028880965817922,0.6953883260445276,Variable-delay competition,$r_1$
competition,r1,444,1745,0.0085079479656504,0.0282985076149647,0.30065005834976477,Variable-delay competition,$r_1$
competition,r1,445,1755,0.0033587776289585,0.0109340929499988,0.3071839286823393,Variable-delay competition,$r_1$
competition,r1,446,1760,0.0018972951482916,0.0026438618949925,0.7176226382645384,Variable-delay competition,$r_1$
competition,r1,447,1764,0.0110076702850672,0.0203499069578677,0.5409199318629515,Variable-delay competition,$r_1$
competition,r1,448,1767,0.0044272455323241,0.0060243780259242,0.7348884006403161,Variable-delay competition,$r_1$
competition,r1,449,1771,0.004713525458651,0.0086870091148783,0.5425947407581411,Variable-delay competition,$r_1$
competition,r1,450,1776,0.0024606785323037,0.0058076965400028,0.42369268355445333,Variable-delay competition,$r_1$
competition,r1,451,1784,0.0014695886681809,0.0043248872193117,0.3397981481733951,Variable-delay competition,$r_1$
competition,r1,452,1788,0.004202082217146,0.0113777121333661,0.3693257632018163,Variable-delay competition,$r_1$
competition,r1,453,1794,0.0024627629885813,0.0066169815511318,0.37218828094813977,Variable-delay competition,$r_1$
competition,r1,454,1796,0.0044587517831819,0.0066297249827409,0.6725394786042145,Variable-delay competition,$r_1$
competition,r1,455,1798,0.0040958772892766,0.0114161158611546,0.35878028386288224,Variable-delay competition,$r_1$
competition,r1,456,1800,0.0038695193574425,0.0135850081308955,0.2848374708471689,Variable-delay competition,$r_1$
competition,r1,457,1802,0.0164829971947085,0.0195895514927541,0.8414177936031525,Variable-delay competition,$r_1$
competition,r1,458,1804,0.0033227389616773,0.0080242691982653,0.4140861777662712,Variable-delay competition,$r_1$
competition,r1,459,1808,0.0025963483888128,0.0087592992287154,0.29641051424539233,Variable-delay competition,$r_1$
competition,r1,460,1815,0.0046831396153046,0.0104754555652454,0.44705832468441115,Variable-delay competition,$r_1$
competition,r1,461,1817,0.0037439248438819,0.0063711163964452,0.5876403146504816,Variable-delay competition,$r_1$
competition,r1,462,1819,0.0054404908478212,0.0172393351892739,0.3155858847275158,Variable-delay competition,$r_1$
competition,r1,463,1823,0.0064982423870765,0.0256033163940518,0.25380471369662805,Variable-delay competition,$r_1$
competition,r1,464,1826,0.0021225694435022,0.0044465274388941,0.4773544013100943,Variable-delay competition,$r_1$
competition,r1,465,1834,0.0049507460149776,0.0144397158489802,0.34285619376140597,Variable-delay competition,$r_1$
competition,r1,466,1836,0.0022972991130256,0.0030061106327266,0.764209769266511,Variable-delay competition,$r_1$
competition,r1,467,1840,0.011583794618061,0.0215001004852352,0.5387786269192536,Variable-delay competition,$r_1$
competition,r1,468,1850,0.0019670689552908,0.0075840727776021,0.2593684176001195,Variable-delay competition,$r_1$
competition,r1,469,1854,0.0059575741145898,0.0161650908849995,0.36854566157238056,Variable-delay competition,$r_1$
competition,r1,470,1860,0.0081819163457553,0.0188317991653092,0.43447342837149255,Variable-delay competition,$r_1$
competition,r1,471,1862,0.0051976818937671,0.0087823995829773,0.59182935650544,Variable-delay competition,$r_1$
competition,r1,472,1866,0.0030663340876539,0.0038640403594995,0.7935564337767619,Variable-delay competition,$r_1$
competition,r1,473,1868,0.0023533009532048,0.0038793734123292,0.6066188281142709,Variable-delay competition,$r_1$
competition,r1,474,1869,0.0036224602915036,0.0048817708841908,0.7420381614455995,Variable-delay competition,$r_1$
competition,r1,475,1870,0.0048383104039929,0.0148408421340894,0.3260131979221924,Variable-delay competition,$r_1$
competition,r1,476,1872,0.0039482186277369,0.0072079931325554,0.5477556034153941,Variable-delay competition,$r_1$
competition,r1,477,1877,0.0215429792318197,0.0376835028137579,0.5716819728328056,Variable-delay competition,$r_1$
competition,r1,478,1881,0.0021600752030404,0.0049081458908936,0.44010004002695335,Variable-delay competition,$r_1$
competition,r1,479,1895,0.0041595727111691,0.0050942975994671,0.816515452808297,Variable-delay competition,$r_1$
competition,r1,480,1899,0.0032593074362497,0.0032353446316663,1.0074065694111414,Variable-delay competition,$r_1$
competition,r1,481,1902,0.0077577658660315,0.0149003486966936,0.5206432429163859,Variable-delay competition,$r_1$
competition,r1,482,1910,0.0013897879387801,0.0039257471541103,0.35401870885265163,Variable-delay competition,$r_1$
competition,r1,483,1913,0.0022002976142039,0.0030319096997635,0.725713438752985,Variable-delay competition,$r_1$
competition,r1,484,1915,0.0028091007443215,0.0048366468799938,0.5807950867657927,Variable-delay competition,$r_1$
competition,r1,485,1916,0.0034063500568479,0.0047560120881941,0.7162198063590963,Variable-delay competition,$r_1$
competition,r1,486,1918,0.0028741187084857,0.010028431511171,0.28659703217638016,Variable-delay competition,$r_1$
competition,r1,487,1919,0.0271573246096482,0.0380542839384278,0.7136469747687018,Variable-delay competition,$r_1$
competition,r1,488,1926,0.003638409227206,0.0049958799473829,0.7282819574381459,Variable-delay competition,$r_1$
competition,r1,489,1932,0.0079156772391602,0.0200542925558434,0.3947123648026037,Variable-delay competition,$r_1$
competition,r1,490,1935,0.0044628649424453,0.0169422826540766,0.2634158001945186,Variable-delay competition,$r_1$
competition,r1,491,1952,0.0041294847970185,0.0081081399426072,0.5093011253195823,Variable-delay competition,$r_1$
competition,r1,492,1953,0.0023688569955698,0.0034918355663244,0.6783987821234442,Variable-delay competition,$r_1$
competition,r1,493,1956,0.0040427483904837,0.0104186264619544,0.3880308412290781,Variable-delay competition,$r_1$
competition,r1,494,1958,0.0065835640866683,0.0090026841371681,0.7312890229579061,Variable-delay competition,$r_1$
competition,r1,495,1962,0.0017802077253264,0.0029500948806587,0.6034408374448328,Variable-delay competition,$r_1$
competition,r1,496,1963,0.0018102151628837,0.0030271326991758,0.5979966333740734,Variable-delay competition,$r_1$
competition,r1,497,1967,0.0034244211931622,0.0083542921919874,0.4098996197962243,Variable-delay competition,$r_1$
competition,r1,498,1972,0.0051009486903189,0.0073839389040508,0.6908167519534242,Variable-delay competition,$r_1$
competition,r1,499,1979,0.0033685109212353,0.0058555522187388,0.5752678475747294,Variable-delay competition,$r_1$
competition,r1,500,1983,0.0040968719993908,0.0044449737574215,0.9216864312304441,Variable-delay competition,$r_1$
competition,r1,501,1985,0.0020666802058129,0.0037272178035084,0.554483347838581,Variable-delay competition,$r_1$
competition,r1,502,2008,0.0018428019281239,0.0045501052437811,0.4050020448741416,Variable-delay competition,$r_1$
competition,r1,503,2009,0.0043333411742317,0.0075736697059137,0.5721587212666701,Variable-delay competition,$r_1$
competition,r1,504,2010,0.0019054043316912,0.002947821849298,0.6463770299229434,Variable-delay competition,$r_1$
competition,r1,505,2015,0.00373583946283,0.0130362479431205,0.28657321333025737,Variable-delay competition,$r_1$
competition,r1,506,2016,0.0072420357885551,0.024906171772975,0.29077273916552815,Variable-delay competition,$r_1$
competition,r1,507,2022,0.0075327470403543,0.0153950580281431,0.4892964369854262,Variable-delay competition,$r_1$
competition,r1,508,2024,0.0024461457203601,0.0031800680745568,0.7692117473620481,Variable-delay competition,$r_1$
competition,r1,509,2033,0.0015714402472671,0.0037204967755565,0.4223737694362197,Variable-delay competition,$r_1$
competition,r1,510,2038,0.0025187144172311,0.0047783039386037,0.5271147356036774,Variable-delay competition,$r_1$
competition,r1,511,2045,0.0034062363731917,0.0057253904194339,0.5949352137855592,Variable-delay competition,$r_1$
competition,r2,0,0,0.0033392557296471,0.0051955320149182,0.6427168036033504,Variable-delay competition,$r_2$
competition,r2,1,8,0.0110967049259949,0.0193032137379275,0.5748630811765701,Variable-delay competition,$r_2$
competition,r2,2,10,0.0023674120973503,0.0057652864951702,0.4106321688147798,Variable-delay competition,$r_2$
competition,r2,3,11,0.0028633463934309,0.004809082160182,0.5954039249191235,Variable-delay competition,$r_2$
competition,r2,4,12,0.0039296726510933,0.0093420870800963,0.42064183489207985,Variable-delay competition,$r_2$
competition,r2,5,16,0.0053551019422431,0.0147015407623372,0.36425447024994434,Variable-delay competition,$r_2$
competition,r2,6,28,0.002053624803599,0.0048939220888463,0.41962760467302906,Variable-delay competition,$r_2$
competition,r2,7,32,0.0053131205813384,0.0123395975651754,0.43057486707127285,Variable-delay competition,$r_2$
competition,r2,8,33,0.0034694991864946,0.0078112346384246,0.44416783608414845,Variable-delay competition,$r_2$
competition,r2,9,38,0.0055206706298876,0.0133036390318286,0.4149744755310591,Variable-delay competition,$r_2$
competition,r2,10,43,0.0059504681966102,0.0143038538749139,0.4160045431564518,Variable-delay competition,$r_2$
competition,r2,11,44,0.0029187784276439,0.0069323584620461,0.42103685832518484,Variable-delay competition,$r_2$
competition,r2,12,47,0.0075492635012914,0.0124033803506358,0.608645650449994,Variable-delay competition,$r_2$
competition,r2,13,57,0.0027322965967354,0.0067924692251858,0.40225380581840786,Variable-delay competition,$r_2$
competition,r2,14,58,0.0071839322986979,0.015175090498572,0.473402929582128,Variable-delay competition,$r_2$
competition,r2,15,59,0.0030581772393517,0.0066137221062862,0.4623988111694273,Variable-delay competition,$r_2$
competition,r2,16,63,0.0025268512339779,0.0063696744035346,0.3967002194924945,Variable-delay competition,$r_2$
competition,r2,17,66,0.0024488075809109,0.0038693420691031,0.6328744104752995,Variable-delay competition,$r_2$
competition,r2,18,72,0.0037012139389214,0.0071888993081867,0.5148512700277311,Variable-delay competition,$r_2$
competition,r2,19,73,0.0082046916757906,0.023638414689593,0.347091451923922,Variable-delay competition,$r_2$
competition,r2,20,83,0.0024666485331476,0.006118414180939,0.40315161089160534,Variable-delay competition,$r_2$
competition,r2,21,86,0.0029145702990587,0.0044336605519159,0.6573733520937318,Variable-delay competition,$r_2$
competition,r2,22,87,0.0027717388369304,0.0082872756541746,0.3344571790048006,Variable-delay competition,$r_2$
competition,r2,23,88,0.0031437512190297,0.0125866990876401,0.24976772679953904,Variable-delay competition,$r_2$
competition,r2,24,89,0.0025000857770504,0.0073897560670737,0.3383177677799072,Variable-delay competition,$r_2$
competition,r2,25,90,0.0073266132375513,0.0089831068119062,0.8155990339378594,Variable-delay competition,$r_2$
competition,r2,26,92,0.0079140027444376,0.0246219285162372,0.32142091303768605,Variable-delay competition,$r_2$
competition,r2,27,93,0.0055546758457662,0.0056751551010837,0.978770755482173,Variable-delay competition,$r_2$
competition,r2,28,99,0.0026611266640786,0.0079956928681789,0.3328200204724345,Variable-delay competition,$r_2$
competition,r2,29,105,0.0025112053165995,0.0114866869682728,0.2186187647957728,Variable-delay competition,$r_2$
competition,r2,30,108,0.0045253876679938,0.0060338212210656,0.7500036050445983,Variable-delay competition,$r_2$
competition,r2,31,109,0.007233460322194,0.0154255445513856,0.4689273884690349,Variable-delay competition,$r_2$
competition,r2,32,111,0.00363978682193,0.0090672157412573,0.4014227659068903,Variable-delay competition,$r_2$
competition,r2,33,112,0.0022987486305167,0.0032419400627342,0.7090657402771267,Variable-delay competition,$r_2$
competition,r2,34,116,0.0024157012060703,0.004827450775304,0.5004092881544039,Variable-delay competition,$r_2$
competition,r2,35,119,0.0026525838793525,0.004949875724903,0.5358889852541664,Variable-delay competition,$r_2$
competition,r2,36,126,0.0033254648048218,0.007030806635132,0.47298481915359436,Variable-delay competition,$r_2$
competition,r2,37,128,0.0083560655169726,0.0332541308480335,0.25127902320342077,Variable-delay competition,$r_2$
competition,r2,38,129,0.0126603251858043,0.0163913958801308,0.7723762685245616,Variable-delay competition,$r_2$
competition,r2,39,132,0.0064050401931316,0.0191398792496121,0.3346437095866949,Variable-delay competition,$r_2$
competition,r2,40,140,0.0027340605598145,0.006356173021251,0.43014256387822364,Variable-delay competition,$r_2$
competition,r2,41,142,0.0200404161414483,0.0355794598109881,0.5632580215638677,Variable-delay competition,$r_2$
competition,r2,42,146,0.0026690351116479,0.0116578181417065,0.22894808266902678,Variable-delay competition,$r_2$
competition,r2,43,157,0.0035361740675266,0.0045459448109464,0.7778743945618688,Variable-delay competition,$r_2$
competition,r2,44,158,0.003831188257208,0.0071494474272702,0.5358719392207383,Variable-delay competition,$r_2$
competition,r2,45,162,0.0026986097620114,0.0057840438595444,0.4665610820980125,Variable-delay competition,$r_2$
competition,r2,46,167,0.0080399261850122,0.0199573808429156,0.40285477579920936,Variable-delay competition,$r_2$
competition,r2,47,169,0.0033948623359605,0.0117846877290036,0.2880740172355451,Variable-delay competition,$r_2$
competition,r2,48,171,0.0042685178265182,0.0076509488797297,0.5579069856063399,Variable-delay competition,$r_2$
competition,r2,49,175,0.0098620398045659,0.0236785720144204,0.4164963916979392,Variable-delay competition,$r_2$
competition,r2,50,183,0.0033230954012104,0.0047721766554189,0.6963479437495173,Variable-delay competition,$r_2$
competition,r2,51,185,0.0019822213907511,0.0051183247116394,0.38727933502214135,Variable-delay competition,$r_2$
competition,r2,52,188,0.0032194645874766,0.006472534087168,0.49740403744791223,Variable-delay competition,$r_2$
competition,r2,53,189,0.0030895594402276,0.0103905668773177,0.2973427221735146,Variable-delay competition,$r_2$
competition,r2,54,191,0.0021447028238135,0.0044562206869916,0.4812829019160161,Variable-delay competition,$r_2$
competition,r2,55,193,0.0043725658558689,0.0174378145305356,0.25075194189111477,Variable-delay competition,$r_2$
competition,r2,56,194,0.0029136603858725,0.0056073568676871,0.5196138670364875,Variable-delay competition,$r_2$
competition,r2,57,196,0.0032947006889604,0.007467614964046,0.4411985225300516,Variable-delay competition,$r_2$
competition,r2,58,199,0.0033023123377412,0.0050879069139466,0.6490512490881352,Variable-delay competition,$r_2$
competition,r2,59,206,0.0027662858193364,0.0068585992819121,0.40333101638286567,Variable-delay competition,$r_2$
competition,r2,60,207,0.006899418253019,0.0130124306179788,0.5302174863077714,Variable-delay competition,$r_2$
competition,r2,61,211,0.0062368709890719,0.024267268896831,0.25700753618328914,Variable-delay competition,$r_2$
competition,r2,62,214,0.0048518374203874,0.0119294514679176,0.4067108561894619,Variable-delay competition,$r_2$
competition,r2,63,215,0.0021895749015939,0.0086064028825761,0.2544123173720759,Variable-delay competition,$r_2$
competition,r2,64,216,0.0071750192490463,0.0296348491049473,0.24211424946477922,Variable-delay competition,$r_2$
competition,r2,65,217,0.0034775511855028,0.0044377514988369,0.7836290937909072,Variable-delay competition,$r_2$
competition,r2,66,218,0.0058222776378925,0.0096703825271955,0.6020731466949544,Variable-delay competition,$r_2$
competition,r2,67,219,0.0041279349361028,0.0132731559247115,0.31099875263407056,Variable-delay competition,$r_2$
competition,r2,68,227,0.0050363399978895,0.0081636468809008,0.6169228129737253,Variable-delay competition,$r_2$
competition,r2,69,231,0.0038831842345391,0.0063886568307958,0.6078248272501738,Variable-delay competition,$r_2$
competition,r2,70,239,0.0038130023545428,0.0155182086473855,0.24571150196419175,Variable-delay competition,$r_2$
competition,r2,71,240,0.0024942021805005,0.0071530668628548,0.3486899015934908,Variable-delay competition,$r_2$
competition,r2,72,244,0.00391869275369,0.0062615196589057,0.6258373313763346,Variable-delay competition,$r_2$
competition,r2,73,245,0.0054935697289738,0.0109651229716485,0.5010039324846619,Variable-delay competition,$r_2$
competition,r2,74,246,0.0092901859881604,0.0148341057250395,0.6262720625267528,Variable-delay competition,$r_2$
competition,r2,75,248,0.0065135755777481,0.0213146626873395,0.3055913046007075,Variable-delay competition,$r_2$
competition,r2,76,251,0.0055481275264326,0.0237168140027142,0.23393224426340153,Variable-delay competition,$r_2$
competition,r2,77,255,0.0024667052424091,0.0049816724885036,0.4951560440999709,Variable-delay competition,$r_2$
competition,r2,78,264,0.0036238097444821,0.0175878624928312,0.2060403727831715,Variable-delay competition,$r_2$
competition,r2,79,268,0.0036222496176951,0.01370359631359,0.26432839488294596,Variable-delay competition,$r_2$
competition,r2,80,269,0.0058373028300971,0.0111350499727949,0.5242278071817164,Variable-delay competition,$r_2$
competition,r2,81,273,0.0080040383116559,0.0249899637470478,0.3202901129699102,Variable-delay competition,$r_2$
competition,r2,82,282,0.0036405587529749,0.0055246032881231,0.6589719773728268,Variable-delay competition,$r_2$
competition,r2,83,283,0.01337363124021,0.0265459763951258,0.5037912729654043,Variable-delay competition,$r_2$
competition,r2,84,285,0.0029694972050343,0.0042402228776728,0.7003163019261092,Variable-delay competition,$r_2$
competition,r2,85,286,0.0024180760175694,0.0034460366835568,0.7016977007550602,Variable-delay competition,$r_2$
competition,r2,86,287,0.002899815919009,0.0043740315918164,0.6629618140926129,Variable-delay competition,$r_2$
competition,r2,87,297,0.0218261403528662,0.0306737997622722,0.7115564593243404,Variable-delay competition,$r_2$
competition,r2,88,302,0.0062365027154916,0.0076965767756843,0.8102956544517955,Variable-delay competition,$r_2$
competition,r2,89,303,0.0035383161433157,0.0044953123275349,0.787112415224775,Variable-delay competition,$r_2$
competition,r2,90,306,0.0020144213081578,0.0038332106645379,0.5255180276924961,Variable-delay competition,$r_2$
competition,r2,91,307,0.0025350293806701,0.0088205097401384,0.28740168713087594,Variable-delay competition,$r_2$
competition,r2,92,315,0.0035319595689268,0.0054574403267803,0.6471824440470856,Variable-delay competition,$r_2$
competition,r2,93,321,0.0036003831015461,0.0055290547138465,0.6511751624612436,Variable-delay competition,$r_2$
competition,r2,94,322,0.0052995775753662,0.0114081059584767,0.464544911719407,Variable-delay competition,$r_2$
competition,r2,95,327,0.0064403505760195,0.0132992779088123,0.4842631773076964,Variable-delay competition,$r_2$
competition,r2,96,328,0.0035685437469236,0.0039539858576424,0.9025180856492433,Variable-delay competition,$r_2$
competition,r2,97,329,0.0094500996326678,0.0202384403076759,0.46693813796924016,Variable-delay competition,$r_2$
competition,r2,98,332,0.0021903994345689,0.0052349112740793,0.418421501318404,Variable-delay competition,$r_2$
competition,r2,99,333,0.0043618846416193,0.0061601685591116,0.7080787805988799,Variable-delay competition,$r_2$
competition,r2,100,335,0.0031425157433166,0.0034066268436813,0.9224713734483188,Variable-delay competition,$r_2$
competition,r2,101,337,0.005065772468825,0.0260922328702403,0.194148676122035,Variable-delay competition,$r_2$
competition,r2,102,340,0.0029615088003726,0.014548321243229,0.2035636105953413,Variable-delay competition,$r_2$
competition,r2,103,353,0.0035161758748762,0.0043558644780115,0.8072280238804337,Variable-delay competition,$r_2$
competition,r2,104,367,0.0043475605315558,0.0142511785409121,0.3050667366965391,Variable-delay competition,$r_2$
competition,r2,105,375,0.0033950971323558,0.0041622583461347,0.815686305370418,Variable-delay competition,$r_2$
competition,r2,106,385,0.0022701321461029,0.0074070455258761,0.30648281263728167,Variable-delay competition,$r_2$
competition,r2,107,388,0.0023564473932871,0.0045446119832209,0.5185145402923962,Variable-delay competition,$r_2$
competition,r2,108,407,0.0125936411212718,0.0235808885146548,0.5340613485978376,Variable-delay competition,$r_2$
competition,r2,109,408,0.0045909135304564,0.0040626875983349,1.1300188408131588,Variable-delay competition,$r_2$
competition,r2,110,410,0.0035762397401149,0.0043921678426493,0.8142311196281055,Variable-delay competition,$r_2$
competition,r2,111,411,0.0046271273155611,0.0104212431539018,0.44400915008193287,Variable-delay competition,$r_2$
competition,r2,112,416,0.0071659238281309,0.0090434114658547,0.792391660512999,Variable-delay competition,$r_2$
competition,r2,113,419,0.0030188621140665,0.0072822986981717,0.41454796612838996,Variable-delay competition,$r_2$
competition,r2,114,420,0.0018282666987744,0.006125909350931,0.298448212998213,Variable-delay competition,$r_2$
competition,r2,115,427,0.0029746236915774,0.0039715458061847,0.7489838558440293,Variable-delay competition,$r_2$
competition,r2,116,429,0.0047601245496932,0.0107285446504629,0.4436878164540068,Variable-delay competition,$r_2$
competition,r2,117,442,0.0194105965463597,0.0239775093832385,0.8095334772313214,Variable-delay competition,$r_2$
competition,r2,118,446,0.0102304898632174,0.0337064917438017,0.3035168993847806,Variable-delay competition,$r_2$
competition,r2,119,451,0.0039692149747828,0.0048767716899265,0.8139021523155664,Variable-delay competition,$r_2$
competition,r2,120,455,0.0041594097233347,0.0037689293121856,1.1036051299467486,Variable-delay competition,$r_2$
competition,r2,121,460,0.003084773968149,0.006329282105012,0.4873813359822032,Variable-delay competition,$r_2$
competition,r2,122,462,0.0057689261410337,0.0099663876476965,0.5788382255397274,Variable-delay competition,$r_2$
competition,r2,123,465,0.0039469714549597,0.0059114058331567,0.6676874446381921,Variable-delay competition,$r_2$
competition,r2,124,474,0.0039018163645538,0.008763829091916,0.4452182172462656,Variable-delay competition,$r_2$
competition,r2,125,475,0.0032849679857722,0.0053968370358764,0.6086839317057032,Variable-delay competition,$r_2$
competition,r2,126,477,0.0024650924295391,0.002597172206133,0.9491447751204156,Variable-delay competition,$r_2$
competition,r2,127,482,0.0129872049950393,0.022067708894337,0.5885162368791292,Variable-delay competition,$r_2$
competition,r2,128,484,0.013343182268541,0.0317543406399105,0.42020026237832186,Variable-delay competition,$r_2$
competition,r2,129,485,0.0024082102142717,0.0066761964801562,0.36071589885493544,Variable-delay competition,$r_2$
competition,r2,130,492,0.0069477529107636,0.0150803945057459,0.4607142676616571,Variable-delay competition,$r_2$
competition,r2,131,503,0.0060331277817701,0.0062104196078409,0.9714525205596476,Variable-delay competition,$r_2$
competition,r2,132,506,0.0032356865160009,0.0049815792011446,0.6495302765150152,Variable-delay competition,$r_2$
competition,r2,133,507,0.00353129833882,0.0172263404973971,0.20499410999994916,Variable-delay competition,$r_2$
competition,r2,134,508,0.0075182666869518,0.018680280986317,0.4024707493671432,Variable-delay competition,$r_2$
competition,r2,135,509,0.0043017579956734,0.006432412562235,0.6687627626575487,Variable-delay competition,$r_2$
competition,r2,136,523,0.0038848246786847,0.0058086541589283,0.6687994451715562,Variable-delay competition,$r_2$
competition,r2,137,524,0.005214728624964,0.0216484082491883,0.24088277368658384,Variable-delay competition,$r_2$
competition,r2,138,525,0.0020292041041945,0.0043599412823738,0.46542005333835273,Variable-delay competition,$r_2$
competition,r2,139,528,0.0033842986086966,0.0112729675603773,0.30021363856238487,Variable-delay competition,$r_2$
competition,r2,140,529,0.0026678748603964,0.0057631616253076,0.4629186258946896,Variable-delay competition,$r_2$
competition,r2,141,530,0.0112308952830838,0.0181572798704718,0.6185340184874275,Variable-delay competition,$r_2$
competition,r2,142,533,0.0050007910594692,0.0069436623818401,0.7201950187768157,Variable-delay competition,$r_2$
competition,r2,143,549,0.0024183750756509,0.0076594227888797,0.31573855397589584,Variable-delay competition,$r_2$
competition,r2,144,557,0.0039182350036841,0.0168825336925844,0.23208809027315444,Variable-delay competition,$r_2$
competition,r2,145,559,0.0060201493275241,0.0141242955040725,0.4262265205219115,Variable-delay competition,$r_2$
competition,r2,146,563,0.0029547553660096,0.0050115757305029,0.5895860952525399,Variable-delay competition,$r_2$
competition,r2,147,565,0.0024153451087752,0.0084310353139635,0.2864826226946174,Variable-delay competition,$r_2$
competition,r2,148,566,0.0066471302283148,0.0242944185934704,0.27360729801952727,Variable-delay competition,$r_2$
competition,r2,149,568,0.0026666312465963,0.0040043758496644,0.6659293100121423,Variable-delay competition,$r_2$
competition,r2,150,574,0.0032245284830151,0.0067331496418454,0.4789034336880313,Variable-delay competition,$r_2$
competition,r2,151,579,0.0067562820387611,0.0101549217366963,0.6653209363836142,Variable-delay competition,$r_2$
competition,r2,152,589,0.0037210544849164,0.0064279446151021,0.57888714164929,Variable-delay competition,$r_2$
competition,r2,153,594,0.0142594207969968,0.0228251857866868,0.6247230988723809,Variable-delay competition,$r_2$
competition,r2,154,597,0.0019427317253312,0.0044705669341374,0.43456048280955933,Variable-delay competition,$r_2$
competition,r2,155,599,0.0021489906703883,0.0060609737120831,0.35456195200188584,Variable-delay competition,$r_2$
competition,r2,156,605,0.0222109602786151,0.0607871440136426,0.3653891071709216,Variable-delay competition,$r_2$
competition,r2,157,606,0.0027207674603645,0.0054099840058265,0.5029159896654518,Variable-delay competition,$r_2$
competition,r2,158,610,0.0020723919168508,0.0062155005180619,0.33342317498462815,Variable-delay competition,$r_2$
competition,r2,159,614,0.0025503633390064,0.005323782431778,0.47905100775402043,Variable-delay competition,$r_2$
competition,r2,160,615,0.0048043082407049,0.0072854540847731,0.6594384076547957,Variable-delay competition,$r_2$
competition,r2,161,616,0.0029336006172313,0.0081917717431154,0.3581155224078091,Variable-delay competition,$r_2$
competition,r2,162,618,0.0082404891119125,0.0127911112570762,0.6442355903482397,Variable-delay competition,$r_2$
competition,r2,163,621,0.0069594187284487,0.0251004208905547,0.27726302912583956,Variable-delay competition,$r_2$
competition,r2,164,623,0.0034174005112586,0.0070859875168444,0.4822758300286238,Variable-delay competition,$r_2$
competition,r2,165,632,0.0036285983444961,0.0050317199148618,0.7211447389546846,Variable-delay competition,$r_2$
competition,r2,166,637,0.0020210607857503,0.0049832469062338,0.4055710711869507,Variable-delay competition,$r_2$
competition,r2,167,641,0.0027822483953737,0.0047061903991159,0.5911890848904818,Variable-delay competition,$r_2$
competition,r2,168,646,0.0066821950403885,0.0204304614244657,0.32707019687702693,Variable-delay competition,$r_2$
competition,r2,169,653,0.0038097266075249,0.0053048048068154,0.7181652758703424,Variable-delay competition,$r_2$
competition,r2,170,660,0.0030819160413399,0.005220247813361,0.5903773444340839,Variable-delay competition,$r_2$
competition,r2,171,664,0.0050021622768691,0.014724515352301,0.3397165989634703,Variable-delay competition,$r_2$
competition,r2,172,667,0.0028203091214789,0.0090355089032944,0.3121361676098397,Variable-delay competition,$r_2$
competition,r2,173,673,0.0085333193612131,0.0286492674110796,0.2978547143552086,Variable-delay competition,$r_2$
competition,r2,174,687,0.0029488374086522,0.003998530277434,0.73748032503197,Variable-delay competition,$r_2$
competition,r2,175,697,0.0022892108654865,0.0056149945786507,0.407696006366689,Variable-delay competition,$r_2$
competition,r2,176,703,0.0031174871659937,0.0063870085566013,0.4880981665151548,Variable-delay competition,$r_2$
competition,r2,177,708,0.0057273023426584,0.0122619082886634,0.46708083340938933,Variable-delay competition,$r_2$
competition,r2,178,710,0.0029713160923188,0.0069569094608844,0.4271028836906942,Variable-delay competition,$r_2$
competition,r2,179,711,0.0029598236042549,0.006061723032949,0.4882809043182165,Variable-delay competition,$r_2$
competition,r2,180,718,0.004185399835818,0.0027642691138696,1.5141072245165779,Variable-delay competition,$r_2$
competition,r2,181,722,0.0016605077613702,0.0037387509434456,0.44413436104408993,Variable-delay competition,$r_2$
competition,r2,182,724,0.0027764752743413,0.0029670403971399,0.9357726564888376,Variable-delay competition,$r_2$
competition,r2,183,733,0.0079869319379327,0.0097311400877703,0.8207601438160724,Variable-delay competition,$r_2$
competition,r2,184,737,0.0044470042643536,0.0066813587477393,0.6655838179409668,Variable-delay competition,$r_2$
competition,r2,185,748,0.0023888310924592,0.0041725221928993,0.5725148919577843,Variable-delay competition,$r_2$
competition,r2,186,749,0.0055227917010564,0.0098879740401319,0.5585362257871309,Variable-delay competition,$r_2$
competition,r2,187,752,0.0085078610155815,0.0225431916157656,0.37740268372786756,Variable-delay competition,$r_2$
competition,r2,188,753,0.0035214501591879,0.005295264496703,0.6650187467274707,Variable-delay competition,$r_2$
competition,r2,189,754,0.0048782524773663,0.010371467758439,0.47035314489571545,Variable-delay competition,$r_2$
competition,r2,190,759,0.0035990592320318,0.0090323408308581,0.3984636208297156,Variable-delay competition,$r_2$
competition,r2,191,760,0.0028367912370751,0.0064675588021109,0.4386185458645107,Variable-delay competition,$r_2$
competition,r2,192,761,0.0032995247558847,0.0073709110134403,0.4476413770113716,Variable-delay competition,$r_2$
competition,r2,193,762,0.0041768347891563,0.0150457592012025,0.27760877555600355,Variable-delay competition,$r_2$
competition,r2,194,769,0.0075044261612344,0.0180315450617343,0.41618320202409836,Variable-delay competition,$r_2$
competition,r2,195,774,0.0101373126587213,0.0236603165496797,0.4284521146382775,Variable-delay competition,$r_2$
competition,r2,196,776,0.0080903757133718,0.0222994089350779,0.3628067334397057,Variable-delay competition,$r_2$
competition,r2,197,777,0.0081516109062136,0.0289684665763275,0.2813960098555906,Variable-delay competition,$r_2$
competition,r2,198,778,0.0054340908357613,0.0084494426293145,0.64313009439324,Variable-delay competition,$r_2$
competition,r2,199,779,0.0032018165746165,0.011383212473484,0.28127530625250086,Variable-delay competition,$r_2$
competition,r2,200,780,0.0108732818995153,0.0335749470517252,0.32385105128428165,Variable-delay competition,$r_2$
competition,r2,201,781,0.005847766906987,0.0207790049555285,0.28142670544150056,Variable-delay competition,$r_2$
competition,r2,202,783,0.0028447769789625,0.0126267588579995,0.22529748219276657,Variable-delay competition,$r_2$
competition,r2,203,790,0.0014500673802222,0.005453603208603,0.26589161784537874,Variable-delay competition,$r_2$
competition,r2,204,797,0.0016938529874544,0.0063633546743397,0.2661886809932002,Variable-delay competition,$r_2$
competition,r2,205,803,0.0061144671490377,0.0204306404916394,0.2992792688775398,Variable-delay competition,$r_2$
competition,r2,206,805,0.0072177741671037,0.0299532044384225,0.2409683472077897,Variable-delay competition,$r_2$
competition,r2,207,808,0.0026159479011945,0.0101701734631126,0.2572176286552623,Variable-delay competition,$r_2$
competition,r2,208,809,0.0038789794785284,0.0055380316248703,0.7004256640768542,Variable-delay competition,$r_2$
competition,r2,209,810,0.0054409925032998,0.0190281288905566,0.28594469454114796,Variable-delay competition,$r_2$
competition,r2,210,811,0.0021780009653267,0.0052813647438001,0.41239358972195567,Variable-delay competition,$r_2$
competition,r2,211,813,0.0032583414312043,0.0085706037779575,0.3801764164602193,Variable-delay competition,$r_2$
competition,r2,212,815,0.0022363362708198,0.0033215423393785,0.6732824821490143,Variable-delay competition,$r_2$
competition,r2,213,816,0.0034322425669465,0.0068775993893809,0.49904659643972954,Variable-delay competition,$r_2$
competition,r2,214,831,0.0020725056001706,0.0053424764102236,0.38792976159980064,Variable-delay competition,$r_2$
competition,r2,215,836,0.0061536165738553,0.0077132446904208,0.7977986983218066,Variable-delay competition,$r_2$
competition,r2,216,838,0.002916799488017,0.0043070340242894,0.6772176564122293,Variable-delay competition,$r_2$
competition,r2,217,841,0.0040527009875581,0.0135594257871436,0.298884410828125,Variable-delay competition,$r_2$
competition,r2,218,843,0.0039704071607517,0.0158836255770027,0.2499685692982024,Variable-delay competition,$r_2$
competition,r2,219,845,0.0030120360393679,0.002445795669129,1.2315158119650078,Variable-delay competition,$r_2$
competition,r2,220,846,0.002418846762906,0.005842538577858,0.4140061260481743,Variable-delay competition,$r_2$
competition,r2,221,854,0.002687103781972,0.0055669454420561,0.48268908146143835,Variable-delay competition,$r_2$
competition,r2,222,859,0.0033581516186621,0.0144380646534976,0.23259014966722652,Variable-delay competition,$r_2$
competition,r2,223,861,0.0049630769150549,0.0061352912374843,0.8089390907366197,Variable-delay competition,$r_2$
competition,r2,224,862,0.0031326384257702,0.004337032935324,0.7222998931494568,Variable-delay competition,$r_2$
competition,r2,225,867,0.002380667700495,0.009225803690607,0.25804447832754257,Variable-delay competition,$r_2$
competition,r2,226,869,0.0085129970569177,0.019827362708122,0.42935599566302735,Variable-delay competition,$r_2$
competition,r2,227,880,0.0069666347414428,0.0146755599624129,0.4747099776285042,Variable-delay competition,$r_2$
competition,r2,228,886,0.0028507724455619,0.0067697826545421,0.42110250668818894,Variable-delay competition,$r_2$
competition,r2,229,887,0.0028549369901915,0.0042927230446585,0.6650643334057951,Variable-delay competition,$r_2$
competition,r2,230,889,0.0021875454116464,0.0053227365411309,0.41098134291306126,Variable-delay competition,$r_2$
competition,r2,231,891,0.0023536279721718,0.0051286511647341,0.4589175392461745,Variable-delay competition,$r_2$
competition,r2,232,893,0.0073918228764181,0.0083646575359083,0.8836970126614321,Variable-delay competition,$r_2$
competition,r2,233,895,0.0092293977202857,0.0164370077068757,0.5615010885725257,Variable-delay competition,$r_2$
competition,r2,234,906,0.0042587143187793,0.0100637162970577,0.42317511673340874,Variable-delay competition,$r_2$
competition,r2,235,908,0.0047296063523376,0.0112906912035933,0.4188943145334084,Variable-delay competition,$r_2$
competition,r2,236,912,0.0024227454706451,0.0046831902849111,0.5173280014803179,Variable-delay competition,$r_2$
competition,r2,237,913,0.0032344179535034,0.0095191615191415,0.3397797113747368,Variable-delay competition,$r_2$
competition,r2,238,916,0.0042769429228153,0.0064930554715024,0.6586949613454752,Variable-delay competition,$r_2$
competition,r2,239,919,0.0031562969847532,0.0037215749276516,0.8481078699508803,Variable-delay competition,$r_2$
competition,r2,240,929,0.0035098382842972,0.0075982480239538,0.46192731182665864,Variable-delay competition,$r_2$
competition,r2,241,934,0.0068159568982042,0.0225636195473392,0.3020772834741387,Variable-delay competition,$r_2$
competition,r2,242,942,0.0068345740913141,0.0140500531511012,0.4864447143232641,Variable-delay competition,$r_2$
competition,r2,243,944,0.004660044108712,0.0064951947250502,0.7174602619286342,Variable-delay competition,$r_2$
competition,r2,244,947,0.002563557118374,0.0057732748431385,0.44403864150357764,Variable-delay competition,$r_2$
competition,r2,245,950,0.004688763827122,0.016927642162987,0.2769885954568545,Variable-delay competition,$r_2$
competition,r2,246,956,0.0027361271351403,0.0069518750601422,0.39358117219735145,Variable-delay competition,$r_2$
competition,r2,247,960,0.0023576348992806,0.00469877871223,0.501754826875362,Variable-delay competition,$r_2$
competition,r2,248,965,0.0043387151276964,0.0065493096963715,0.6624690736643847,Variable-delay competition,$r_2$
competition,r2,249,967,0.0052990779491134,0.0070873587026307,0.7476802249541112,Variable-delay competition,$r_2$
competition,r2,250,970,0.0032410342674693,0.0053056188935716,0.6108682761583584,Variable-delay competition,$r_2$
competition,r2,251,972,0.0039275870100158,0.0156380597203782,0.25115564719948597,Variable-delay competition,$r_2$
competition,r2,252,976,0.0094250031211607,0.020916728843515,0.45059641933842914,Variable-delay competition,$r_2$
competition,r2,253,981,0.0020133322914263,0.0047832088533612,0.42091665932829064,Variable-delay competition,$r_2$
competition,r2,254,982,0.0020763054449096,0.0053884827065352,0.38532283724162986,Variable-delay competition,$r_2$
competition,r2,255,990,0.0065048645085756,0.0242472327528351,0.26827244885563367,Variable-delay competition,$r_2$
competition,r2,256,991,0.0052948247554683,0.0179984351965888,0.29418250518088457,Variable-delay competition,$r_2$
competition,r2,257,996,0.0036420543598462,0.0123446156966552,0.2950318138160447,Variable-delay competition,$r_2$
competition,r2,258,1007,0.0030920431956148,0.0051155432973946,0.6044408219923797,Variable-delay competition,$r_2$
competition,r2,259,1013,0.0027230964095345,0.0056054569584219,0.4857938308567677,Variable-delay competition,$r_2$
competition,r2,260,1018,0.0123926050336724,0.0325523866388794,0.3806972794698597,Variable-delay competition,$r_2$
competition,r2,261,1019,0.0023516950062051,0.0032844872119232,0.7160006583883417,Variable-delay competition,$r_2$
competition,r2,262,1023,0.0030776613161974,0.0059522236712765,0.51706076353434,Variable-delay competition,$r_2$
competition,r2,263,1024,0.0026440770282312,0.0043741508603482,0.6044777861229781,Variable-delay competition,$r_2$
competition,r2,264,1025,0.0032516026132051,0.0045217764590672,0.7190984876496692,Variable-delay competition,$r_2$
competition,r2,265,1032,0.0052736827642968,0.0086126690864187,0.6123168917069924,Variable-delay competition,$r_2$
competition,r2,266,1033,0.0019827500964097,0.0045336872737865,0.4373371996506769,Variable-delay competition,$r_2$
competition,r2,267,1037,0.0020869284734479,0.0033771909497216,0.6179480238213764,Variable-delay competition,$r_2$
competition,r2,268,1039,0.003284147391293,0.0096465595080875,0.34044753350037704,Variable-delay competition,$r_2$
competition,r2,269,1041,0.0033731757639372,0.0059799726394461,0.5640787955594464,Variable-delay competition,$r_2$
competition,r2,270,1043,0.0021049009449386,0.0049077798084478,0.42889066484103816,Variable-delay competition,$r_2$
competition,r2,271,1044,0.002712908927441,0.0133482579670325,0.2032406726137101,Variable-delay competition,$r_2$
competition,r2,272,1049,0.0041424899224787,0.0050059293079747,0.8275166642644161,Variable-delay competition,$r_2$
competition,r2,273,1050,0.0045144138300865,0.0233666756541263,0.19319880572268325,Variable-delay competition,$r_2$
competition,r2,274,1061,0.0047442277137934,0.0054532835156062,0.869976354652454,Variable-delay competition,$r_2$
competition,r2,275,1062,0.0031404824897157,0.004247675693713,0.7393413989594214,Variable-delay competition,$r_2$
competition,r2,276,1064,0.0019371926550934,0.0059122817707098,0.32765567173920906,Variable-delay competition,$r_2$
competition,r2,277,1065,0.008285335244308,0.0164620128855649,0.503300252642445,Variable-delay competition,$r_2$
competition,r2,278,1066,0.0055290341256655,0.0145272973542562,0.3805961969963812,Variable-delay competition,$r_2$
competition,r2,279,1077,0.0019201234952313,0.008696543704953,0.22079156506023415,Variable-delay competition,$r_2$
competition,r2,280,1083,0.0076945592707593,0.0135674035990267,0.5671357245767563,Variable-delay competition,$r_2$
competition,r2,281,1085,0.002938377943288,0.0045923570741306,0.6398409130335924,Variable-delay competition,$r_2$
competition,r2,282,1086,0.0044008051573844,0.0199810893831016,0.2202485096286215,Variable-delay competition,$r_2$
competition,r2,283,1087,0.0024301387141527,0.0046464557427107,0.5230091167800469,Variable-delay competition,$r_2$
competition,r2,284,1088,0.0024751468464801,0.0116931232279513,0.2116754265073934,Variable-delay competition,$r_2$
competition,r2,285,1094,0.0029458785833104,0.0064050024737659,0.4599340274069144,Variable-delay competition,$r_2$
competition,r2,286,1097,0.003281534272665,0.009669127974591,0.3393826497372228,Variable-delay competition,$r_2$
competition,r2,287,1102,0.0024592450118958,0.0029603795399046,0.8307195002351119,Variable-delay competition,$r_2$
competition,r2,288,1103,0.0069936527522638,0.0187245467327683,0.3735018450419833,Variable-delay competition,$r_2$
competition,r2,289,1108,0.0028332673466636,0.0062491940492556,0.45338123993782803,Variable-delay competition,$r_2$
competition,r2,290,1109,0.0055835655044892,0.0174805034472865,0.31941674456498204,Variable-delay competition,$r_2$
competition,r2,291,1111,0.0050909414674975,0.0151680573561671,0.3356356946677553,Variable-delay competition,$r_2$
competition,r2,292,1112,0.0106375454283346,0.0187083554513709,0.5685986379714155,Variable-delay competition,$r_2$
competition,r2,293,1125,0.0027625504979615,0.0057528141475181,0.48020854265791457,Variable-delay competition,$r_2$
competition,r2,294,1126,0.0034161023766646,0.0059141691103383,0.577613239143443,Variable-delay competition,$r_2$
competition,r2,295,1129,0.0046339681141743,0.0157176065230039,0.294826576005204,Variable-delay competition,$r_2$
competition,r2,296,1132,0.0036351019369496,0.0064115400250668,0.5669623714018267,Variable-delay competition,$r_2$
competition,r2,297,1134,0.0029702653319,0.0104639157348295,0.28385791774042773,Variable-delay competition,$r_2$
competition,r2,298,1148,0.0038503225896859,0.0050282432963078,0.7657391185731132,Variable-delay competition,$r_2$
competition,r2,299,1157,0.0049693326864344,0.0079953708026454,0.6215262317527805,Variable-delay competition,$r_2$
competition,r2,300,1161,0.0027250125974625,0.0021408550744399,1.2728617784533731,Variable-delay competition,$r_2$
competition,r2,301,1162,0.0085566770841731,0.0287486489342137,0.29763753781103147,Variable-delay competition,$r_2$
competition,r2,302,1163,0.0051160283378245,0.0133447344459792,0.3833743083112434,Variable-delay competition,$r_2$
competition,r2,303,1164,0.0022881754345011,0.0046505925471834,0.49201804098854407,Variable-delay competition,$r_2$
competition,r2,304,1165,0.0026254857767262,0.0057916617185102,0.45332167248911054,Variable-delay competition,$r_2$
competition,r2,305,1167,0.0048406179836512,0.0060525870920414,0.7997601538053325,Variable-delay competition,$r_2$
competition,r2,306,1168,0.0025222739685819,0.0057709242765341,0.4370658576890436,Variable-delay competition,$r_2$
competition,r2,307,1169,0.0029810345266385,0.0097209573169969,0.30666059210302477,Variable-delay competition,$r_2$
competition,r2,308,1174,0.0062417911589622,0.00857645275122,0.7277823757700183,Variable-delay competition,$r_2$
competition,r2,309,1180,0.0032468740160893,0.0061427448551466,0.5285705482898185,Variable-delay competition,$r_2$
competition,r2,310,1182,0.0033937276658898,0.0043505020726901,0.7800772437723066,Variable-delay competition,$r_2$
competition,r2,311,1185,0.0028282241027584,0.0056670947589783,0.49906066918639114,Variable-delay competition,$r_2$
competition,r2,312,1191,0.0025513052447788,0.0046026152689278,0.5543164257074952,Variable-delay competition,$r_2$
competition,r2,313,1193,0.0079378150809362,0.0219894421073232,0.36098301367512403,Variable-delay competition,$r_2$
competition,r2,314,1194,0.0032168732952569,0.0045183977937683,0.7119499968979178,Variable-delay competition,$r_2$
competition,r2,315,1200,0.0038422135561536,0.0055528729039009,0.6919325586318463,Variable-delay competition,$r_2$
competition,r2,316,1203,0.0064802140990844,0.0057481502563992,1.1273564207668756,Variable-delay competition,$r_2$
competition,r2,317,1206,0.0113667723703012,0.0220301964106155,0.5159632786943286,Variable-delay competition,$r_2$
competition,r2,318,1208,0.0026121813325893,0.0045961690274305,0.5683388311003102,Variable-delay competition,$r_2$
competition,r2,319,1214,0.0027257762283488,0.0062263441861697,0.437781167704067,Variable-delay competition,$r_2$
competition,r2,320,1215,0.0025325909809213,0.0030767877989391,0.8231282579170902,Variable-delay competition,$r_2$
competition,r2,321,1216,0.0033858669118442,0.0144257303464197,0.23471025941397367,Variable-delay competition,$r_2$
competition,r2,322,1217,0.0091768635974139,0.0215425800507484,0.4259872111787785,Variable-delay competition,$r_2$
competition,r2,323,1220,0.0065965200890943,0.0097969052623837,0.6733269244138114,Variable-delay competition,$r_2$
competition,r2,324,1235,0.0033706440471179,0.0050723572381444,0.6645123536982915,Variable-delay competition,$r_2$
competition,r2,325,1240,0.0034544885469542,0.0136037298131033,0.2539368683746416,Variable-delay competition,$r_2$
competition,r2,326,1243,0.0035511715495965,0.0036631321419993,0.9694358303051298,Variable-delay competition,$r_2$
competition,r2,327,1245,0.0067942050173279,0.0095826324372016,0.7090123785768412,Variable-delay competition,$r_2$
competition,r2,328,1250,0.0040288902655379,0.0075318297895228,0.5349152036258591,Variable-delay competition,$r_2$
competition,r2,329,1251,0.0037974185365408,0.0056352697256389,0.6738663314133144,Variable-delay competition,$r_2$
competition,r2,330,1254,0.0059144680761912,0.011725106387398,0.5044276683534401,Variable-delay competition,$r_2$
competition,r2,331,1256,0.00264474240772,0.005521221745514,0.47901398089451064,Variable-delay competition,$r_2$
competition,r2,332,1260,0.0027337148860336,0.0025677153928451,1.0646487121006694,Variable-delay competition,$r_2$
competition,r2,333,1262,0.0032310685641317,0.0049892968072962,0.6475999903246247,Variable-delay competition,$r_2$
competition,r2,334,1266,0.0085473886728262,0.027289093393946,0.31321629302358617,Variable-delay competition,$r_2$
competition,r2,335,1267,0.0080474177777863,0.0128052843329491,0.6284450675632091,Variable-delay competition,$r_2$
competition,r2,336,1274,0.0022245039703841,0.0055651306877496,0.3997217846619221,Variable-delay competition,$r_2$
competition,r2,337,1275,0.0092022867541107,0.0146466517486468,0.6282860350633309,Variable-delay competition,$r_2$
competition,r2,338,1277,0.0044834256147396,0.0074192665841228,0.6042949884472559,Variable-delay competition,$r_2$
competition,r2,339,1278,0.002828498741101,0.0040367581457119,0.7006857084330431,Variable-delay competition,$r_2$
competition,r2,340,1284,0.002482255686103,0.0064996621928328,0.38190533791743697,Variable-delay competition,$r_2$
competition,r2,341,1285,0.0011839840339006,0.0044968427881912,0.26329228965036666,Variable-delay competition,$r_2$
competition,r2,342,1286,0.0027994221360243,0.0078289966123848,0.35757099851031415,Variable-delay competition,$r_2$
competition,r2,343,1287,0.0115206279146116,0.0270525552876488,0.42586098770017095,Variable-delay competition,$r_2$
competition,r2,344,1291,0.003431320508707,0.0056857774988689,0.6034918723762247,Variable-delay competition,$r_2$
competition,r2,345,1292,0.0017359827573089,0.0053204929630134,0.32628231432255866,Variable-delay competition,$r_2$
competition,r2,346,1293,0.001972174260364,0.0056649586548624,0.3481356847452408,Variable-delay competition,$r_2$
competition,r2,347,1294,0.0026742847227051,0.0042943926049485,0.6227387592889102,Variable-delay competition,$r_2$
competition,r2,348,1298,0.0088532769240602,0.0284124906288263,0.3115980587452612,Variable-delay competition,$r_2$
competition,r2,349,1299,0.0031202340367161,0.0052161331260369,0.598189110845563,Variable-delay competition,$r_2$
competition,r2,350,1306,0.0041849668227435,0.0069124120776752,0.605427855821784,Variable-delay competition,$r_2$
competition,r2,351,1307,0.0026322562670095,0.005330767667097,0.4937855917556729,Variable-delay competition,$r_2$
competition,r2,352,1314,0.0023254561932012,0.0045890491519462,0.5067403107275462,Variable-delay competition,$r_2$
competition,r2,353,1319,0.0081516584035205,0.0146983477264392,0.5545969217245692,Variable-delay competition,$r_2$
competition,r2,354,1326,0.0047371114659021,0.0117821200371594,0.4020593450891534,Variable-delay competition,$r_2$
competition,r2,355,1327,0.002611086534291,0.005850960366034,0.44626631714152126,Variable-delay competition,$r_2$
competition,r2,356,1331,0.0029730211373546,0.0048074518722441,0.6184193240746486,Variable-delay competition,$r_2$
competition,r2,357,1340,0.0040420807714164,0.0132116487613332,0.30594824646310914,Variable-delay competition,$r_2$
competition,r2,358,1343,0.0059541624399318,0.0189890411853775,0.31355782431589013,Variable-delay competition,$r_2$
competition,r2,359,1344,0.0025864065935721,0.0051102041342422,0.5061258857041026,Variable-delay competition,$r_2$
competition,r2,360,1346,0.0027141170578914,0.0082997451395452,0.3270120964268699,Variable-delay competition,$r_2$
competition,r2,361,1350,0.0029035963758517,0.0039554880045537,0.734067799601206,Variable-delay competition,$r_2$
competition,r2,362,1367,0.0035340992442753,0.0091143549932082,0.387750888231677,Variable-delay competition,$r_2$
competition,r2,363,1368,0.0103621633056731,0.0287492674374233,0.3604322554732137,Variable-delay competition,$r_2$
competition,r2,364,1369,0.0055930864633472,0.004335547724392,1.2900530264908,Variable-delay competition,$r_2$
competition,r2,365,1373,0.0132126935942636,0.0214655564937204,0.6155299816302867,Variable-delay competition,$r_2$
competition,r2,366,1379,0.0057542048410506,0.0094946509069343,0.6060470150459231,Variable-delay competition,$r_2$
competition,r2,367,1382,0.0080643221052222,0.0114321248527135,0.7054088552320238,Variable-delay competition,$r_2$
competition,r2,368,1385,0.0041209175504608,0.0064240260361347,0.6414851881485109,Variable-delay competition,$r_2$
competition,r2,369,1387,0.0030857992485819,0.0078695655701877,0.392118118981287,Variable-delay competition,$r_2$
competition,r2,370,1392,0.0032520157204625,0.0057251492760604,0.568022869562675,Variable-delay competition,$r_2$
competition,r2,371,1395,0.0061590503182909,0.0181883319867019,0.33862645144117604,Variable-delay competition,$r_2$
competition,r2,372,1398,0.003195916068481,0.0103236725365373,0.3095716235835735,Variable-delay competition,$r_2$
competition,r2,373,1402,0.0056620091729542,0.0100276801447326,0.5646379911637264,Variable-delay competition,$r_2$
competition,r2,374,1403,0.0024551709879767,0.0074800384959131,0.32822972626653485,Variable-delay competition,$r_2$
competition,r2,375,1404,0.0062657406737974,0.0137916777466445,0.45431315818859297,Variable-delay competition,$r_2$
competition,r2,376,1411,0.0056726375904209,0.0180906359351738,0.3135676164590508,Variable-delay competition,$r_2$
competition,r2,377,1412,0.0034296189200726,0.005476012451625,0.626298597815435,Variable-delay competition,$r_2$
competition,r2,378,1416,0.0042920734142662,0.0158711532039921,0.27043235983549113,Variable-delay competition,$r_2$
competition,r2,379,1423,0.0036763743591792,0.004706073998644,0.7811977372728317,Variable-delay competition,$r_2$
competition,r2,380,1427,0.0030092181498257,0.0054126812352191,0.5559570237104291,Variable-delay competition,$r_2$
competition,r2,381,1432,0.0081809427870886,0.0235161910371107,0.3478855386987767,Variable-delay competition,$r_2$
competition,r2,382,1433,0.0026497126813433,0.0060708043891478,0.4364681369210215,Variable-delay competition,$r_2$
competition,r2,383,1437,0.0068903359723707,0.0208320321575515,0.3307567845642457,Variable-delay competition,$r_2$
competition,r2,384,1442,0.0052542574235182,0.0146142961917786,0.3595285982005776,Variable-delay competition,$r_2$
competition,r2,385,1445,0.0022481918963127,0.0061217514585488,0.3672465162193383,Variable-delay competition,$r_2$
competition,r2,386,1448,0.0077527339020878,0.0185219238892543,0.41857065974586116,Variable-delay competition,$r_2$
competition,r2,387,1452,0.0029115050903151,0.0030985125546684,0.9396460524029365,Variable-delay competition,$r_2$
competition,r2,388,1453,0.002906855660023,0.0052862433117001,0.5498906290577327,Variable-delay competition,$r_2$
competition,r2,389,1470,0.0024309361511797,0.005520379582171,0.4403567028308741,Variable-delay competition,$r_2$
competition,r2,390,1483,0.0018592009286771,0.0048854477633715,0.38055896178368825,Variable-delay competition,$r_2$
competition,r2,391,1488,0.0027861436988885,0.0067479012344417,0.4128904087492941,Variable-delay competition,$r_2$
competition,r2,392,1491,0.0045944217039609,0.0167824288888078,0.27376381180586556,Variable-delay competition,$r_2$
competition,r2,393,1494,0.0038797692240585,0.0045868588805726,0.8458444711458333,Variable-delay competition,$r_2$
competition,r2,394,1495,0.0037795885042769,0.0110150769435277,0.3431286520878759,Variable-delay competition,$r_2$
competition,r2,395,1503,0.0050847368776551,0.0072068564002251,0.7055415836364219,Variable-delay competition,$r_2$
competition,r2,396,1504,0.0083310828907372,0.0105245331341848,0.7915869316499141,Variable-delay competition,$r_2$
competition,r2,397,1508,0.006475594582553,0.0074409565328238,0.8702637293992563,Variable-delay competition,$r_2$
competition,r2,398,1512,0.0108947035873474,0.0232959604878732,0.4676649238402803,Variable-delay competition,$r_2$
competition,r2,399,1526,0.0051423333665908,0.0063371089395156,0.8114636209779081,Variable-delay competition,$r_2$
competition,r2,400,1529,0.0080764716629755,0.015488349722041,0.5214546293129033,Variable-delay competition,$r_2$
competition,r2,401,1534,0.0037086690042327,0.0097398249365885,0.38077368211216633,Variable-delay competition,$r_2$
competition,r2,402,1554,0.0041603963857322,0.0159605140796742,0.2606680690210654,Variable-delay competition,$r_2$
competition,r2,403,1567,0.0028347798809068,0.0043253151461528,0.6553926789423026,Variable-delay competition,$r_2$
competition,r2,404,1569,0.0056631620532814,0.0137517606721072,0.41181359887741753,Variable-delay competition,$r_2$
competition,r2,405,1571,0.0073115287296727,0.0266877113660493,0.27396611981400704,Variable-delay competition,$r_2$
competition,r2,406,1575,0.0025969909063462,0.0068622239609444,0.37844741313117886,Variable-delay competition,$r_2$
competition,r2,407,1580,0.0040725015223633,0.0068592394090495,0.5937249423005102,Variable-delay competition,$r_2$
competition,r2,408,1584,0.0029836391287489,0.0058565090027346,0.5094569354125025,Variable-delay competition,$r_2$
competition,r2,409,1585,0.0046999862788104,0.0068841881672801,0.6827219367926335,Variable-delay competition,$r_2$
competition,r2,410,1593,0.002267889553888,0.0058753483671415,0.38600086533956174,Variable-delay competition,$r_2$
competition,r2,411,1594,0.0056252270766072,0.0131530039172693,0.4276762260536949,Variable-delay competition,$r_2$
competition,r2,412,1598,0.0021825457317363,0.0062849003995279,0.3472681495318916,Variable-delay competition,$r_2$
competition,r2,413,1599,0.0077112562127816,0.0268333957815536,0.2873753391317934,Variable-delay competition,$r_2$
competition,r2,414,1601,0.0024844480726486,0.0089650015604053,0.27712745568515884,Variable-delay competition,$r_2$
competition,r2,415,1605,0.0013092487223023,0.0049033280617926,0.26701226305948084,Variable-delay competition,$r_2$
competition,r2,416,1623,0.0035484452271616,0.0096346164269706,0.3683016603783295,Variable-delay competition,$r_2$
competition,r2,417,1627,0.0026593274275562,0.0043747709461955,0.6078780947077635,Variable-delay competition,$r_2$
competition,r2,418,1628,0.0033166023090039,0.0051061019144988,0.6495370371645721,Variable-delay competition,$r_2$
competition,r2,419,1629,0.0084197492535874,0.0288594261637836,0.2917504043844624,Variable-delay competition,$r_2$
competition,r2,420,1634,0.0093808894887555,0.0147838904833491,0.6345345630990078,Variable-delay competition,$r_2$
competition,r2,421,1637,0.0095973039077205,0.0156393151483249,0.6136652287327589,Variable-delay competition,$r_2$
competition,r2,422,1640,0.0027260328614541,0.003854912827128,0.7071581080304371,Variable-delay competition,$r_2$
competition,r2,423,1643,0.0056191433763689,0.0049867766760155,1.1268087065929469,Variable-delay competition,$r_2$
competition,r2,424,1644,0.0033054754958228,0.0057906302998843,0.5708317272281819,Variable-delay competition,$r_2$
competition,r2,425,1648,0.0024567766737713,0.0031573231238521,0.7781201281590411,Variable-delay competition,$r_2$
competition,r2,426,1657,0.0039890161869375,0.0145308374334036,0.2745207360015961,Variable-delay competition,$r_2$
competition,r2,427,1675,0.002962583793522,0.0044070693665677,0.6722344367883889,Variable-delay competition,$r_2$
competition,r2,428,1682,0.0027095512580798,0.0040811195500433,0.6639235202142147,Variable-delay competition,$r_2$
competition,r2,429,1695,0.0110433382051872,0.0309545080572601,0.35676025555822344,Variable-delay competition,$r_2$
competition,r2,430,1697,0.0037189548204813,0.0047557852048403,0.7819854472603716,Variable-delay competition,$r_2$
competition,r2,431,1706,0.0026603710177093,0.0103598941192305,0.2567951937627432,Variable-delay competition,$r_2$
competition,r2,432,1715,0.0031172998414443,0.0080904865211031,0.38530437363849296,Variable-delay competition,$r_2$
competition,r2,433,1717,0.0069716098787181,0.0104206091410023,0.6690213388089461,Variable-delay competition,$r_2$
competition,r2,434,1718,0.0044785850075104,0.0073027352647085,0.613275005209869,Variable-delay competition,$r_2$
competition,r2,435,1720,0.0024551280799012,0.0037498561417672,0.6547259380313635,Variable-delay competition,$r_2$
competition,r2,436,1725,0.0037680373586012,0.0046621160677066,0.8082246996597797,Variable-delay competition,$r_2$
competition,r2,437,1729,0.0020030938344562,0.0052380685332037,0.38241077255074984,Variable-delay competition,$r_2$
competition,r2,438,1733,0.0040989923055911,0.0088769760023727,0.46175547894862995,Variable-delay competition,$r_2$
competition,r2,439,1735,0.0040134507937552,0.0186813418873488,0.2148373932641932,Variable-delay competition,$r_2$
competition,r2,440,1736,0.0023383704813402,0.0048384633768573,0.4832878331837305,Variable-delay competition,$r_2$
competition,r2,441,1738,0.0023575927678791,0.0019934773589369,1.1826533957407868,Variable-delay competition,$r_2$
competition,r2,442,1739,0.0037701177745038,0.003937643118361,0.9574554273148729,Variable-delay competition,$r_2$
competition,r2,443,1743,0.0030808623165869,0.0041530644890119,0.7418286724750333,Variable-delay competition,$r_2$
competition,r2,444,1745,0.0053702381270569,0.0133518463114472,0.4022094024893567,Variable-delay competition,$r_2$
competition,r2,445,1755,0.005867114738538,0.0134880250106016,0.4349869409291904,Variable-delay competition,$r_2$
competition,r2,446,1760,0.0067571193935344,0.0221810186833134,0.3046352149109241,Variable-delay competition,$r_2$
competition,r2,447,1764,0.0117111731016283,0.0268129291426039,0.43677335808194306,Variable-delay competition,$r_2$
competition,r2,448,1767,0.0028384320136279,0.0059429270569689,0.4776151526711821,Variable-delay competition,$r_2$
competition,r2,449,1771,0.0049100054240241,0.0154134888161782,0.3185525018106539,Variable-delay competition,$r_2$
competition,r2,450,1776,0.0029348492031501,0.0064736145371901,0.4533555691785109,Variable-delay competition,$r_2$
competition,r2,451,1784,0.0033614085214411,0.0047489416408303,0.7078226635889749,Variable-delay competition,$r_2$
competition,r2,452,1788,0.0033094509364673,0.0118710209661263,0.2787840191598302,Variable-delay competition,$r_2$
competition,r2,453,1794,0.0039765574032186,0.0050718295466143,0.7840479193298504,Variable-delay competition,$r_2$
competition,r2,454,1796,0.0071840469774613,0.0079384346019094,0.9049702287316632,Variable-delay competition,$r_2$
competition,r2,455,1798,0.0030595144820492,0.0049473113534478,0.6184196351250489,Variable-delay competition,$r_2$
competition,r2,456,1800,0.0021266138674795,0.0053877176037407,0.394715169555841,Variable-delay competition,$r_2$
competition,r2,457,1802,0.0101948210836774,0.0112621156282996,0.9052314343194731,Variable-delay competition,$r_2$
competition,r2,458,1804,0.0018753817515761,0.0051489739496001,0.36422436196666974,Variable-delay competition,$r_2$
competition,r2,459,1808,0.0078821393311542,0.0308787247260018,0.25526116771645524,Variable-delay competition,$r_2$
competition,r2,460,1815,0.0022156715825371,0.0055065776682324,0.40236817058249646,Variable-delay competition,$r_2$
competition,r2,461,1817,0.0028558415059415,0.0044929923103663,0.6356212761264824,Variable-delay competition,$r_2$
competition,r2,462,1819,0.0041399763848869,0.0087505611080731,0.4731098193311784,Variable-delay competition,$r_2$
competition,r2,463,1823,0.0014477788242443,0.0084930433272513,0.17046643570024753,Variable-delay competition,$r_2$
competition,r2,464,1826,0.0045063680486977,0.0131818962218033,0.34186037978693956,Variable-delay competition,$r_2$
competition,r2,465,1834,0.0059599626116156,0.0122037182558905,0.4883726817225431,Variable-delay competition,$r_2$
competition,r2,466,1836,0.0043116477967637,0.0060675955346904,0.7106023748802338,Variable-delay competition,$r_2$
competition,r2,467,1840,0.0177134127942994,0.0294431803304445,0.601613432907028,Variable-delay competition,$r_2$
competition,r2,468,1850,0.0030855559463783,0.0066869366189995,0.4614304160759282,Variable-delay competition,$r_2$
competition,r2,469,1854,0.0035096383940589,0.0092227690565572,0.38054063508872304,Variable-delay competition,$r_2$
competition,r2,470,1860,0.0076179336884038,0.0114658034947001,0.664404696271402,Variable-delay competition,$r_2$
competition,r2,471,1862,0.0074366034733477,0.0183215751775721,0.4058932379597489,Variable-delay competition,$r_2$
competition,r2,472,1866,0.0022612630628932,0.0069685762575187,0.3244942696082898,Variable-delay competition,$r_2$
competition,r2,473,1868,0.0019946655612082,0.0107428762948235,0.1856733249520278,Variable-delay competition,$r_2$
competition,r2,474,1869,0.0043318378853598,0.0084792124982867,0.510877382331801,Variable-delay competition,$r_2$
competition,r2,475,1870,0.003515401346185,0.0059876138953886,0.5871122299472932,Variable-delay competition,$r_2$
competition,r2,476,1872,0.0045637854062944,0.005818245291724,0.7843920593698634,Variable-delay competition,$r_2$
competition,r2,477,1877,0.0153182102699785,0.0295337530133562,0.518667920837933,Variable-delay competition,$r_2$
competition,r2,478,1881,0.0050524261156711,0.0070616857843551,0.7154702531319873,Variable-delay competition,$r_2$
competition,r2,479,1895,0.0035617285749863,0.0103590056452686,0.34382919528701034,Variable-delay competition,$r_2$
competition,r2,480,1899,0.004549666035514,0.0043651003154874,1.0422821256528192,Variable-delay competition,$r_2$
competition,r2,481,1902,0.0096565489057632,0.0157168505921648,0.6144073743741767,Variable-delay competition,$r_2$
competition,r2,482,1910,0.0020066157452045,0.0055319283423153,0.36273350286469236,Variable-delay competition,$r_2$
competition,r2,483,1913,0.0069165118837632,0.0223767127999377,0.30909418848073417,Variable-delay competition,$r_2$
competition,r2,484,1915,0.0024339709794654,0.0060061128223232,0.40524896076193345,Variable-delay competition,$r_2$
competition,r2,485,1916,0.0032165472379911,0.003337264680874,0.9638274292192835,Variable-delay competition,$r_2$
competition,r2,486,1918,0.0069899882346184,0.0177736972270298,0.39327710747700817,Variable-delay competition,$r_2$
competition,r2,487,1919,0.0039673142821926,0.0128242594803219,0.3093601067788919,Variable-delay competition,$r_2$
competition,r2,488,1926,0.0034462678526594,0.0063709816536554,0.5409320007509482,Variable-delay competition,$r_2$
competition,r2,489,1932,0.0079262483808165,0.0156004642158088,0.5080777258400042,Variable-delay competition,$r_2$
competition,r2,490,1935,0.0048466896377555,0.0055434317766446,0.8743121288468652,Variable-delay competition,$r_2$
competition,r2,491,1952,0.0064873655305636,0.0090216726856111,0.7190867765475982,Variable-delay competition,$r_2$
competition,r2,492,1953,0.0065943109470967,0.0194137541811763,0.3396721152207946,Variable-delay competition,$r_2$
competition,r2,493,1956,0.0028584814481692,0.006469380596966,0.44184777898362726,Variable-delay competition,$r_2$
competition,r2,494,1958,0.0036170135222504,0.0061509377875549,0.5880426119036107,Variable-delay competition,$r_2$
competition,r2,495,1962,0.0033547692642894,0.0066755879985447,0.502542886861914,Variable-delay competition,$r_2$
competition,r2,496,1963,0.0037195827850048,0.0087652599832149,0.42435510094710743,Variable-delay competition,$r_2$
competition,r2,497,1967,0.0034878524244506,0.0113781138286494,0.30654047559872355,Variable-delay competition,$r_2$
competition,r2,498,1972,0.0044219518266623,0.0070833224694854,0.6242765094645695,Variable-delay competition,$r_2$
competition,r2,499,1979,0.0125324619779286,0.0222676289403588,0.5628107964029448,Variable-delay competition,$r_2$
competition,r2,500,1983,0.0027020037958495,0.0042006802489981,0.6432300569637388,Variable-delay competition,$r_2$
competition,r2,501,1985,0.0022971173776357,0.0030263318097015,0.7590434632024948,Variable-delay competition,$r_2$
competition,r2,502,2008,0.0061948679675934,0.0181225001758846,0.3418329649590424,Variable-delay competition,$r_2$
competition,r2,503,2009,0.0017238958057431,0.0022045756194918,0.7819626555338998,Variable-delay competition,$r_2$
competition,r2,504,2010,0.0044404023429961,0.0103161506431201,0.43043209590560116,Variable-delay competition,$r_2$
competition,r2,505,2015,0.0037955988130596,0.0073139254520199,0.5189550861516319,Variable-delay competition,$r_2$
competition,r2,506,2016,0.0077859070222214,0.015318660183649,0.5082629243601869,Variable-delay competition,$r_2$
competition,r2,507,2022,0.0033217718922258,0.0066874645299929,0.49671618852374333,Variable-delay competition,$r_2$
competition,r2,508,2024,0.0022773135682564,0.0034938645407494,0.6518036236653693,Variable-delay competition,$r_2$
competition,r2,509,2033,0.0046499262253803,0.0144879394648326,0.3209515222414706,Variable-delay competition,$r_2$
competition,r2,510,2038,0.0085445252112453,0.0203818545140875,0.41922216672381346,Variable-delay competition,$r_2$
competition,r2,511,2045,0.0033579767579928,0.0056020454253665,0.5994197659996863,Variable-delay competition,$r_2$
sei,a,0,0,0.001575688372965,0.0142416224142805,0.11063966780814315,Delayed SEI,$a$
sei,a,1,4,0.0035496536983295,0.0267207682626904,0.1328425015116725,Delayed SEI,$a$
sei,a,2,9,0.0673554828888342,0.8207333813977344,0.08206743434040141,Delayed SEI,$a$
sei,a,3,10,0.001124614389752,0.015349914532844,0.0732651890240612,Delayed SEI,$a$
sei,a,4,12,0.0337456616571073,0.3063345717864928,0.11015949476517833,Delayed SEI,$a$
sei,a,5,14,0.0058939324075129,0.0364519709920092,0.16169036260905992,Delayed SEI,$a$
sei,a,6,16,0.0665441502174744,0.4432693991669767,0.15012123630128513,Delayed SEI,$a$
sei,a,7,20,0.0116226048039681,0.1705944429524555,0.06813003168694838,Delayed SEI,$a$
sei,a,8,21,0.0122264690626312,0.2790700145056957,0.04381147535426693,Delayed SEI,$a$
sei,a,9,27,0.0109791625251786,0.1113320225118121,0.09861639335631159,Delayed SEI,$a$
sei,a,10,34,0.0168311064136589,0.1368311357219723,0.12300640731257313,Delayed SEI,$a$
sei,a,11,35,0.0060913990179775,0.0575299322340708,0.10588225609572344,Delayed SEI,$a$
sei,a,12,37,0.0057121297396309,0.0353227525933324,0.161712474828735,Delayed SEI,$a$
sei,a,13,42,0.0016291093472782,0.0551794732091223,0.029523829288911636,Delayed SEI,$a$
sei,a,14,46,0.0022278108623231,0.0324159347671216,0.06872579422212725,Delayed SEI,$a$
sei,a,15,51,0.0024779760090764,0.072893596158772,0.03399442666649395,Delayed SEI,$a$
sei,a,16,61,0.0423144926632697,0.2633796423142681,0.16065969370851937,Delayed SEI,$a$
sei,a,17,62,0.072424630490069,1.3972750531185487,0.05183276573100335,Delayed SEI,$a$
sei,a,18,68,0.001124817511039,0.0237301633172266,0.047400327423050365,Delayed SEI,$a$
sei,a,19,71,0.0136441661436231,0.1387367942807075,0.09834569275124468,Delayed SEI,$a$
sei,a,20,78,0.0026376884126246,0.0457847173320333,0.0576106737428548,Delayed SEI,$a$
sei,a,21,79,0.0014100468367849,0.0140834841938616,0.10012059639329024,Delayed SEI,$a$
sei,a,22,80,0.0045610552494881,0.0257805248037467,0.1769186346751653,Delayed SEI,$a$
sei,a,23,87,0.0020326369003008,0.0195963984882542,0.10372502383635103,Delayed SEI,$a$
sei,a,24,88,0.0196459279607816,0.0895665773676485,0.21934440879816092,Delayed SEI,$a$
sei,a,25,94,0.0042347286658229,0.0272862969048482,0.15519616606790196,Delayed SEI,$a$
sei,a,26,97,0.0057658432655886,0.0258023471694304,0.22346196753835415,Delayed SEI,$a$
sei,a,27,103,0.008158998805579,0.1261580051515708,0.0646728584189048,Delayed SEI,$a$
sei,a,28,104,0.0074384389981554,0.030633530318559,0.24282016864536504,Delayed SEI,$a$
sei,a,29,109,0.000903447192014,0.0123148517999618,0.07336240879624735,Delayed SEI,$a$
sei,a,30,110,0.004466435674907,0.0174882729962256,0.25539604029917456,Delayed SEI,$a$
sei,a,31,112,0.0057437283011036,0.1676558018299276,0.034259048827490736,Delayed SEI,$a$
sei,a,32,115,0.0167102441860076,0.2198268018775745,0.07601549967193644,Delayed SEI,$a$
sei,a,33,118,0.0226419146662713,0.1526992676577932,0.14827782093240277,Delayed SEI,$a$
sei,a,34,122,0.0016507757135869,0.0183992411259179,0.08971977171719066,Delayed SEI,$a$
sei,a,35,124,0.001468074121904,0.0119032339332008,0.12333405611807817,Delayed SEI,$a$
sei,a,36,125,0.0018619094060637,0.0208845437264454,0.08915250581730576,Delayed SEI,$a$
sei,a,37,138,0.0108617044749319,0.1102738948434652,0.098497513761985,Delayed SEI,$a$
sei,a,38,145,0.0030553439863017,0.0229135950757526,0.13334197345290857,Delayed SEI,$a$
sei,a,39,146,0.0026710100599927,0.0335656136777533,0.07957578507682697,Delayed SEI,$a$
sei,a,40,147,0.0073957370172204,0.032625885793695,0.22668310261325186,Delayed SEI,$a$
sei,a,41,156,0.0020767203884424,0.0208206301539112,0.09974339744238161,Delayed SEI,$a$
sei,a,42,161,0.0013761952456294,0.009328904173295,0.14751949640225784,Delayed SEI,$a$
sei,a,43,169,0.1095709598542326,1.3926465211098005,0.07867822752819967,Delayed SEI,$a$
sei,a,44,170,0.0012795066446681,0.0122399830122738,0.10453500167320971,Delayed SEI,$a$
sei,a,45,176,0.0557174589919743,0.582417142209827,0.09566589812341239,Delayed SEI,$a$
sei,a,46,182,0.0548685375769978,0.97512777676551,0.05626804905403909,Delayed SEI,$a$
sei,a,47,185,0.006339126886569,0.2379049053002178,0.026645633382672403,Delayed SEI,$a$
sei,a,48,187,0.0189589271673696,0.1198494589281152,0.1581895098812338,Delayed SEI,$a$
sei,a,49,188,0.0022742399859617,0.0326277473172343,0.06970263573055267,Delayed SEI,$a$
sei,a,50,189,0.0017342938231664,0.0384124460415937,0.045149268059849014,Delayed SEI,$a$
sei,a,51,191,0.0046158026747643,0.0847403289922071,0.05446996406148929,Delayed SEI,$a$
sei,a,52,197,0.0024269421741999,0.0348658921479066,0.06960791836056938,Delayed SEI,$a$
sei,a,53,201,0.000902149863109,0.0148808374735475,0.06062493893322073,Delayed SEI,$a$
sei,a,54,203,0.0084624492976866,0.1874605681045302,0.045142556556042435,Delayed SEI,$a$
sei,a,55,205,0.0049010543657635,0.0491305191003686,0.09975580261529804,Delayed SEI,$a$
sei,a,56,207,0.0085656685964505,0.0843024335579472,0.10160642148678535,Delayed SEI,$a$
sei,a,57,217,0.0035103602807669,0.027344531599294,0.12837522076470795,Delayed SEI,$a$
sei,a,58,220,0.0027956841562749,0.0465191592489483,0.06009747814473033,Delayed SEI,$a$
sei,a,59,223,0.1106085528889468,1.5489661678151805,0.07140798500780708,Delayed SEI,$a$
sei,a,60,234,0.0012637701674443,0.0131962336952361,0.09576748916628589,Delayed SEI,$a$
sei,a,61,241,0.013824241233504,0.1111970285413233,0.12432203823114396,Delayed SEI,$a$
sei,a,62,243,0.0009357335957835,0.0178188658486737,0.052513645017039555,Delayed SEI,$a$
sei,a,63,248,0.0020207355804986,0.0136570095213653,0.14796325486464082,Delayed SEI,$a$
sei,a,64,250,0.2069743465894548,1.3523964788228262,0.15304265415539428,Delayed SEI,$a$
sei,a,65,251,0.0018020046637638,0.0128471133468992,0.1402653354964549,Delayed SEI,$a$
sei,a,66,256,0.0025923530784561,0.0173589220014944,0.14933836779915993,Delayed SEI,$a$
sei,a,67,259,0.0016450078824073,0.0136867073925013,0.12019018418619588,Delayed SEI,$a$
sei,a,68,261,0.0016857646845835,0.018035150279678,0.0934710639191634,Delayed SEI,$a$
sei,a,69,265,0.0014496238267364,0.0131504512286696,0.11023377080598132,Delayed SEI,$a$
sei,a,70,272,0.0006434596327021,0.0140566296137748,0.04577623871312235,Delayed SEI,$a$
sei,a,71,287,0.0070405976464786,0.0328805137535644,0.21412675298345565,Delayed SEI,$a$
sei,a,72,291,0.1101682979922224,1.0135043738743923,0.10870036758802977,Delayed SEI,$a$
sei,a,73,292,0.0022254466389994,0.0192654187915905,0.11551509277186459,Delayed SEI,$a$
sei,a,74,294,0.0064528157183744,0.0519720787114462,0.12415927702644013,Delayed SEI,$a$
sei,a,75,303,0.0041825988870467,0.0462477173627323,0.09043903408770515,Delayed SEI,$a$
sei,a,76,305,0.0017093013600302,0.0104829559147563,0.16305528459049487,Delayed SEI,$a$
sei,a,77,313,0.0275452025834763,0.26226280624967,0.10502900879224827,Delayed SEI,$a$
sei,a,78,314,0.0275056778660182,0.2593279523821341,0.10606522595561571,Delayed SEI,$a$
sei,a,79,316,0.000992905892479,0.0071344946240797,0.13916975830745376,Delayed SEI,$a$
sei,a,80,323,0.0058745120402121,0.0203143994391483,0.2891797051549162,Delayed SEI,$a$
sei,a,81,325,0.0015461465302486,0.0217808351306187,0.0709865586409533,Delayed SEI,$a$
sei,a,82,328,0.0418932930060847,0.3839129109304064,0.10912186543702586,Delayed SEI,$a$
sei,a,83,331,0.0029434825774286,0.0491649531550178,0.05986952877078429,Delayed SEI,$a$
sei,a,84,332,0.1338495354704658,1.1448973551246948,0.11690963811850869,Delayed SEI,$a$
sei,a,85,339,0.0035511140461563,0.0619842288167317,0.05729060623882007,Delayed SEI,$a$
sei,a,86,351,0.0060957212973397,0.0761575904695336,0.08004088968358652,Delayed SEI,$a$
sei,a,87,362,0.0196810514634322,0.1921441128993234,0.10242859469623387,Delayed SEI,$a$
sei,a,88,363,0.0051142442058888,0.1410658692949521,0.03625429901258056,Delayed SEI,$a$
sei,a,89,369,0.0150243850317044,0.1335001204927286,0.11254210839849196,Delayed SEI,$a$
sei,a,90,388,0.0026560336837923,0.0504815510442548,0.052613947647208385,Delayed SEI,$a$
sei,a,91,392,0.0031887852577408,0.0281992540548529,0.11308048260915014,Delayed SEI,$a$
sei,a,92,394,0.0017949474978541,0.0297668312462242,0.060300254434431336,Delayed SEI,$a$
sei,a,93,396,0.001806775291066,0.0138160364514517,0.13077377853010483,Delayed SEI,$a$
sei,a,94,402,0.0150289669206853,0.163543725721004,0.09189571079188838,Delayed SEI,$a$
sei,a,95,407,0.0445507314965949,0.477519985256649,0.09329605644180643,Delayed SEI,$a$
sei,a,96,411,0.0417703947108199,0.512021173586418,0.08157942847996298,Delayed SEI,$a$
sei,a,97,413,0.0208288711270628,0.1072080830619548,0.19428452157871287,Delayed SEI,$a$
sei,a,98,417,0.0040757379505707,0.0459446529331712,0.08870973422084752,Delayed SEI,$a$
sei,a,99,419,0.0017545677036369,0.0183297016452126,0.09572265482538078,Delayed SEI,$a$
sei,a,100,422,0.0055399179356576,0.0326250245668121,0.16980578587190084,Delayed SEI,$a$
sei,a,101,423,0.0040224819512081,0.0271440549152336,0.14819016406243085,Delayed SEI,$a$
sei,a,102,424,0.0013422070556357,0.0197355522787536,0.06800960199531174,Delayed SEI,$a$
sei,a,103,425,0.1302073342478219,1.330750920526618,0.09784500783684973,Delayed SEI,$a$
sei,a,104,429,0.0083158243647409,0.0941008988510094,0.08837135953299874,Delayed SEI,$a$
sei,a,105,436,0.0025895297700585,0.0235293024091595,0.1100555267227322,Delayed SEI,$a$
sei,a,106,441,0.0115993825670685,0.0821180708734347,0.14125249708978385,Delayed SEI,$a$
sei,a,107,448,0.0015302863933723,0.0288426141052632,0.05305643891317928,Delayed SEI,$a$
sei,a,108,453,0.0941796692068379,0.7364777745387395,0.1278784947255512,Delayed SEI,$a$
sei,a,109,460,0.0037117251692329,0.0391072452372014,0.09491144535289489,Delayed SEI,$a$
sei,a,110,467,0.0036847766435367,0.0332363956741482,0.11086571118187699,Delayed SEI,$a$
sei,a,111,469,0.1449916904769619,0.9565561290698492,0.15157677220462865,Delayed SEI,$a$
sei,a,112,472,0.0102652826628791,0.1263946362535251,0.08121612567711159,Delayed SEI,$a$
sei,a,113,475,0.000898634997746,0.0169195451384843,0.05311224328968587,Delayed SEI,$a$
sei,a,114,477,0.0021175335718966,0.0222654483998411,0.09510401649542849,Delayed SEI,$a$
sei,a,115,478,0.0023935467239915,0.0120840898835617,0.19807422379797945,Delayed SEI,$a$
sei,a,116,481,0.0212388381343449,0.1226490303393202,0.1731675992511774,Delayed SEI,$a$
sei,a,117,484,0.0034822411118625,0.0285364132570204,0.12202798860875812,Delayed SEI,$a$
sei,a,118,485,0.0052739371144632,0.0630914433943212,0.08359195527515705,Delayed SEI,$a$
sei,a,119,492,0.0066529192162184,0.1632337651544972,0.04075700398089548,Delayed SEI,$a$
sei,a,120,499,0.0162289373165972,0.1327866161778393,0.1222181706540515,Delayed SEI,$a$
sei,a,121,502,0.006512278262164,0.0638260334594803,0.10203169316950102,Delayed SEI,$a$
sei,a,122,515,0.0016645895353194,0.0487312296987662,0.034158578505182786,Delayed SEI,$a$
sei,a,123,518,0.0050564089353798,0.0647254850002137,0.07812083502136917,Delayed SEI,$a$
sei,a,124,523,0.0035155290598896,0.0183403055770792,0.19168323260017722,Delayed SEI,$a$
sei,a,125,528,0.0038511519102513,0.0515063552267507,0.07477042188865926,Delayed SEI,$a$
sei,a,126,536,0.0031894784579481,0.0311404953800724,0.1024222132313646,Delayed SEI,$a$
sei,a,127,537,0.0068564475362683,0.0185953645938353,0.3687181018511106,Delayed SEI,$a$
sei,a,128,539,0.0027279375817386,0.0213199289957433,0.12795247030528364,Delayed SEI,$a$
sei,a,129,541,0.00159996048946,0.0225078769387943,0.07108446939757022,Delayed SEI,$a$
sei,a,130,546,0.0289733371840945,0.1811028499682825,0.15998277878657766,Delayed SEI,$a$
sei,a,131,550,0.0107573652116577,0.1639936677495918,0.06559622306931712,Delayed SEI,$a$
sei,a,132,551,0.0017921812842338,0.0171858885810836,0.10428214262988081,Delayed SEI,$a$
sei,a,133,552,0.0117361227769642,0.1628841088939308,0.07205198135446532,Delayed SEI,$a$
sei,a,134,558,0.019092202477937,0.0980705250538575,0.19467829368153292,Delayed SEI,$a$
sei,a,135,559,0.0760545802854813,1.016447656150138,0.07482390246591053,Delayed SEI,$a$
sei,a,136,561,0.0041897368540599,0.0668900128087772,0.06263620947475929,Delayed SEI,$a$
sei,a,137,564,0.0067476983377656,0.0487529623508521,0.13840591447973138,Delayed SEI,$a$
sei,a,138,572,0.0039469985324024,0.0469595387426938,0.08405104986293108,Delayed SEI,$a$
sei,a,139,576,0.0044137557988016,0.0339533467277883,0.12999471993696773,Delayed SEI,$a$
sei,a,140,577,0.0043868281059168,0.0370267358044162,0.1184773113430534,Delayed SEI,$a$
sei,a,141,582,0.0045161990955127,0.037686199534617,0.11983694698013536,Delayed SEI,$a$
sei,a,142,583,0.0017980951991892,0.0206185938094232,0.08720746020843705,Delayed SEI,$a$
sei,a,143,594,0.0020897393725067,0.0446076995565402,0.046847055402575916,Delayed SEI,$a$
sei,a,144,597,0.0295484218456951,0.1705046338907746,0.17329981696933727,Delayed SEI,$a$
sei,a,145,599,0.0036060163308541,0.0240329833499603,0.15004447339493773,Delayed SEI,$a$
sei,a,146,600,0.0190879074893665,0.1150548526259656,0.16590267210562432,Delayed SEI,$a$
sei,a,147,601,0.0300795687975453,0.2676273100040705,0.11239349525684732,Delayed SEI,$a$
sei,a,148,603,0.004257472619924,0.0785963012200136,0.05416886741280754,Delayed SEI,$a$
sei,a,149,607,0.0141124752416976,0.4335620056938462,0.03255007370655751,Delayed SEI,$a$
sei,a,150,610,0.0010289384103034,0.009391770340972,0.10955745008101532,Delayed SEI,$a$
sei,a,151,613,0.0123795482844046,0.1012651575376227,0.12224884239976881,Delayed SEI,$a$
sei,a,152,616,0.0833889945012306,2.032151211963339,0.04103483737347739,Delayed SEI,$a$
sei,a,153,623,0.0729677822945498,0.971447825498432,0.07511240478315073,Delayed SEI,$a$
sei,a,154,624,0.0029448124071329,0.0183879363329311,0.16014915180334904,Delayed SEI,$a$
sei,a,155,629,0.0309868672339065,0.1582786801215516,0.19577410684818602,Delayed SEI,$a$
sei,a,156,633,0.0022925128784507,0.017778757321242,0.1289467445349295,Delayed SEI,$a$
sei,a,157,634,0.2046974011795457,2.1954041255415344,0.09323905280038296,Delayed SEI,$a$
sei,a,158,635,0.0173974255020014,0.1365283856329444,0.12742716777428437,Delayed SEI,$a$
sei,a,159,638,0.0214448690540325,0.3662644207306224,0.05855023813466344,Delayed SEI,$a$
sei,a,160,645,0.0019915761148384,0.0292713857986359,0.06803832686770885,Delayed SEI,$a$
sei,a,161,646,0.0022407059206612,0.0339396238186206,0.0660203522772065,Delayed SEI,$a$
sei,a,162,653,0.0281509476398354,0.322578493710745,0.0872685197205932,Delayed SEI,$a$
sei,a,163,658,0.0017634758100921,0.0156939003427833,0.11236695605136927,Delayed SEI,$a$
sei,a,164,662,0.001737625565534,0.0107089188539989,0.16225966311110293,Delayed SEI,$a$
sei,a,165,664,0.0044055899621719,0.0259449480303416,0.16980531073023292,Delayed SEI,$a$
sei,a,166,671,0.0019284513936651,0.0143242652709511,0.13462829382082891,Delayed SEI,$a$
sei,a,167,672,0.1314544086731524,2.350964738137513,0.05591509159652199,Delayed SEI,$a$
sei,a,168,673,0.0019956082205631,0.0198517662436697,0.10052547446247795,Delayed SEI,$a$
sei,a,169,676,0.0108776901061961,0.1741120363083447,0.06247523340047664,Delayed SEI,$a$
sei,a,170,687,0.0204030783475123,0.35985528067243,0.05669801012614531,Delayed SEI,$a$
sei,a,171,689,0.0009908188696523,0.020158155980432,0.0491522573103468,Delayed SEI,$a$
sei,a,172,690,0.0015252557863993,0.0149381901932622,0.10210445620696805,Delayed SEI,$a$
sei,a,173,691,0.0394564517379039,0.2173679357478902,0.1815191905013381,Delayed SEI,$a$
sei,a,174,694,0.0014952869045846,0.01889700635168,0.0791282426833531,Delayed SEI,$a$
sei,a,175,698,0.0187215467389047,0.2164445057568364,0.08649582798806331,Delayed SEI,$a$
sei,a,176,699,0.0494842114067602,0.1530293274232856,0.3233642350781872,Delayed SEI,$a$
sei,a,177,700,0.0030044312660334,0.0634155709869907,0.0473768700537245,Delayed SEI,$a$
sei,a,178,706,0.0033629947477983,0.0223587847385022,0.15041044435689596,Delayed SEI,$a$
sei,a,179,720,0.0334993919783736,0.1691967194396406,0.19799078900181755,Delayed SEI,$a$
sei,a,180,726,0.0787294107170437,0.6718160955606594,0.11718893196707446,Delayed SEI,$a$
sei,a,181,735,0.0464262992533371,0.7278771105922875,0.06378315594449609,Delayed SEI,$a$
sei,a,182,741,0.0034661573841912,0.0529149159838846,0.06550435391878595,Delayed SEI,$a$
sei,a,183,744,0.0116225217851105,0.1603975978609449,0.07246069729290167,Delayed SEI,$a$
sei,a,184,748,0.007103134905411,0.0606555007901361,0.11710619503394033,Delayed SEI,$a$
sei,a,185,754,0.0025712109240728,0.0401055117718105,0.06411116104694771,Delayed SEI,$a$
sei,a,186,757,0.0017977503169421,0.0247030137579636,0.07277453409353961,Delayed SEI,$a$
sei,a,187,759,0.0240338449276494,0.1685602827380981,0.14258308385132565,Delayed SEI,$a$
sei,a,188,760,0.1478850304095526,1.0136091201398378,0.1458994670343439,Delayed SEI,$a$
sei,a,189,761,0.0037138311051101,0.0259639688669479,0.1430378816174673,Delayed SEI,$a$
sei,a,190,763,0.0052337413250374,0.0540582981389682,0.09681661290155619,Delayed SEI,$a$
sei,a,191,766,0.0041457483351523,0.0589201152477,0.07036218985186274,Delayed SEI,$a$
sei,a,192,769,0.0018280462354821,0.0539606974577711,0.03387736485268197,Delayed SEI,$a$
sei,a,193,771,0.0016634720759343,0.0218798498587092,0.07602758184705552,Delayed SEI,$a$
sei,a,194,775,0.0435362834445508,0.3309089270607244,0.13156575687231778,Delayed SEI,$a$
sei,a,195,776,0.0017352498072164,0.0155968623390802,0.11125633922333725,Delayed SEI,$a$
sei,a,196,783,0.004379245823674,0.0321030883510143,0.13641197930216073,Delayed SEI,$a$
sei,a,197,788,0.0017586710513343,0.0186761572976374,0.09416664377509704,Delayed SEI,$a$
sei,a,198,799,0.1324369619401452,1.5890888494688529,0.0833414456242719,Delayed SEI,$a$
sei,a,199,801,0.001834399166679,0.0381483398921316,0.04808595005355291,Delayed SEI,$a$
sei,a,200,803,0.0058737918756033,0.0552959236953228,0.1062246813701411,Delayed SEI,$a$
sei,a,201,806,0.0036550100160962,0.0241711289992068,0.15121387239363718,Delayed SEI,$a$
sei,a,202,812,0.0029512530986344,0.0472538813366852,0.062455252672402525,Delayed SEI,$a$
sei,a,203,815,0.003004939227821,0.0552418319497482,0.05439608213128234,Delayed SEI,$a$
sei,a,204,816,0.0020555894726483,0.0179595202983513,0.114456813907051,Delayed SEI,$a$
sei,a,205,817,0.0018534118228606,0.0196460497682965,0.09434017752777527,Delayed SEI,$a$
sei,a,206,819,0.0008998443374972,0.0056141901025972,0.1602803469517215,Delayed SEI,$a$
sei,a,207,828,0.0018221753088219,0.0190148935715775,0.09582884605494692,Delayed SEI,$a$
sei,a,208,836,0.0046079787437588,0.0502951692603128,0.09161871431248746,Delayed SEI,$a$
sei,a,209,837,0.0030310093267393,0.0205883862684422,0.14721937344770045,Delayed SEI,$a$
sei,a,210,844,0.008417228129761,0.0490866858879219,0.17147680633766546,Delayed SEI,$a$
sei,a,211,847,0.0044639800326515,0.0373558541624236,0.11949880769000952,Delayed SEI,$a$
sei,a,212,848,0.0036242821847742,0.0654435931606067,0.055380244417200034,Delayed SEI,$a$
sei,a,213,851,0.0010341037548418,0.0145318997643289,0.0711609474062152,Delayed SEI,$a$
sei,a,214,855,0.0040403844134679,0.0269470301392464,0.14993802257946684,Delayed SEI,$a$
sei,a,215,859,0.0108608292002507,0.0500766642087282,0.216884039140085,Delayed SEI,$a$
sei,a,216,860,0.0284583787180719,0.1881427592776081,0.15125949479714518,Delayed SEI,$a$
sei,a,217,863,0.0035168506564649,0.0476070957810147,0.07387240491715501,Delayed SEI,$a$
sei,a,218,871,0.0023688209395518,0.0136950426764254,0.17296922656761635,Delayed SEI,$a$
sei,a,219,874,0.0249290952077815,0.1135061804274661,0.21962764594754333,Delayed SEI,$a$
sei,a,220,879,0.0011718074300511,0.0198718600471555,0.05896818049595891,Delayed SEI,$a$
sei,a,221,880,0.0015684743261855,0.0288548802938821,0.054357332631806234,Delayed SEI,$a$
sei,a,222,881,0.0215842334617138,0.10894953517307,0.19811221247916772,Delayed SEI,$a$
sei,a,223,882,0.0585651344504231,0.3386920955295035,0.17291556320162624,Delayed SEI,$a$
sei,a,224,883,0.0020960617334982,0.0201989728817787,0.10377070882594416,Delayed SEI,$a$
sei,a,225,888,0.0013557052795705,0.0168729606160749,0.08034780086423703,Delayed SEI,$a$
sei,a,226,892,0.0041531664851231,0.0273248710292766,0.15199217155218359,Delayed SEI,$a$
sei,a,227,893,0.0015707446575539,0.0312426876898584,0.050275593225091675,Delayed SEI,$a$
sei,a,228,902,0.0137489640356424,0.086262974478467,0.15938430269494616,Delayed SEI,$a$
sei,a,229,906,0.0029316338572131,0.0160612623957231,0.18252823377032648,Delayed SEI,$a$
sei,a,230,909,0.0029735426097784,0.0217255945465013,0.13686818114062893,Delayed SEI,$a$
sei,a,231,911,0.0217848959360932,0.134756859306022,0.16166075736910324,Delayed SEI,$a$
sei,a,232,912,0.0023340508680486,0.0099273951244336,0.23511211539308682,Delayed SEI,$a$
sei,a,233,914,0.0040155213836609,0.1015765011888714,0.03953199152030682,Delayed SEI,$a$
sei,a,234,923,0.0011492042784444,0.0197414674579983,0.05821270788959496,Delayed SEI,$a$
sei,a,235,928,0.0688240986247118,0.6562331490323813,0.10487750996150261,Delayed SEI,$a$
sei,a,236,932,0.0013389897671926,0.0218717462644264,0.06122006679322256,Delayed SEI,$a$
sei,a,237,935,0.0043970681212153,0.068894379867017,0.06382332099806567,Delayed SEI,$a$
sei,a,238,941,0.0028766029504828,0.0269321438495191,0.10680928211862958,Delayed SEI,$a$
sei,a,239,949,0.0089123708054019,0.11535094159916,0.0772630954012672,Delayed SEI,$a$
sei,a,240,950,0.0439409554777156,0.4585434461114205,0.09582724570669904,Delayed SEI,$a$
sei,a,241,958,0.0067383231285739,0.1040377896233185,0.06476803431686524,Delayed SEI,$a$
sei,a,242,963,0.0051006043317718,0.0462915764704702,0.11018428666013395,Delayed SEI,$a$
sei,a,243,965,0.0022664651917465,0.0324040159983239,0.06994395978152007,Delayed SEI,$a$
sei,a,244,967,0.0025595063525424,0.0248174517976601,0.10313332623390939,Delayed SEI,$a$
sei,a,245,968,0.0169529324533093,0.1231515045360338,0.13765915826346173,Delayed SEI,$a$
sei,a,246,984,0.0159775799451604,0.1457172916332347,0.10964779653862498,Delayed SEI,$a$
sei,a,247,987,0.0190903120120071,0.1466756077552435,0.13015328386341485,Delayed SEI,$a$
sei,a,248,989,0.0142806107693527,0.1739709422140816,0.08208618397766426,Delayed SEI,$a$
sei,a,249,992,0.0017383291976355,0.0110662727823829,0.1570835304550649,Delayed SEI,$a$
sei,a,250,999,0.0011973611585489,0.0119160198264363,0.10048331372296755,Delayed SEI,$a$
sei,a,251,1000,0.0024415274004227,0.0303176501811038,0.08053155128574048,Delayed SEI,$a$
sei,a,252,1002,0.0012227574483895,0.0090798221050134,0.13466755562472504,Delayed SEI,$a$
sei,a,253,1005,0.0123369181017572,0.1363500247960012,0.09047976427004663,Delayed SEI,$a$
sei,a,254,1006,0.0025876831684739,0.067983231425806,0.03806355058744136,Delayed SEI,$a$
sei,a,255,1013,0.0063051623785468,0.10328670990421,0.06104524371426221,Delayed SEI,$a$
sei,a,256,1016,0.0224474877602024,0.3389329741567657,0.06622987278251607,Delayed SEI,$a$
sei,a,257,1026,0.0024245655777568,0.0496579494778769,0.04882532612098628,Delayed SEI,$a$
sei,a,258,1043,0.0173673956350649,0.1649527646533346,0.10528708428479079,Delayed SEI,$a$
sei,a,259,1047,0.0009406212653399,0.0169900735829868,0.055362989497691265,Delayed SEI,$a$
sei,a,260,1048,0.0133376964154516,0.151643226228495,0.08795444905237276,Delayed SEI,$a$
sei,a,261,1050,0.2173747422353327,1.586271563779983,0.13703501165799298,Delayed SEI,$a$
sei,a,262,1057,0.01726366875628,0.1208254065366377,0.14288111458615424,Delayed SEI,$a$
sei,a,263,1059,0.0019315006425121,0.0344777683029046,0.056021626038637175,Delayed SEI,$a$
sei,a,264,1060,0.0042299512904445,0.0850995169837662,0.04970593771115548,Delayed SEI,$a$
sei,a,265,1064,0.0014411106392606,0.0171992006953253,0.08378939607654502,Delayed SEI,$a$
sei,a,266,1065,0.0226393803056623,0.252042317494073,0.08982372694694289,Delayed SEI,$a$
sei,a,267,1067,0.0074655534529886,0.0965268146147616,0.07734175713539926,Delayed SEI,$a$
sei,a,268,1068,0.0159475451307056,0.1220716603328304,0.13064084724680858,Delayed SEI,$a$
sei,a,269,1072,0.0202793136401135,0.0768368470105126,0.26392693647800175,Delayed SEI,$a$
sei,a,270,1073,0.0777040126317851,0.4841705409412964,0.16048893119502364,Delayed SEI,$a$
sei,a,271,1076,0.0031201668828969,0.0243770872929625,0.12799588586605548,Delayed SEI,$a$
sei,a,272,1078,0.00288504465464,0.0306142413653821,0.09423864600160708,Delayed SEI,$a$
sei,a,273,1083,0.0053304371705349,0.0405674031970123,0.13139705158469386,Delayed SEI,$a$
sei,a,274,1085,0.0123080424467184,0.1027645061128816,0.11976939229580533,Delayed SEI,$a$
sei,a,275,1088,0.0045496482851997,0.0281601080463181,0.161563594774437,Delayed SEI,$a$
sei,a,276,1090,0.0013938868427838,0.0379993499079269,0.03668186024658876,Delayed SEI,$a$
sei,a,277,1094,0.0340810896049518,0.4903866191810527,0.06949840854521547,Delayed SEI,$a$
sei,a,278,1095,0.0022047986404831,0.0246149170450942,0.08957164618690115,Delayed SEI,$a$
sei,a,279,1102,0.0022750594646619,0.0385728121778779,0.0589809074373551,Delayed SEI,$a$
sei,a,280,1103,0.0433885964095827,0.1537443014796012,0.2822127128746915,Delayed SEI,$a$
sei,a,281,1108,0.0020115675325992,0.0151229177692481,0.1330145123641186,Delayed SEI,$a$
sei,a,282,1110,0.0021740031174877,0.0328440059444782,0.06619177700682391,Delayed SEI,$a$
sei,a,283,1111,0.0019627108895765,0.0182987626546856,0.10725921345692334,Delayed SEI,$a$
sei,a,284,1112,0.0020394512420487,0.0151690484792737,0.1344481985692981,Delayed SEI,$a$
sei,a,285,1136,0.025579267062571,0.0883708156270984,0.289453784952136,Delayed SEI,$a$
sei,a,286,1141,0.0012362548491502,0.0167424387425705,0.07383959219792822,Delayed SEI,$a$
sei,a,287,1143,0.0182698087380551,0.0702563049767835,0.26004511259298985,Delayed SEI,$a$
sei,a,288,1146,0.001382967059756,0.0272746304333229,0.05070525384887906,Delayed SEI,$a$
sei,a,289,1148,0.1537632074918905,2.382779876480435,0.06453101648609338,Delayed SEI,$a$
sei,a,290,1153,0.004914598499396,0.0242229399741459,0.20289025628769855,Delayed SEI,$a$
sei,a,291,1155,0.0044655380561124,0.0291805122635751,0.15303151691708158,Delayed SEI,$a$
sei,a,292,1158,0.0015186402919472,0.0385441300098498,0.0394000407210934,Delayed SEI,$a$
sei,a,293,1165,0.0196000172249397,0.1291312038319061,0.15178374121295748,Delayed SEI,$a$
sei,a,294,1168,0.0145585047140446,0.1586025210939051,0.09179239153093176,Delayed SEI,$a$
sei,a,295,1170,0.004824307469457,0.0369352248526353,0.13061535400705135,Delayed SEI,$a$
sei,a,296,1172,0.0503918197008698,0.2830418093874058,0.17803666465365672,Delayed SEI,$a$
sei,a,297,1174,0.0042522790724848,0.0593748200926951,0.07161754874955753,Delayed SEI,$a$
sei,a,298,1176,0.0025511216218935,0.0218020950880369,0.11701268211114878,Delayed SEI,$a$
sei,a,299,1180,0.0101152420818042,0.3231186916241785,0.031305035406522706,Delayed SEI,$a$
sei,a,300,1181,0.0064977367644118,0.0350681067050035,0.1852890667600457,Delayed SEI,$a$
sei,a,301,1193,0.015800192297363,0.1713868842262604,0.09219020678679243,Delayed SEI,$a$
sei,a,302,1196,0.0375340043033641,0.176779779935368,0.21232068688560882,Delayed SEI,$a$
sei,a,303,1198,0.0853574550246828,0.5454705299236371,0.15648408180114218,Delayed SEI,$a$
sei,a,304,1199,0.0020349457432734,0.0254878552740882,0.07983981866619407,Delayed SEI,$a$
sei,a,305,1201,0.0020267148930449,0.013696187550266,0.14797657272191328,Delayed SEI,$a$
sei,a,306,1204,0.0103588748637056,0.4291810769771164,0.024136373711224755,Delayed SEI,$a$
sei,a,307,1210,0.0121912828182444,0.1002934971993541,0.12155606453738173,Delayed SEI,$a$
sei,a,308,1214,0.0014109788334861,0.0121966183201374,0.11568606940470404,Delayed SEI,$a$
sei,a,309,1217,0.0026866835425924,0.018826178003479,0.14270998298730161,Delayed SEI,$a$
sei,a,310,1219,0.0034381591661131,0.0169218951526012,0.20317813903867576,Delayed SEI,$a$
sei,a,311,1220,0.001295894693536,0.0092270981632699,0.1404444464126911,Delayed SEI,$a$
sei,a,312,1226,0.029265866597064,0.2165197663250903,0.1351648724445934,Delayed SEI,$a$
sei,a,313,1241,0.0073895402426843,0.0607651774855252,0.12160814052496684,Delayed SEI,$a$
sei,a,314,1242,0.0015522251579758,0.0198331970466323,0.07826399114203172,Delayed SEI,$a$
sei,a,315,1245,0.0332884013627989,0.2781186803412379,0.11969135378449111,Delayed SEI,$a$
sei,a,316,1247,0.1282304086992141,0.7567433954193389,0.16945031760489562,Delayed SEI,$a$
sei,a,317,1255,0.0037907564262257,0.0272933926913892,0.1388891615303526,Delayed SEI,$a$
sei,a,318,1256,0.0014267081329979,0.0275594613549968,0.05176836058659847,Delayed SEI,$a$
sei,a,319,1257,0.0090407483232495,0.1105647980434308,0.08176877707223067,Delayed SEI,$a$
sei,a,320,1259,0.0030406055437781,0.033087775811102,0.09189513254492858,Delayed SEI,$a$
sei,a,321,1261,0.0047622197338607,0.0460673326238451,0.10337520022584741,Delayed SEI,$a$
sei,a,322,1262,0.0012089692861177,0.0102679986450419,0.11774147308652731,Delayed SEI,$a$
sei,a,323,1267,0.0012296074335427,0.0188311189284465,0.06529656778308808,Delayed SEI,$a$
sei,a,324,1268,0.0132875616373995,0.3251975614983904,0.040859967018741825,Delayed SEI,$a$
sei,a,325,1269,0.0015403289690256,0.0283548483028239,0.054323301347805004,Delayed SEI,$a$
sei,a,326,1270,0.4523401899474641,6.233986781150037,0.07256033832397973,Delayed SEI,$a$
sei,a,327,1271,0.0095448364130818,0.2182124803922799,0.043741019743339514,Delayed SEI,$a$
sei,a,328,1273,0.0134266852519562,0.0744596012157522,0.18032174538581516,Delayed SEI,$a$
sei,a,329,1276,0.0063738750663198,0.1761980574234731,0.03617449113528463,Delayed SEI,$a$
sei,a,330,1284,0.0107497443705435,0.2371693712317592,0.04532517970053972,Delayed SEI,$a$
sei,a,331,1288,0.0015965684127074,0.0238743721748234,0.06687373393596725,Delayed SEI,$a$
sei,a,332,1289,0.0113782536740478,0.1156378104549455,0.09839561670428691,Delayed SEI,$a$
sei,a,333,1293,0.0028304821539344,0.0246891532268537,0.11464476435974984,Delayed SEI,$a$
sei,a,334,1298,0.0236588603367846,0.1139239584418981,0.207672386566964,Delayed SEI,$a$
sei,a,335,1299,0.0133289034675521,0.134204418748067,0.09931791808266435,Delayed SEI,$a$
sei,a,336,1302,0.0020123277685641,0.0208974409954779,0.09629541574011656,Delayed SEI,$a$
sei,a,337,1317,0.0324064181264636,0.2960102143687954,0.10947736447394635,Delayed SEI,$a$
sei,a,338,1321,0.0043308403329992,0.0550449665655063,0.07867822624336197,Delayed SEI,$a$
sei,a,339,1323,0.0190966811020932,0.1511365567983508,0.12635381873607418,Delayed SEI,$a$
sei,a,340,1326,0.0236527953449435,0.2113265421034633,0.11192534127285979,Delayed SEI,$a$
sei,a,341,1329,0.0041894094654213,0.0284164010300528,0.1474292772329134,Delayed SEI,$a$
sei,a,342,1330,0.0146821607474424,0.0863067905955633,0.17011593926882912,Delayed SEI,$a$
sei,a,343,1332,0.0012492874605883,0.0163274813468399,0.07651440133662094,Delayed SEI,$a$
sei,a,344,1334,0.0107568222723505,0.114155338992042,0.09422969058942027,Delayed SEI,$a$
sei,a,345,1341,0.0564918402215654,1.9757357642612643,0.028592811469750325,Delayed SEI,$a$
sei,a,346,1342,0.0019816222234984,0.0184193531401639,0.10758370331569456,Delayed SEI,$a$
sei,a,347,1345,0.1338078303472989,0.8702100655247709,0.15376497658253072,Delayed SEI,$a$
sei,a,348,1348,0.0010610912483849,0.0168616723049538,0.0629291821827875,Delayed SEI,$a$
sei,a,349,1349,0.0014474394722783,0.023456571359523,0.061707205630914266,Delayed SEI,$a$
sei,a,350,1351,0.0021402171187141,0.0188914182355396,0.11329044183076754,Delayed SEI,$a$
sei,a,351,1355,0.0012119307474235,0.02230907919451,0.0543245526566485,Delayed SEI,$a$
sei,a,352,1356,0.0009205570243707,0.0099557335466021,0.09246501225265183,Delayed SEI,$a$
sei,a,353,1357,0.1755305904793369,1.8818342651549405,0.09327632817063441,Delayed SEI,$a$
sei,a,354,1370,0.0048732922411568,0.050564287776079,0.0963781446450485,Delayed SEI,$a$
sei,a,355,1371,0.0035985280824851,0.0383991997070608,0.09371362189674508,Delayed SEI,$a$
sei,a,356,1374,0.0017117728467159,0.0149351851112804,0.11461343357726544,Delayed SEI,$a$
sei,a,357,1375,0.0049778472497195,0.0263336119316654,0.18903017416056717,Delayed SEI,$a$
sei,a,358,1381,0.0026177452536596,0.0340052393168948,0.07698064493135408,Delayed SEI,$a$
sei,a,359,1385,0.0013965925395135,0.0133201000635031,0.10484850210248384,Delayed SEI,$a$
sei,a,360,1388,0.0396942788416313,0.5353697663311181,0.07414366917589625,Delayed SEI,$a$
sei,a,361,1395,0.0017069108438435,0.022872581408621,0.07462694364704024,Delayed SEI,$a$
sei,a,362,1402,0.001710955804497,0.0264125905465888,0.06477803839343471,Delayed SEI,$a$
sei,a,363,1404,0.0021097254588676,0.0271545122889526,0.07769336589138114,Delayed SEI,$a$
sei,a,364,1411,0.0566475896817401,0.3951456919032922,0.1433587429711976,Delayed SEI,$a$
sei,a,365,1414,0.0036839660126224,0.0265230850200157,0.13889658800408353,Delayed SEI,$a$
sei,a,366,1423,0.0044731343999862,0.033834603202509,0.13220590687035144,Delayed SEI,$a$
sei,a,367,1433,0.0029157107107668,0.0537401969895756,0.054255675901827886,Delayed SEI,$a$
sei,a,368,1435,0.1026360295623068,1.6698568596660677,0.061463968584008814,Delayed SEI,$a$
sei,a,369,1437,0.0019031842052571,0.0180816168460691,0.1052552004314176,Delayed SEI,$a$
sei,a,370,1445,0.0030472611149625,0.0382502790135907,0.0796663761296951,Delayed SEI,$a$
sei,a,371,1448,0.003728321750272,0.0415013990935689,0.08983604966825673,Delayed SEI,$a$
sei,a,372,1455,0.0031757018265382,0.0243786262080314,0.13026582381791402,Delayed SEI,$a$
sei,a,373,1473,0.0026038684955804,0.0270007945695211,0.09643673592182676,Delayed SEI,$a$
sei,a,374,1475,0.0556838782338821,0.9335689277981766,0.059646242045793656,Delayed SEI,$a$
sei,a,375,1477,0.0095084966748044,0.1152348861278935,0.08251404582681142,Delayed SEI,$a$
sei,a,376,1494,0.0038983652728948,0.0234006316788596,0.16659230940405034,Delayed SEI,$a$
sei,a,377,1496,0.0016359904092331,0.0239320108181847,0.06835992268522607,Delayed SEI,$a$
sei,a,378,1500,0.3008348934432981,2.6720579640507514,0.1125854668913104,Delayed SEI,$a$
sei,a,379,1503,0.0028972698546472,0.0129999795691396,0.22286726215516312,Delayed SEI,$a$
sei,a,380,1505,0.0287090193709736,0.3050026065833321,0.0941271279369535,Delayed SEI,$a$
sei,a,381,1507,0.0034454418805487,0.0334200134293107,0.10309516744618984,Delayed SEI,$a$
sei,a,382,1511,0.0029622886661032,0.0276289911831437,0.10721667854128805,Delayed SEI,$a$
sei,a,383,1512,0.0057761925201433,0.0263106843137398,0.21953790525801314,Delayed SEI,$a$
sei,a,384,1516,0.0033589061139398,0.0295773978051654,0.11356327341796106,Delayed SEI,$a$
sei,a,385,1521,0.0047890353130904,0.0356343060661876,0.1343939546400928,Delayed SEI,$a$
sei,a,386,1522,0.0396418714794551,0.2404939159986404,0.1648352363295511,Delayed SEI,$a$
sei,a,387,1528,0.0278264353743064,0.1963352742880673,0.1417291695300706,Delayed SEI,$a$
sei,a,388,1529,0.0016069396121106,0.037302911174414,0.04307812879796891,Delayed SEI,$a$
sei,a,389,1530,0.0107740466723374,0.1815916902632606,0.05933116574176848,Delayed SEI,$a$
sei,a,390,1532,0.0013117107334664,0.0163890214329676,0.08003593984127735,Delayed SEI,$a$
sei,a,391,1538,0.0184539648657172,0.1352472854742545,0.1364461016796531,Delayed SEI,$a$
sei,a,392,1542,0.0017149521339353,0.0271491865644144,0.06316771700936194,Delayed SEI,$a$
sei,a,393,1543,0.0099670972053254,0.1493071704803983,0.06675564993466891,Delayed SEI,$a$
sei,a,394,1545,0.1275912335337815,0.9692615962659912,0.13163756206303573,Delayed SEI,$a$
sei,a,395,1553,0.0046443651556821,0.1297807564945629,0.03578623889341155,Delayed SEI,$a$
sei,a,396,1555,0.0048431261906746,0.0584540907010757,0.08285350319520879,Delayed SEI,$a$
sei,a,397,1562,0.1023885452650312,0.733372680016234,0.1396132526545231,Delayed SEI,$a$
sei,a,398,1566,0.0602574301043605,0.3526528982592226,0.17086894904821515,Delayed SEI,$a$
sei,a,399,1567,0.0045989631669488,0.0354159899485488,0.1298555588487015,Delayed SEI,$a$
sei,a,400,1568,0.0024514698421887,0.0289240436067155,0.08475543307573788,Delayed SEI,$a$
sei,a,401,1572,0.0063976840660131,0.2251523627218794,0.028414909746765003,Delayed SEI,$a$
sei,a,402,1578,0.0059727534151564,0.0142723120315034,0.4184853443487424,Delayed SEI,$a$
sei,a,403,1583,0.0018349035753868,0.0183605180388116,0.09993746208620406,Delayed SEI,$a$
sei,a,404,1584,0.0114978162432172,0.1145556160736329,0.10036885695614216,Delayed SEI,$a$
sei,a,405,1586,0.0022273427592628,0.0234177448569958,0.0951134608761187,Delayed SEI,$a$
sei,a,406,1593,0.0016240356313419,0.0279903506956211,0.05802126772194995,Delayed SEI,$a$
sei,a,407,1602,0.003985788262245,0.0596640046410739,0.06680390104926183,Delayed SEI,$a$
sei,a,408,1603,0.0475306687941673,0.3153678590357521,0.1507150060868407,Delayed SEI,$a$
sei,a,409,1608,0.0015797155813721,0.0199805721090243,0.07906258002785695,Delayed SEI,$a$
sei,a,410,1615,0.0035387226459181,0.0322175395731445,0.1098383890515297,Delayed SEI,$a$
sei,a,411,1616,0.0065389079190239,0.0346282034245366,0.18883185589670554,Delayed SEI,$a$
sei,a,412,1620,0.0097380858956586,0.0762122122190592,0.12777592477788347,Delayed SEI,$a$
sei,a,413,1624,0.0031308865825278,0.0225524021295961,0.13882718854232634,Delayed SEI,$a$
sei,a,414,1628,0.0037675198172076,0.0796603052988507,0.04729482021282131,Delayed SEI,$a$
sei,a,415,1636,0.0028041731359293,0.0377947454297779,0.07419478829773875,Delayed SEI,$a$
sei,a,416,1638,0.0173278132399266,0.4274798951358306,0.04053480277574395,Delayed SEI,$a$
sei,a,417,1642,0.014281961718014,0.1557430921870451,0.09170205572174964,Delayed SEI,$a$
sei,a,418,1643,0.0038628079092328,0.0194528840882063,0.19857250429897458,Delayed SEI,$a$
sei,a,419,1649,0.0014421037692002,0.016501013592865,0.08739485978144776,Delayed SEI,$a$
sei,a,420,1657,0.0358679811119043,0.4002366710319739,0.08961692845241283,Delayed SEI,$a$
sei,a,421,1658,0.0044556628655764,0.0207976248470659,0.21423902480888332,Delayed SEI,$a$
sei,a,422,1660,0.012861611741275,0.1363127189117116,0.09435371727568093,Delayed SEI,$a$
sei,a,423,1666,0.0076178111007692,0.0728577984997817,0.10455725066674948,Delayed SEI,$a$
sei,a,424,1667,0.0148073117747584,0.1133886118988773,0.13058905587418176,Delayed SEI,$a$
sei,a,425,1676,0.2612197205837978,2.257246673150674,0.11572493325206067,Delayed SEI,$a$
sei,a,426,1682,0.0154079162102954,0.080001931485232,0.1925943027155492,Delayed SEI,$a$
sei,a,427,1684,0.0129902998411897,0.2189022291918146,0.05934293081048005,Delayed SEI,$a$
sei,a,428,1688,0.0152073502037927,0.1629953653486287,0.0932992798369812,Delayed SEI,$a$
sei,a,429,1691,0.0027331572966746,0.0184866863985174,0.1478446292513403,Delayed SEI,$a$
sei,a,430,1694,0.0040690443823168,0.020140396636623,0.20203397459003908,Delayed SEI,$a$
sei,a,431,1696,0.0028186241817107,0.0285613441032439,0.09868667845329346,Delayed SEI,$a$
sei,a,432,1710,0.0924684760779586,0.451883342541247,0.2046290875825286,Delayed SEI,$a$
sei,a,433,1714,0.0055248830246003,0.0508582019256131,0.10863307815485057,Delayed SEI,$a$
sei,a,434,1726,0.0018357543119298,0.0187792626903744,0.09775433371357779,Delayed SEI,$a$
sei,a,435,1732,0.0041771332759344,0.0518305864803853,0.08059205113403818,Delayed SEI,$a$
sei,a,436,1738,0.0226412380196825,0.0813547507398672,0.2783025922122008,Delayed SEI,$a$
sei,a,437,1742,0.0042842343930969,0.0492955875690112,0.08690908465385871,Delayed SEI,$a$
sei,a,438,1745,0.0018436392362248,0.0128870044120809,0.14306189221883742,Delayed SEI,$a$
sei,a,439,1746,0.0035157366282999,0.0180725929307915,0.19453415687296877,Delayed SEI,$a$
sei,a,440,1751,0.0033383623438116,0.0292561130240458,0.11410819821032879,Delayed SEI,$a$
sei,a,441,1753,0.0015065039790919,0.0138690979665569,0.10862306854595677,Delayed SEI,$a$
sei,a,442,1754,0.0120225486233623,0.0930510308296685,0.12920381984128454,Delayed SEI,$a$
sei,a,443,1759,0.0179672775215157,0.2876362988767628,0.062465264612564575,Delayed SEI,$a$
sei,a,444,1760,0.0266318490647528,0.123085070769859,0.21636944999242255,Delayed SEI,$a$
sei,a,445,1765,0.0012214979621066,0.0183468000571236,0.06657825660624252,Delayed SEI,$a$
sei,a,446,1766,0.0151960241091989,0.3723137362761377,0.04081510465122434,Delayed SEI,$a$
sei,a,447,1768,0.0009498800492326,0.0166519285299707,0.05704324562305045,Delayed SEI,$a$
sei,a,448,1776,0.0020602410729452,0.0193137496639758,0.10667224691163843,Delayed SEI,$a$
sei,a,449,1780,0.0103217435850034,0.0733858700099041,0.14065028572408264,Delayed SEI,$a$
sei,a,450,1788,0.0142298686559168,0.0656331202321783,0.21680926650414295,Delayed SEI,$a$
sei,a,451,1790,0.0367957297811292,0.2474852035123783,0.1486785038414986,Delayed SEI,$a$
sei,a,452,1795,0.010518013022525,0.1119122839401308,0.09398443720576531,Delayed SEI,$a$
sei,a,453,1797,0.0318697310636887,0.2416395869226136,0.13188952799317255,Delayed SEI,$a$
sei,a,454,1799,0.0023245586456703,0.0117102819988052,0.1985057785890617,Delayed SEI,$a$
sei,a,455,1801,0.0522589184192053,0.4590239856341511,0.11384790349682604,Delayed SEI,$a$
sei,a,456,1809,0.0948625750104533,1.080525899509048,0.08779296734447126,Delayed SEI,$a$
sei,a,457,1820,0.0016939871803281,0.0198573290652186,0.08530790695790141,Delayed SEI,$a$
sei,a,458,1827,0.0060198094775723,0.0346999729418069,0.17348167641708934,Delayed SEI,$a$
sei,a,459,1831,0.0008332380257539,0.007877402932762,0.1057757274657712,Delayed SEI,$a$
sei,a,460,1833,0.0384978488102269,0.2581259491887118,0.14914366002808085,Delayed SEI,$a$
sei,a,461,1841,0.0040897403570531,0.0267261061795429,0.15302417529806608,Delayed SEI,$a$
sei,a,462,1848,0.0329550905900125,0.5424751161971804,0.06074949726916854,Delayed SEI,$a$
sei,a,463,1849,0.0037800903689265,0.0941165107113825,0.040163945096929034,Delayed SEI,$a$
sei,a,464,1858,0.0101044031117267,0.1785837907624232,0.05658074043891795,Delayed SEI,$a$
sei,a,465,1860,0.0011009972267262,0.0276661089240362,0.0397958827440912,Delayed SEI,$a$
sei,a,466,1863,0.0141499570789656,0.0997037499004376,0.14192000895749154,Delayed SEI,$a$
sei,a,467,1871,0.0007931687918938,0.008335057197398,0.09516056976086591,Delayed SEI,$a$
sei,a,468,1872,0.0328476429263228,0.0993871840822893,0.3305017968828459,Delayed SEI,$a$
sei,a,469,1877,0.0843536141425951,0.9448147775271504,0.08928058297666824,Delayed SEI,$a$
sei,a,470,1878,0.0022239205826487,0.0387203326970172,0.05743547195347365,Delayed SEI,$a$
sei,a,471,1883,0.0018496029723287,0.0159560720931281,0.11591843917058259,Delayed SEI,$a$
sei,a,472,1889,0.0288700957866271,0.3248082424545853,0.08888350729173296,Delayed SEI,$a$
sei,a,473,1890,0.0060552277263073,0.0165470808866775,0.3659393320052316,Delayed SEI,$a$
sei,a,474,1891,0.0020743227921223,0.0133428736786599,0.1554629716265616,Delayed SEI,$a$
sei,a,475,1892,0.0016340331315125,0.032867948106489,0.04971509405510771,Delayed SEI,$a$
sei,a,476,1899,0.0033489806911852,0.0355564014851938,0.09418784104403151,Delayed SEI,$a$
sei,a,477,1906,0.0008508131603004,0.0135215677726788,0.06292267099526158,Delayed SEI,$a$
sei,a,478,1915,0.0017353812845076,0.0141061147040414,0.12302333568933858,Delayed SEI,$a$
sei,a,479,1927,0.0266354628777382,0.1299194127863039,0.20501526528255762,Delayed SEI,$a$
sei,a,480,1928,0.0047866245778964,0.0496026411897214,0.09649938920769159,Delayed SEI,$a$
sei,a,481,1930,0.0016734332027958,0.0166200803402905,0.10068743162083597,Delayed SEI,$a$
sei,a,482,1934,0.0054608941507673,0.0986971538093385,0.05532980374810568,Delayed SEI,$a$
sei,a,483,1935,0.0022061246179048,0.0522423955474051,0.04222862666975039,Delayed SEI,$a$
sei,a,484,1940,0.0035101984796844,0.0319009461577703,0.11003430626553376,Delayed SEI,$a$
sei,a,485,1947,0.00288985323723,0.0626108337558792,0.04615580186166489,Delayed SEI,$a$
sei,a,486,1952,0.0018116445108289,0.0168352400325099,0.10761025725386163,Delayed SEI,$a$
sei,a,487,1957,0.0019090962704344,0.0172529512540959,0.11065331619604357,Delayed SEI,$a$
sei,a,488,1962,0.0268409284597791,0.1404339582563693,0.1911284762819234,Delayed SEI,$a$
sei,a,489,1963,0.0181760716808287,0.1090778123371056,0.16663399541471777,Delayed SEI,$a$
sei,a,490,1969,0.0014870444071761,0.018902726939437,0.07866824781104256,Delayed SEI,$a$
sei,a,491,1971,0.0015803990940872,0.010272351381083,0.15384978915319977,Delayed SEI,$a$
sei,a,492,1973,0.0018084514842162,0.0391091666468491,0.04624111530031543,Delayed SEI,$a$
sei,a,493,1977,0.0145432908683552,0.1438222821375275,0.10111987274995704,Delayed SEI,$a$
sei,a,494,1982,0.0461615873534341,0.4265739967568563,0.10821472406754748,Delayed SEI,$a$
sei,a,495,1986,0.1427585043025979,1.6280464977703617,0.08768699450421605,Delayed SEI,$a$
sei,a,496,1991,0.0008263392358606,0.02290602600886,0.036075189801189164,Delayed SEI,$a$
sei,a,497,1992,0.0796950083493334,0.4707829814115051,0.1692818379083951,Delayed SEI,$a$
sei,a,498,1994,0.0038761526442307,0.0365894664067849,0.1059362987461313,Delayed SEI,$a$
sei,a,499,1995,0.0018491604677154,0.0381798406518994,0.0484329016607199,Delayed SEI,$a$
sei,a,500,1999,0.0026623170192074,0.0197989678369234,0.13446746523030378,Delayed SEI,$a$
sei,a,501,2000,0.0107725480052812,0.123899410845622,0.08694591791645996,Delayed SEI,$a$
sei,a,502,2011,0.0019753682699921,0.0271385385945037,0.07278830667735979,Delayed SEI,$a$
sei,a,503,2013,0.0017063084972167,0.024354144625939,0.07006234558529117,Delayed SEI,$a$
sei,a,504,2023,0.0088385378730934,0.1202635735289627,0.07349305873540206,Delayed SEI,$a$
sei,a,505,2028,0.0797763499315568,1.1221398750236389,0.0710930532879212,Delayed SEI,$a$
sei,a,506,2032,0.1557415442348152,2.9404125630213973,0.05296588179271831,Delayed SEI,$a$
sei,a,507,2035,0.0034912946345916,0.0166722320622989,0.2094077518562438,Delayed SEI,$a$
sei,a,508,2038,0.0015667447584136,0.0395759240359062,0.03958833044535191,Delayed SEI,$a$
sei,a,509,2044,0.0026571349730477,0.0263762053650164,0.10073985003816897,Delayed SEI,$a$
sei,b,0,0,0.0019583846124416,0.0092759103422747,0.2111258669153277,Delayed SEI,$b$
sei,b,1,4,0.0018114669401577,0.0095834357912118,0.1890206163658811,Delayed SEI,$b$
sei,b,2,9,0.0060101571485025,0.0459554281359812,0.13078231217253736,Delayed SEI,$b$
sei,b,3,10,0.0005817866315175,0.0072755328295376,0.07996481428212808,Delayed SEI,$b$
sei,b,4,12,0.0031810920733975,0.0102036393742836,0.31176053530614367,Delayed SEI,$b$
sei,b,5,14,0.0015211782835043,0.0077033472386191,0.19746977987415584,Delayed SEI,$b$
sei,b,6,16,0.0064606082970661,0.028036507015574,0.230435563655533,Delayed SEI,$b$
sei,b,7,20,0.0020994568845899,0.0093401153436736,0.2247784751407742,Delayed SEI,$b$
sei,b,8,21,0.003826274650858,0.0169148888202478,0.2262074963376523,Delayed SEI,$b$
sei,b,9,27,0.0014812232707872,0.0066391787353329,0.2231033882103987,Delayed SEI,$b$
sei,b,10,34,0.0035804318922106,0.0160495351211199,0.22308633023887647,Delayed SEI,$b$
sei,b,11,35,0.0014242328775525,0.0105980274498085,0.13438660017607662,Delayed SEI,$b$
sei,b,12,37,0.0011784319587336,0.0083044631521465,0.1419034484401324,Delayed SEI,$b$
sei,b,13,42,0.0007723342496956,0.0133550388067879,0.057830925156357425,Delayed SEI,$b$
sei,b,14,46,0.0018219880867995,0.0241905728638391,0.0753181041662337,Delayed SEI,$b$
sei,b,15,51,0.0011461332095907,0.0077268108115448,0.1483319881312788,Delayed SEI,$b$
sei,b,16,61,0.0096641141591532,0.0193677265114995,0.4989803089905868,Delayed SEI,$b$
sei,b,17,62,0.0032868577893698,0.0552681601142163,0.05947109117758275,Delayed SEI,$b$
sei,b,18,68,0.0014745401583293,0.005812739097381,0.25367389343066715,Delayed SEI,$b$
sei,b,19,71,0.0014847805307414,0.0104578719327555,0.14197731051676607,Delayed SEI,$b$
sei,b,20,78,0.0014576634865383,0.0179990805267103,0.08098544169382177,Delayed SEI,$b$
sei,b,21,79,0.0007921641404633,0.0035807257705699,0.22123004977765193,Delayed SEI,$b$
sei,b,22,80,0.0014049865872282,0.0092666096849986,0.15161818993009765,Delayed SEI,$b$
sei,b,23,87,0.0031378034397145,0.0174083906758078,0.18024661200159425,Delayed SEI,$b$
sei,b,24,88,0.0019893209292381,0.0071271480540757,0.27911878834907816,Delayed SEI,$b$
sei,b,25,94,0.0012184715594434,0.0047467203802471,0.25669756417797884,Delayed SEI,$b$
sei,b,26,97,0.0029157736867749,0.0197333926785793,0.14775835733203585,Delayed SEI,$b$
sei,b,27,103,0.003056332588116,0.0188849261269418,0.16183979580178207,Delayed SEI,$b$
sei,b,28,104,0.0014944847055119,0.0172449083750156,0.08666237436651779,Delayed SEI,$b$
sei,b,29,109,0.0025846264711976,0.0114478994401633,0.22577298872226392,Delayed SEI,$b$
sei,b,30,110,0.0038124722150006,0.0070650143088866,0.5396269629921557,Delayed SEI,$b$
sei,b,31,112,0.0032676629838934,0.0118089664515074,0.2767103283180457,Delayed SEI,$b$
sei,b,32,115,0.003799108457902,0.0168371662058697,0.22563823457284463,Delayed SEI,$b$
sei,b,33,118,0.0044516263239936,0.0063163842345004,0.7047744656948827,Delayed SEI,$b$
sei,b,34,122,0.0018217348750377,0.0125150250048998,0.1455638222316349,Delayed SEI,$b$
sei,b,35,124,0.0018990196354606,0.0048068188801558,0.39506785731004046,Delayed SEI,$b$
sei,b,36,125,0.0012849698057445,0.0108335509411876,0.11861021494431986,Delayed SEI,$b$
sei,b,37,138,0.0020443534328152,0.0105804390407698,0.1932200946423542,Delayed SEI,$b$
sei,b,38,145,0.0014268907073959,0.0067848307756304,0.2103060127189868,Delayed SEI,$b$
sei,b,39,146,0.0042282192433217,0.0715609876562916,0.05908553503523309,Delayed SEI,$b$
sei,b,40,147,0.0012038619745351,0.0049773322903179,0.24186891778893266,Delayed SEI,$b$
sei,b,41,156,0.0008031710874723,0.0104332630588332,0.07698177290682848,Delayed SEI,$b$
sei,b,42,161,0.000863338007503,0.0039546302734431,0.21831067579203414,Delayed SEI,$b$
sei,b,43,169,0.0084065846964931,0.0790377717616591,0.1063616105201374,Delayed SEI,$b$
sei,b,44,170,0.0009991268382209,0.0063487160894074,0.15737462884628067,Delayed SEI,$b$
sei,b,45,176,0.0070136445666457,0.0288624254405623,0.24300260492969367,Delayed SEI,$b$
sei,b,46,182,0.0054448619081902,0.0344650732467898,0.15798202049947344,Delayed SEI,$b$
sei,b,47,185,0.002064862112006,0.024910605740278,0.08289088324605937,Delayed SEI,$b$
sei,b,48,187,0.0024219568078731,0.0096848262686792,0.25007746558198224,Delayed SEI,$b$
sei,b,49,188,0.0014925332245052,0.0091833631769343,0.1625257757695972,Delayed SEI,$b$
sei,b,50,189,0.0007730002381567,0.0061505058272751,0.12568075860179578,Delayed SEI,$b$
sei,b,51,191,0.0016096180047904,0.0118691305901533,0.13561380865804515,Delayed SEI,$b$
sei,b,52,197,0.0016418413347277,0.0159176839599285,0.10314574273876179,Delayed SEI,$b$
sei,b,53,201,0.001472476603369,0.007691201119477,0.1914494993038393,Delayed SEI,$b$
sei,b,54,203,0.0027237601790545,0.0127942087993656,0.21289008345631796,Delayed SEI,$b$
sei,b,55,205,0.0030755128209304,0.0214586531479849,0.1433227332452228,Delayed SEI,$b$
sei,b,56,207,0.002827691520463,0.0127016846501798,0.22262334472482534,Delayed SEI,$b$
sei,b,57,217,0.0014207484425156,0.0084078754719166,0.16897829270439185,Delayed SEI,$b$
sei,b,58,220,0.0010099762640124,0.0092862626180208,0.10876025216565093,Delayed SEI,$b$
sei,b,59,223,0.0103268627472582,0.0271057567837132,0.3809841145429008,Delayed SEI,$b$
sei,b,60,234,0.0013076615839132,0.0068218004274218,0.1916886308571492,Delayed SEI,$b$
sei,b,61,241,0.0019350824436038,0.010438672393376,0.18537629793150062,Delayed SEI,$b$
sei,b,62,243,0.0009247162518766,0.0045139743188882,0.20485633868301653,Delayed SEI,$b$
sei,b,63,248,0.0008505818159877,0.0049069436602134,0.17334248666525523,Delayed SEI,$b$
sei,b,64,250,0.006603325736528,0.058598960310271,0.11268673883571607,Delayed SEI,$b$
sei,b,65,251,0.0010020144762542,0.006462413911662,0.15505266142825916,Delayed SEI,$b$
sei,b,66,256,0.0028465306057071,0.004799017913986,0.5931485684625857,Delayed SEI,$b$
sei,b,67,259,0.0017559208035878,0.0084079747120758,0.20883992444290905,Delayed SEI,$b$
sei,b,68,261,0.0008514755953015,0.0046926380050759,0.1814492390805517,Delayed SEI,$b$
sei,b,69,265,0.0009754975639763,0.0055291019855292,0.17642965648479234,Delayed SEI,$b$
sei,b,70,272,0.0011926630485435,0.0068011621013331,0.17536165596019618,Delayed SEI,$b$
sei,b,71,287,0.0014482134664272,0.009023890762103,0.16048659105107527,Delayed SEI,$b$
sei,b,72,291,0.0133877341325415,0.0238567089445309,0.5611727151330574,Delayed SEI,$b$
sei,b,73,292,0.0010731885593706,0.019796092648077,0.05421214067084345,Delayed SEI,$b$
sei,b,74,294,0.0019527966404232,0.0059512810723635,0.32813046748734115,Delayed SEI,$b$
sei,b,75,303,0.0008904337079085,0.00716738890381,0.12423404392569912,Delayed SEI,$b$
sei,b,76,305,0.0009809175768456,0.0121898324520381,0.0804701443358718,Delayed SEI,$b$
sei,b,77,313,0.0016105163773836,0.0119683117355234,0.1345650425033125,Delayed SEI,$b$
sei,b,78,314,0.0145076663398909,0.0338899117601694,0.4280821514838427,Delayed SEI,$b$
sei,b,79,316,0.0004824297077151,0.0042692246737252,0.11300171449963677,Delayed SEI,$b$
sei,b,80,323,0.0023990665640163,0.0089535976552374,0.2679444237270331,Delayed SEI,$b$
sei,b,81,325,0.0036901342537006,0.0177670372473986,0.20769553203029947,Delayed SEI,$b$
sei,b,82,328,0.0043363568533859,0.0251541808088182,0.1723910981774338,Delayed SEI,$b$
sei,b,83,331,0.0005941662955237,0.0074073608977451,0.08021295353714604,Delayed SEI,$b$
sei,b,84,332,0.0078481418569416,0.0278236329957205,0.28206747329325066,Delayed SEI,$b$
sei,b,85,339,0.0012528308987402,0.0082227330870928,0.15236185894283313,Delayed SEI,$b$
sei,b,86,351,0.0020148148097956,0.0113887322135881,0.1769130024316217,Delayed SEI,$b$
sei,b,87,362,0.003869155715701,0.0162267558801076,0.23844296076729687,Delayed SEI,$b$
sei,b,88,363,0.0017605183035897,0.0182649843581545,0.09638761627538471,Delayed SEI,$b$
sei,b,89,369,0.0034308342660664,0.0155832524386456,0.22016163054370613,Delayed SEI,$b$
sei,b,90,388,0.000748492090335,0.0070488672189806,0.10618615262315102,Delayed SEI,$b$
sei,b,91,392,0.0012522129210323,0.0210607657997411,0.059457140967195676,Delayed SEI,$b$
sei,b,92,394,0.0012206920926372,0.0056861274843852,0.2146789877626503,Delayed SEI,$b$
sei,b,93,396,0.0008777724231792,0.0052832798840952,0.1661415716062381,Delayed SEI,$b$
sei,b,94,402,0.0048821672106672,0.0275744572029099,0.1770539733471885,Delayed SEI,$b$
sei,b,95,407,0.0057715285885257,0.0224921931124446,0.25660141541877474,Delayed SEI,$b$
sei,b,96,411,0.0052234837706572,0.0183966722884462,0.2839363385267097,Delayed SEI,$b$
sei,b,97,413,0.0013536014931884,0.0203212354309412,0.06661019689420065,Delayed SEI,$b$
sei,b,98,417,0.0023300592860846,0.0166760867512016,0.13972458412143404,Delayed SEI,$b$
sei,b,99,419,0.0008277110283391,0.012571092057677,0.06584241246038985,Delayed SEI,$b$
sei,b,100,422,0.0022315873455141,0.0104677590804765,0.21318673159723853,Delayed SEI,$b$
sei,b,101,423,0.0020972865813164,0.0215482543977193,0.09732976707098742,Delayed SEI,$b$
sei,b,102,424,0.0010372066403449,0.0095881865471047,0.10817547564905279,Delayed SEI,$b$
sei,b,103,425,0.0057024668018346,0.0505101860441284,0.11289736285771389,Delayed SEI,$b$
sei,b,104,429,0.0019931650826594,0.0129751715452998,0.1536137750241472,Delayed SEI,$b$
sei,b,105,436,0.0013161558055973,0.0109882056734886,0.11977895615594526,Delayed SEI,$b$
sei,b,106,441,0.0036743847614539,0.0078004282838872,0.471049104963098,Delayed SEI,$b$
sei,b,107,448,0.0010286880876487,0.0143062262200621,0.0719049225019339,Delayed SEI,$b$
sei,b,108,453,0.0038403597722719,0.0369569279953755,0.10391447505464882,Delayed SEI,$b$
sei,b,109,460,0.0012161057122966,0.0079573917266273,0.15282717680307545,Delayed SEI,$b$
sei,b,110,467,0.0011353918689196,0.0093470272270124,0.12147090634746194,Delayed SEI,$b$
sei,b,111,469,0.005877314041518,0.0634889612190852,0.09257221930654679,Delayed SEI,$b$
sei,b,112,472,0.0029122950338602,0.0124147545748484,0.2345833754748843,Delayed SEI,$b$
sei,b,113,475,0.0012156962348949,0.0088619292365814,0.13718189374347453,Delayed SEI,$b$
sei,b,114,477,0.0011853439695293,0.0026932508925484,0.44011643059652245,Delayed SEI,$b$
sei,b,115,478,0.0009182090310656,0.0144616640301293,0.06349262637775374,Delayed SEI,$b$
sei,b,116,481,0.0019976508522945,0.009241236671525,0.21616704812353268,Delayed SEI,$b$
sei,b,117,484,0.0013263537567341,0.0075543644700216,0.17557449895322666,Delayed SEI,$b$
sei,b,118,485,0.0025559619767187,0.0130793125695728,0.19542020753176204,Delayed SEI,$b$
sei,b,119,492,0.0017202617939422,0.0108656703783267,0.15832081537955858,Delayed SEI,$b$
sei,b,120,499,0.003431372504316,0.0201908560425618,0.16994685599673215,Delayed SEI,$b$
sei,b,121,502,0.0038888664816672,0.0125893325293597,0.3089017207701789,Delayed SEI,$b$
sei,b,122,515,0.0009865835240234,0.0215912741410847,0.045693622227976405,Delayed SEI,$b$
sei,b,123,518,0.0012784537749682,0.0088048670144286,0.1451985331377735,Delayed SEI,$b$
sei,b,124,523,0.0015478450083646,0.013923994452534,0.11116386275799692,Delayed SEI,$b$
sei,b,125,528,0.0022472522359699,0.0064723512881399,0.3472080138925434,Delayed SEI,$b$
sei,b,126,536,0.0010812382004411,0.0060847518179471,0.17769635192876163,Delayed SEI,$b$
sei,b,127,537,0.0046768011879449,0.0074757133858279,0.6255993169576238,Delayed SEI,$b$
sei,b,128,539,0.0020149650363624,0.005171176063634,0.3896531488325308,Delayed SEI,$b$
sei,b,129,541,0.0011740166595035,0.0089889005458817,0.13060737000159384,Delayed SEI,$b$
sei,b,130,546,0.0018346167586748,0.0089838689763674,0.20421232361033628,Delayed SEI,$b$
sei,b,131,550,0.001705397668821,0.0182040794690081,0.09368217007206481,Delayed SEI,$b$
sei,b,132,551,0.0012421747336158,0.030942460478817,0.04014466575682255,Delayed SEI,$b$
sei,b,133,552,0.0016115344649861,0.012042247753073,0.1338233939402933,Delayed SEI,$b$
sei,b,134,558,0.0020843980251231,0.0050690720426694,0.4111991322233103,Delayed SEI,$b$
sei,b,135,559,0.0084564197012807,0.0437444881763433,0.1933139477410521,Delayed SEI,$b$
sei,b,136,561,0.0025736401000069,0.0190981530383129,0.13475858607080526,Delayed SEI,$b$
sei,b,137,564,0.0021456799139274,0.0085001082735202,0.2524297155851165,Delayed SEI,$b$
sei,b,138,572,0.0034673565941137,0.0416389221296152,0.08327200649719947,Delayed SEI,$b$
sei,b,139,576,0.0015706544555846,0.0072952737695611,0.21529753443085578,Delayed SEI,$b$
sei,b,140,577,0.0016124268750779,0.0239454067299184,0.06733762734809871,Delayed SEI,$b$
sei,b,141,582,0.0022707773397605,0.0098583146347512,0.23034133357398254,Delayed SEI,$b$
sei,b,142,583,0.0032609442878889,0.0227026302865458,0.14363728989681981,Delayed SEI,$b$
sei,b,143,594,0.0008590939607152,0.0069295964644765,0.12397460156867889,Delayed SEI,$b$
sei,b,144,597,0.0045043407099124,0.0065137128550034,0.6915166219604638,Delayed SEI,$b$
sei,b,145,599,0.0009880143505568,0.006071460410098,0.16273092202224412,Delayed SEI,$b$
sei,b,146,600,0.0026246527627142,0.008623531874405,0.3043593739711542,Delayed SEI,$b$
sei,b,147,601,0.0037095427640002,0.0072121262215038,0.5143480091820584,Delayed SEI,$b$
sei,b,148,603,0.0013988072481868,0.0100597992730172,0.13904922058820174,Delayed SEI,$b$
sei,b,149,607,0.0036098480983151,0.02989752519928,0.12074069924697424,Delayed SEI,$b$
sei,b,150,610,0.000453013766983,0.0046410091300955,0.0976110484345628,Delayed SEI,$b$
sei,b,151,613,0.0028070829121913,0.0088505450279632,0.31716497722144255,Delayed SEI,$b$
sei,b,152,616,0.0052261435837542,0.0524361147538037,0.09966687288506816,Delayed SEI,$b$
sei,b,153,623,0.0062497381036977,0.0244069399285265,0.2560639769671859,Delayed SEI,$b$
sei,b,154,624,0.0014522160120889,0.0102372113134512,0.14185660211787937,Delayed SEI,$b$
sei,b,155,629,0.0034154544239968,0.0116139678496906,0.2940816151895744,Delayed SEI,$b$
sei,b,156,633,0.0010031002108124,0.0041767104620642,0.2401651299325764,Delayed SEI,$b$
sei,b,157,634,0.0102550385786246,0.0874445790551566,0.1172747206222598,Delayed SEI,$b$
sei,b,158,635,0.0019696132788241,0.0114977484522204,0.17130425900418234,Delayed SEI,$b$
sei,b,159,638,0.0030665821182942,0.018436075233634,0.16633595162920883,Delayed SEI,$b$
sei,b,160,645,0.0010843682096754,0.0187789564603275,0.057743794867741484,Delayed SEI,$b$
sei,b,161,646,0.002765609902582,0.0227129261991862,0.1217636987118415,Delayed SEI,$b$
sei,b,162,653,0.0035357934112706,0.0218811202336422,0.16159105994190923,Delayed SEI,$b$
sei,b,163,658,0.0010521946018233,0.0036040885270117,0.29194471610155437,Delayed SEI,$b$
sei,b,164,662,0.0005541754687984,0.0058521044351345,0.0946967838562955,Delayed SEI,$b$
sei,b,165,664,0.0017724564532246,0.0082633010090126,0.21449738443406827,Delayed SEI,$b$
sei,b,166,671,0.0010624076924561,0.0067847647099795,0.15658725657699485,Delayed SEI,$b$
sei,b,167,672,0.0061844714079775,0.0518797601083804,0.1192077872961963,Delayed SEI,$b$
sei,b,168,673,0.0042889577033261,0.0179319301763154,0.2391799243670367,Delayed SEI,$b$
sei,b,169,676,0.0018858066142234,0.006786797941016,0.27786396922568324,Delayed SEI,$b$
sei,b,170,687,0.0066402602336067,0.0057028903105042,1.1643675175333377,Delayed SEI,$b$
sei,b,171,689,0.0014885906842772,0.0039918304161373,0.3729092995181986,Delayed SEI,$b$
sei,b,172,690,0.0021593516045759,0.0130933560760715,0.16491964260577774,Delayed SEI,$b$
sei,b,173,691,0.003133709449708,0.0180044560885844,0.17405188106153938,Delayed SEI,$b$
sei,b,174,694,0.0005202326154988,0.0097191584402584,0.0535265083593975,Delayed SEI,$b$
sei,b,175,698,0.0023504924496309,0.0152607432976782,0.1540221471380433,Delayed SEI,$b$
sei,b,176,699,0.004943711095505,0.0101452655047605,0.4872924314484667,Delayed SEI,$b$
sei,b,177,700,0.0018536640683417,0.0182425145146658,0.10161231155121045,Delayed SEI,$b$
sei,b,178,706,0.0032688165568314,0.0219570702806031,0.14887307436999353,Delayed SEI,$b$
sei,b,179,720,0.0045548333889758,0.0149235382845184,0.30521135820055223,Delayed SEI,$b$
sei,b,180,726,0.0073643215699693,0.0402740435004788,0.1828552817121963,Delayed SEI,$b$
sei,b,181,735,0.0045737534612927,0.0321897792560264,0.14208713346291202,Delayed SEI,$b$
sei,b,182,741,0.001829099416452,0.0194382503324639,0.09409794529691871,Delayed SEI,$b$
sei,b,183,744,0.0067772711421881,0.0263520216408916,0.25718220918851664,Delayed SEI,$b$
sei,b,184,748,0.0036767682026853,0.0147335585168384,0.24955058877889327,Delayed SEI,$b$
sei,b,185,754,0.0006741830065667,0.0058307347459707,0.11562573773958604,Delayed SEI,$b$
sei,b,186,757,0.0014221071967724,0.0064148070512651,0.22169134401196655,Delayed SEI,$b$
sei,b,187,759,0.0037202117222354,0.0141756153511177,0.26243740607296273,Delayed SEI,$b$
sei,b,188,760,0.0052867348126549,0.0638404037965523,0.08281173830765165,Delayed SEI,$b$
sei,b,189,761,0.0017396749835,0.0064999735825733,0.2676433929153406,Delayed SEI,$b$
sei,b,190,763,0.0030687205787812,0.0204516979800431,0.15004722746129331,Delayed SEI,$b$
sei,b,191,766,0.002265771658911,0.0276929894301431,0.08181751791826297,Delayed SEI,$b$
sei,b,192,769,0.0012909145227214,0.0135316642555418,0.09539953832306436,Delayed SEI,$b$
sei,b,193,771,0.0011163442282582,0.0078253679205872,0.14265709160093162,Delayed SEI,$b$
sei,b,194,775,0.0028866924137695,0.0298591137566714,0.09667709622240642,Delayed SEI,$b$
sei,b,195,776,0.0009014573808261,0.0070245632931999,0.12832931289817717,Delayed SEI,$b$
sei,b,196,783,0.0011708891198503,0.0095383404746183,0.12275606254212225,Delayed SEI,$b$
sei,b,197,788,0.0009479575888767,0.0046713330128624,0.20293085212861559,Delayed SEI,$b$
sei,b,198,799,0.0048289365859802,0.0531797429628567,0.09080406028575509,Delayed SEI,$b$
sei,b,199,801,0.0015482652369643,0.0074897288088784,0.2067184642425198,Delayed SEI,$b$
sei,b,200,803,0.001488416327918,0.0085847230369301,0.17337965610714196,Delayed SEI,$b$
sei,b,201,806,0.0008405226866379,0.0061960787156826,0.1356539716822017,Delayed SEI,$b$
sei,b,202,812,0.0019716447864744,0.0256108528893629,0.07698473748577482,Delayed SEI,$b$
sei,b,203,815,0.001721342360604,0.0142592427765635,0.12071765573927946,Delayed SEI,$b$
sei,b,204,816,0.0020661651082465,0.0172472531243859,0.1197967637713363,Delayed SEI,$b$
sei,b,205,817,0.0011996411560498,0.0050751457899111,0.23637570342010095,Delayed SEI,$b$
sei,b,206,819,0.0006022632318994,0.0036720073400469,0.16401471351408237,Delayed SEI,$b$
sei,b,207,828,0.0023167098785937,0.0089770272469153,0.25807094206935505,Delayed SEI,$b$
sei,b,208,836,0.0012614260764936,0.0084201252862843,0.14981084409140094,Delayed SEI,$b$
sei,b,209,837,0.0010305555874012,0.0068220383911728,0.15106270711326703,Delayed SEI,$b$
sei,b,210,844,0.0084603856278215,0.063586875246059,0.13305238848556034,Delayed SEI,$b$
sei,b,211,847,0.0024764767937702,0.0153885102710496,0.16093024926715585,Delayed SEI,$b$
sei,b,212,848,0.0037714771941395,0.0120663842160339,0.312560674897782,Delayed SEI,$b$
sei,b,213,851,0.0007808436012413,0.0087683209340556,0.08905280807053415,Delayed SEI,$b$
sei,b,214,855,0.0023943185232813,0.0108209820000317,0.22126628833448628,Delayed SEI,$b$
sei,b,215,859,0.0050619771802322,0.0105738670363159,0.47872525376448005,Delayed SEI,$b$
sei,b,216,860,0.0021671163298328,0.0133627674392691,0.16217571245491455,Delayed SEI,$b$
sei,b,217,863,0.0017406430916581,0.0059948079165982,0.29035844281827156,Delayed SEI,$b$
sei,b,218,871,0.0009460723281926,0.0065665606768364,0.14407425359364734,Delayed SEI,$b$
sei,b,219,874,0.0034237312181755,0.0145222150186074,0.23575819623856642,Delayed SEI,$b$
sei,b,220,879,0.0010971605112788,0.0069529645681328,0.15779751220182608,Delayed SEI,$b$
sei,b,221,880,0.0011466586387332,0.0072740446572277,0.15763700839997555,Delayed SEI,$b$
sei,b,222,881,0.0022542735571107,0.0119627180205619,0.18844158603721853,Delayed SEI,$b$
sei,b,223,882,0.0113635217987123,0.0115038293793232,0.9878034021555392,Delayed SEI,$b$
sei,b,224,883,0.0007797826843834,0.0038628243113984,0.20186853491690568,Delayed SEI,$b$
sei,b,225,888,0.0011136075936239,0.0038745948609387,0.287412654378555,Delayed SEI,$b$
sei,b,226,892,0.0011020185898482,0.0057161801398195,0.19278933884036034,Delayed SEI,$b$
sei,b,227,893,0.0013337566434149,0.0066968629070482,0.19916140765121093,Delayed SEI,$b$
sei,b,228,902,0.0014881927209957,0.0061891679041027,0.24045117923028086,Delayed SEI,$b$
sei,b,229,906,0.0015224223728796,0.0061476908143872,0.24764133702312008,Delayed SEI,$b$
sei,b,230,909,0.0012209566338397,0.0072269313783461,0.16894537528030587,Delayed SEI,$b$
sei,b,231,911,0.0015441396983446,0.0072554078537687,0.21282603672549194,Delayed SEI,$b$
sei,b,232,912,0.0011702569938696,0.006080391844375,0.19246407531320708,Delayed SEI,$b$
sei,b,233,914,0.0014547540788134,0.0132184276349743,0.1100550019250628,Delayed SEI,$b$
sei,b,234,923,0.0011431806913667,0.0099639649938203,0.11473150418289367,Delayed SEI,$b$
sei,b,235,928,0.0123889143077689,0.0332043285599093,0.3731114238740307,Delayed SEI,$b$
sei,b,236,932,0.0011748799231394,0.0069635621848492,0.16871823528705127,Delayed SEI,$b$
sei,b,237,935,0.0016182605918464,0.0122349636643983,0.13226525523367658,Delayed SEI,$b$
sei,b,238,941,0.0009752487775335,0.0089513735219396,0.10894962378043871,Delayed SEI,$b$
sei,b,239,949,0.0042787641959168,0.0189945985722626,0.22526215437713892,Delayed SEI,$b$
sei,b,240,950,0.0028989143677295,0.0091284111477209,0.31757053016321196,Delayed SEI,$b$
sei,b,241,958,0.00243934102144,0.0082205746344142,0.2967360713724398,Delayed SEI,$b$
sei,b,242,963,0.0037221981586428,0.0248901713475133,0.14954489893516437,Delayed SEI,$b$
sei,b,243,965,0.0027624234722489,0.0144230877846891,0.19152788317501362,Delayed SEI,$b$
sei,b,244,967,0.0014332037280774,0.0125430473744513,0.11426280115920363,Delayed SEI,$b$
sei,b,245,968,0.0032623967037873,0.0224045148213975,0.14561336095845906,Delayed SEI,$b$
sei,b,246,984,0.0022037345890072,0.0137027674806539,0.16082405193830504,Delayed SEI,$b$
sei,b,247,987,0.0033377147243889,0.0059285983012754,0.5629854739308056,Delayed SEI,$b$
sei,b,248,989,0.0013118334293556,0.0113000540459761,0.11609089868227118,Delayed SEI,$b$
sei,b,249,992,0.0012847634960015,0.0105126472764691,0.12221122446267556,Delayed SEI,$b$
sei,b,250,999,0.0008897695346013,0.0089399072036161,0.09952782666931904,Delayed SEI,$b$
sei,b,251,1000,0.0009663053233805,0.0121094946668156,0.07979732845735722,Delayed SEI,$b$
sei,b,252,1002,0.0006291175533802,0.0087060925652364,0.0722617579202269,Delayed SEI,$b$
sei,b,253,1005,0.0031867067070733,0.0279786528204209,0.11389778941562921,Delayed SEI,$b$
sei,b,254,1006,0.0012019097127073,0.005583114714112,0.21527584050338916,Delayed SEI,$b$
sei,b,255,1013,0.0013570169231821,0.0063288190419996,0.21441866392080447,Delayed SEI,$b$
sei,b,256,1016,0.0037066675112584,0.0152589283203484,0.24291794505092526,Delayed SEI,$b$
sei,b,257,1026,0.0023675418715802,0.0312524294872148,0.07575545038982484,Delayed SEI,$b$
sei,b,258,1043,0.0028367028659554,0.0080047753592163,0.3543763239638401,Delayed SEI,$b$
sei,b,259,1047,0.0012472423294226,0.0110442368822565,0.11293150832597591,Delayed SEI,$b$
sei,b,260,1048,0.0015235589183123,0.0078692929784176,0.19360810716932608,Delayed SEI,$b$
sei,b,261,1050,0.0137260331585608,0.0707485067317144,0.19401163067103772,Delayed SEI,$b$
sei,b,262,1057,0.0033020249779066,0.0094736472661431,0.34854844023033976,Delayed SEI,$b$
sei,b,263,1059,0.0029563816316784,0.0358547604547153,0.08245436851857708,Delayed SEI,$b$
sei,b,264,1060,0.0015254491142437,0.0125465330851104,0.12158331739100317,Delayed SEI,$b$
sei,b,265,1064,0.0008889813550731,0.0054773548096335,0.16230121764424885,Delayed SEI,$b$
sei,b,266,1065,0.0022788698081374,0.0242371483566762,0.09402384202140175,Delayed SEI,$b$
sei,b,267,1067,0.0038124081554749,0.0189750447608351,0.20091695189798933,Delayed SEI,$b$
sei,b,268,1068,0.0038672701514929,0.0185345189398639,0.20865230783925046,Delayed SEI,$b$
sei,b,269,1072,0.0033501131764144,0.0039640753411364,0.84511844203597,Delayed SEI,$b$
sei,b,270,1073,0.0044716427265867,0.0294560967740831,0.15180703542911592,Delayed SEI,$b$
sei,b,271,1076,0.0016589573813826,0.0083999223922467,0.19749675103115852,Delayed SEI,$b$
sei,b,272,1078,0.0013267093913792,0.0093245892412366,0.14228073291550758,Delayed SEI,$b$
sei,b,273,1083,0.0014093721521737,0.0101889968005321,0.13832295561228347,Delayed SEI,$b$
sei,b,274,1085,0.0015770124695822,0.0110941824141079,0.14214769603723068,Delayed SEI,$b$
sei,b,275,1088,0.0031428160501002,0.0108884153384984,0.28863851647797445,Delayed SEI,$b$
sei,b,276,1090,0.0011271089624317,0.0081799586615253,0.13778907804670135,Delayed SEI,$b$
sei,b,277,1094,0.0017906241192168,0.0163741839738093,0.109356540886613,Delayed SEI,$b$
sei,b,278,1095,0.0037407583953247,0.0168186367289088,0.22241745604118307,Delayed SEI,$b$
sei,b,279,1102,0.0028467000580903,0.0121717025217444,0.23387854353199575,Delayed SEI,$b$
sei,b,280,1103,0.0050113404808566,0.0318565622484361,0.15730951889206488,Delayed SEI,$b$
sei,b,281,1108,0.002468231510128,0.0069627844088675,0.3544891476152224,Delayed SEI,$b$
sei,b,282,1110,0.0015187922919115,0.0049676884906842,0.3057342051055855,Delayed SEI,$b$
sei,b,283,1111,0.000867157004628,0.008775807447843,0.09881221867979088,Delayed SEI,$b$
sei,b,284,1112,0.0010338674754738,0.0083140981214665,0.12435112749083589,Delayed SEI,$b$
sei,b,285,1136,0.0045334438049444,0.010897713407258,0.41599954371392034,Delayed SEI,$b$
sei,b,286,1141,0.001064951449989,0.0038969908790607,0.27327532525446596,Delayed SEI,$b$
sei,b,287,1143,0.0061110848793907,0.0056757660981975,1.0766978014353776,Delayed SEI,$b$
sei,b,288,1146,0.0007430549076678,0.0060455602498689,0.12290918905057863,Delayed SEI,$b$
sei,b,289,1148,0.010267874731442,0.0656943332178279,0.15629772354026328,Delayed SEI,$b$
sei,b,290,1153,0.0019149227854898,0.0161044256709874,0.11890661763490208,Delayed SEI,$b$
sei,b,291,1155,0.0012989144144166,0.0080026540882067,0.1623104535195112,Delayed SEI,$b$
sei,b,292,1158,0.0007892880870409,0.004699048977913,0.16796762297026502,Delayed SEI,$b$
sei,b,293,1165,0.0019411082567665,0.0104681531016151,0.18542986885308474,Delayed SEI,$b$
sei,b,294,1168,0.0038350594825228,0.0151284293136613,0.25350017526668533,Delayed SEI,$b$
sei,b,295,1170,0.0032939402785319,0.009860591442852,0.33405098442849457,Delayed SEI,$b$
sei,b,296,1172,0.0099736586670636,0.0077607837355408,1.2851354975128164,Delayed SEI,$b$
sei,b,297,1174,0.0024229506725067,0.0092352831373172,0.2623580280626409,Delayed SEI,$b$
sei,b,298,1176,0.0040486127078118,0.0142832608940974,0.2834515687860117,Delayed SEI,$b$
sei,b,299,1180,0.0027610386254688,0.0271317021739143,0.10176429800719959,Delayed SEI,$b$
sei,b,300,1181,0.0014689093307399,0.0095240200591496,0.15423207024104685,Delayed SEI,$b$
sei,b,301,1193,0.0048652638818405,0.0104740918009192,0.46450460567984775,Delayed SEI,$b$
sei,b,302,1196,0.0054597328768069,0.0163629153542401,0.3336650443157201,Delayed SEI,$b$
sei,b,303,1198,0.0062228522991852,0.0180760786821908,0.34425897389549304,Delayed SEI,$b$
sei,b,304,1199,0.0009284218589554,0.0044979477092555,0.20641010500076984,Delayed SEI,$b$
sei,b,305,1201,0.0019259055779167,0.0045866942423649,0.4198896800506377,Delayed SEI,$b$
sei,b,306,1204,0.0033276891878628,0.0375829954139135,0.08854241529217932,Delayed SEI,$b$
sei,b,307,1210,0.0028888059305294,0.0125716843732351,0.22978670516733765,Delayed SEI,$b$
sei,b,308,1214,0.0009781364028822,0.0048858741665944,0.20019680604340864,Delayed SEI,$b$
sei,b,309,1217,0.0018988681833514,0.0320754670903258,0.05920001657354237,Delayed SEI,$b$
sei,b,310,1219,0.0015438232801441,0.0057987190630762,0.26623522597852967,Delayed SEI,$b$
sei,b,311,1220,0.0007369627708592,0.0029366663887319,0.25095215911720653,Delayed SEI,$b$
sei,b,312,1226,0.0012086634345557,0.0119715198443426,0.10096156964789062,Delayed SEI,$b$
sei,b,313,1241,0.002315708818462,0.0132944025854984,0.17418675292622676,Delayed SEI,$b$
sei,b,314,1242,0.001919578266675,0.0103952876280852,0.18465850444472828,Delayed SEI,$b$
sei,b,315,1245,0.003016167263158,0.0190263002158741,0.15852620997967534,Delayed SEI,$b$
sei,b,316,1247,0.0101319403479939,0.0324304983630183,0.3124201248645543,Delayed SEI,$b$
sei,b,317,1255,0.0025358799847826,0.0102708341924892,0.24690107319978205,Delayed SEI,$b$
sei,b,318,1256,0.0005785210496009,0.0088322701372042,0.06550083281126037,Delayed SEI,$b$
sei,b,319,1257,0.0034114791076064,0.0244131599544511,0.13973935016898156,Delayed SEI,$b$
sei,b,320,1259,0.0008239683304803,0.0065674922920411,0.12546163647254474,Delayed SEI,$b$
sei,b,321,1261,0.0019958665856164,0.010862321531395,0.18374217517386265,Delayed SEI,$b$
sei,b,322,1262,0.0008060867003465,0.0079197133593855,0.10178230748606856,Delayed SEI,$b$
sei,b,323,1267,0.0013575069927917,0.0058759534090476,0.23102752834994494,Delayed SEI,$b$
sei,b,324,1268,0.0030461728261729,0.0216188461147426,0.14090358060764466,Delayed SEI,$b$
sei,b,325,1269,0.0007063788662761,0.0065407977421325,0.10799582774528646,Delayed SEI,$b$
sei,b,326,1270,0.0114538844321196,0.2246605251642491,0.05098307512521693,Delayed SEI,$b$
sei,b,327,1271,0.0017616676649512,0.0160021386453011,0.11008951390809875,Delayed SEI,$b$
sei,b,328,1273,0.0018800520352456,0.0083411654750504,0.2253944057181338,Delayed SEI,$b$
sei,b,329,1276,0.0018621823648728,0.021366357970775,0.08715487999498563,Delayed SEI,$b$
sei,b,330,1284,0.0024439655172493,0.0140831608713836,0.17353813817573702,Delayed SEI,$b$
sei,b,331,1288,0.0012551977795767,0.0081329437097125,0.15433498919680477,Delayed SEI,$b$
sei,b,332,1289,0.0015429578532674,0.0151311583270461,0.10197222313836007,Delayed SEI,$b$
sei,b,333,1293,0.0008147766230104,0.0068926751678187,0.11820905572549263,Delayed SEI,$b$
sei,b,334,1298,0.0040518921610036,0.0210249558276402,0.19271822467644995,Delayed SEI,$b$
sei,b,335,1299,0.0023452822894021,0.0074869373068408,0.31324989021334804,Delayed SEI,$b$
sei,b,336,1302,0.0010998764705996,0.0036601923880365,0.3004969012543151,Delayed SEI,$b$
sei,b,337,1317,0.0071898930284442,0.0070338271965381,1.022187896794353,Delayed SEI,$b$
sei,b,338,1321,0.0013759685008658,0.0056443109858408,0.24377971098997303,Delayed SEI,$b$
sei,b,339,1323,0.0034215458634872,0.0100209508606326,0.34143924175187557,Delayed SEI,$b$
sei,b,340,1326,0.0054398561163234,0.0213372881917113,0.254945992548227,Delayed SEI,$b$
sei,b,341,1329,0.0012159411019571,0.0072447797377631,0.1678368626749354,Delayed SEI,$b$
sei,b,342,1330,0.0022841826674773,0.0253431412176663,0.09013021108389802,Delayed SEI,$b$
sei,b,343,1332,0.0007162895181822,0.0032068736255185,0.22336069388028582,Delayed SEI,$b$
sei,b,344,1334,0.0027909610734333,0.0134969860229402,0.20678402338786103,Delayed SEI,$b$
sei,b,345,1341,0.0045779321506093,0.0438030052612983,0.10451182797391496,Delayed SEI,$b$
sei,b,346,1342,0.0006775318024457,0.0155774484470353,0.04349440184311108,Delayed SEI,$b$
sei,b,347,1345,0.0066564365258634,0.0376919424182985,0.17660104783116365,Delayed SEI,$b$
sei,b,348,1348,0.0008974318121903,0.0081343633255298,0.1103260054015167,Delayed SEI,$b$
sei,b,349,1349,0.0008905271144146,0.0219734933781463,0.04052733441557692,Delayed SEI,$b$
sei,b,350,1351,0.00098630036243,0.0050547236631615,0.19512448714419214,Delayed SEI,$b$
sei,b,351,1355,0.0007567534584853,0.0088808918549949,0.08521142592899354,Delayed SEI,$b$
sei,b,352,1356,0.0006877461124271,0.0032761196040125,0.2099270464926762,Delayed SEI,$b$
sei,b,353,1357,0.0142109239803344,0.0676112380787086,0.21018582685604675,Delayed SEI,$b$
sei,b,354,1370,0.0018422619435108,0.0062361332770752,0.29541734623972576,Delayed SEI,$b$
sei,b,355,1371,0.0013256018660652,0.0088269711957315,0.15017629905784982,Delayed SEI,$b$
sei,b,356,1374,0.0015540692707159,0.0063554997244824,0.24452353679276814,Delayed SEI,$b$
sei,b,357,1375,0.0012225243694044,0.0095491293767935,0.12802469431144214,Delayed SEI,$b$
sei,b,358,1381,0.0015926233411745,0.0059657658283242,0.2669604183276956,Delayed SEI,$b$
sei,b,359,1385,0.0008980500097073,0.0072999743329168,0.12302098182151723,Delayed SEI,$b$
sei,b,360,1388,0.0034638467786331,0.0249848912607378,0.1386376567536365,Delayed SEI,$b$
sei,b,361,1395,0.0011017541164382,0.0187385122444625,0.05879624284280008,Delayed SEI,$b$
sei,b,362,1402,0.0006812586947722,0.0141072885767533,0.04829125675466881,Delayed SEI,$b$
sei,b,363,1404,0.0010333530369916,0.0048233731906662,0.2142386657933209,Delayed SEI,$b$
sei,b,364,1411,0.00516221981247,0.0155786228119014,0.33136560752509425,Delayed SEI,$b$
sei,b,365,1414,0.0017518651948013,0.0262028231221028,0.06685787965051573,Delayed SEI,$b$
sei,b,366,1423,0.0012799076096281,0.0087352421694264,0.1465222812148029,Delayed SEI,$b$
sei,b,367,1433,0.0024759470369033,0.0251873154849396,0.0983013468975587,Delayed SEI,$b$
sei,b,368,1435,0.0032909777125218,0.0788320977652655,0.041746671797586614,Delayed SEI,$b$
sei,b,369,1437,0.0030969289461612,0.0097702576089451,0.316975157679141,Delayed SEI,$b$
sei,b,370,1445,0.0011533849580171,0.0063489612590885,0.18166514346989224,Delayed SEI,$b$
sei,b,371,1448,0.0017787076377918,0.0252914051555004,0.07032854152846328,Delayed SEI,$b$
sei,b,372,1455,0.0010567160007742,0.0101848290405529,0.10375392621384977,Delayed SEI,$b$
sei,b,373,1473,0.0012855207363326,0.0076014172058883,0.16911592950546045,Delayed SEI,$b$
sei,b,374,1475,0.0050281147674954,0.0410938845281807,0.12235676488669016,Delayed SEI,$b$
sei,b,375,1477,0.0018294713513298,0.0047232561578181,0.3873326557361481,Delayed SEI,$b$
sei,b,376,1494,0.0008004238740492,0.0106152309283719,0.07540334067626017,Delayed SEI,$b$
sei,b,377,1496,0.0007283793351219,0.0134824546953774,0.054024237542710414,Delayed SEI,$b$
sei,b,378,1500,0.0203978033717809,0.076856870001673,0.2653998708422147,Delayed SEI,$b$
sei,b,379,1503,0.0016799286274172,0.0050608097335683,0.3319485844872314,Delayed SEI,$b$
sei,b,380,1505,0.0030623191656138,0.0205119681334085,0.14929426302228416,Delayed SEI,$b$
sei,b,381,1507,0.0017880469130979,0.0075857110378142,0.23571250001280308,Delayed SEI,$b$
sei,b,382,1511,0.0007847721072613,0.0208782584532981,0.03758800615562506,Delayed SEI,$b$
sei,b,383,1512,0.0021783622420335,0.0080500695362444,0.2706016677527697,Delayed SEI,$b$
sei,b,384,1516,0.002007244171888,0.0049350772618423,0.40673003995456825,Delayed SEI,$b$
sei,b,385,1521,0.0016018320487502,0.0104209801191276,0.1537122257636836,Delayed SEI,$b$
sei,b,386,1522,0.0040569904755585,0.0126151003318415,0.3215979555325722,Delayed SEI,$b$
sei,b,387,1528,0.0040550302791959,0.0219379907717977,0.1848405499563264,Delayed SEI,$b$
sei,b,388,1529,0.0007256437467926,0.0086622659948489,0.08377066084372277,Delayed SEI,$b$
sei,b,389,1530,0.0041217295130885,0.0180543869352763,0.2282951798842358,Delayed SEI,$b$
sei,b,390,1532,0.0010839822067214,0.0037908226008501,0.2859490724990177,Delayed SEI,$b$
sei,b,391,1538,0.0022095614757593,0.0100192949875832,0.22053063399147194,Delayed SEI,$b$
sei,b,392,1542,0.000990517188076,0.0086089086906305,0.11505723009398727,Delayed SEI,$b$
sei,b,393,1543,0.002400965354173,0.012031404601789,0.1995581923839541,Delayed SEI,$b$
sei,b,394,1545,0.0166062981788542,0.0679319907907142,0.24445475519796128,Delayed SEI,$b$
sei,b,395,1553,0.0011607363100733,0.0238262038211288,0.0487167959607553,Delayed SEI,$b$
sei,b,396,1555,0.0055052602335321,0.0130306104007308,0.422486749601795,Delayed SEI,$b$
sei,b,397,1562,0.0089049779203233,0.0358242796858563,0.24857381637289563,Delayed SEI,$b$
sei,b,398,1566,0.0051024391886196,0.0229349123491324,0.22247476297037688,Delayed SEI,$b$
sei,b,399,1567,0.0014107459847567,0.0128361994177309,0.10990371361853479,Delayed SEI,$b$
sei,b,400,1568,0.0017373097294332,0.0091170403871557,0.19055632701603065,Delayed SEI,$b$
sei,b,401,1572,0.0017726701570104,0.0256769302421423,0.06903746438119782,Delayed SEI,$b$
sei,b,402,1578,0.0026890811579803,0.0062509885542661,0.430184943491072,Delayed SEI,$b$
sei,b,403,1583,0.0013044447192576,0.0046286885297396,0.2818173465067837,Delayed SEI,$b$
sei,b,404,1584,0.0018126349415578,0.0171826540510712,0.10549213969915182,Delayed SEI,$b$
sei,b,405,1586,0.0013843217685515,0.0041293032264309,0.33524342792040907,Delayed SEI,$b$
sei,b,406,1593,0.0006778912553496,0.0083294608829955,0.08138476965940344,Delayed SEI,$b$
sei,b,407,1602,0.00079344258783,0.0090309078063455,0.08785856359562141,Delayed SEI,$b$
sei,b,408,1603,0.0080165327652453,0.0245056198615811,0.32713038113405524,Delayed SEI,$b$
sei,b,409,1608,0.0016995928281797,0.0051326128340879,0.3311359892357299,Delayed SEI,$b$
sei,b,410,1615,0.0016647257423358,0.0024598650224561,0.6767549142487592,Delayed SEI,$b$
sei,b,411,1616,0.0015022007451759,0.0106626612053697,0.14088422357632388,Delayed SEI,$b$
sei,b,412,1620,0.0037539894581808,0.0034238433343595,1.0964255929902413,Delayed SEI,$b$
sei,b,413,1624,0.002404444226126,0.0152215045382764,0.15796363756813397,Delayed SEI,$b$
sei,b,414,1628,0.0015599820265152,0.0107596092493572,0.14498500738847894,Delayed SEI,$b$
sei,b,415,1636,0.0007941249388134,0.012564162851954,0.0632055591901132,Delayed SEI,$b$
sei,b,416,1638,0.0014010055901904,0.0244188122848172,0.05737402678923489,Delayed SEI,$b$
sei,b,417,1642,0.0024735804942056,0.0104202576532756,0.2373818936644078,Delayed SEI,$b$
sei,b,418,1643,0.0046350669202922,0.0213434221431032,0.21716606124430476,Delayed SEI,$b$
sei,b,419,1649,0.0025327394514844,0.013181380466495,0.19214523531296485,Delayed SEI,$b$
sei,b,420,1657,0.0091102164895271,0.0382598099792826,0.23811452525405155,Delayed SEI,$b$
sei,b,421,1658,0.0027679208181057,0.0039075248016153,0.7083565578295221,Delayed SEI,$b$
sei,b,422,1660,0.0042625682417534,0.0231363320498467,0.1842369928202013,Delayed SEI,$b$
sei,b,423,1666,0.0023079985782099,0.0099274779059199,0.2324858942102109,Delayed SEI,$b$
sei,b,424,1667,0.001832555496074,0.0085044696475429,0.21548145528433504,Delayed SEI,$b$
sei,b,425,1676,0.0110549982101191,0.1060867208507742,0.1042071818363535,Delayed SEI,$b$
sei,b,426,1682,0.0043080444463632,0.0081535086523239,0.528366943614554,Delayed SEI,$b$
sei,b,427,1684,0.0043007872633464,0.0179955173979925,0.23899214277807743,Delayed SEI,$b$
sei,b,428,1688,0.0026923306032417,0.0105601745071303,0.2549513364029941,Delayed SEI,$b$
sei,b,429,1691,0.0017410041300837,0.0082016086144352,0.21227593414046295,Delayed SEI,$b$
sei,b,430,1694,0.0007774292576115,0.0142136870079749,0.05469581940106788,Delayed SEI,$b$
sei,b,431,1696,0.0016921037878636,0.0135062773858681,0.12528276589625528,Delayed SEI,$b$
sei,b,432,1710,0.0056104640148544,0.0217899960944484,0.25747889033737914,Delayed SEI,$b$
sei,b,433,1714,0.0035390048438416,0.0178487837464456,0.19827708678168932,Delayed SEI,$b$
sei,b,434,1726,0.000528001717095,0.0110829816775741,0.047640764232551876,Delayed SEI,$b$
sei,b,435,1732,0.0020064384211048,0.0097073271721143,0.20669319015728493,Delayed SEI,$b$
sei,b,436,1738,0.0016743159814703,0.0078906710241101,0.21218930257697918,Delayed SEI,$b$
sei,b,437,1742,0.0010230177004187,0.0057374743354366,0.17830453621381687,Delayed SEI,$b$
sei,b,438,1745,0.0020587441947442,0.0234636782879792,0.08774175001363388,Delayed SEI,$b$
sei,b,439,1746,0.0010260799940621,0.0044245197479702,0.23190765382679698,Delayed SEI,$b$
sei,b,440,1751,0.0014567655184888,0.0075166523249811,0.1938050950750157,Delayed SEI,$b$
sei,b,441,1753,0.0019082029962429,0.0108686823446323,0.17556893611720112,Delayed SEI,$b$
sei,b,442,1754,0.0023639268328861,0.007778752616957,0.303895360771976,Delayed SEI,$b$
sei,b,443,1759,0.0047591706141888,0.0041882427801508,1.1363167953738926,Delayed SEI,$b$
sei,b,444,1760,0.00624373259407,0.0079798608208823,0.7824362773008435,Delayed SEI,$b$
sei,b,445,1765,0.0008229642077803,0.0036588307610151,0.22492546431745267,Delayed SEI,$b$
sei,b,446,1766,0.0030114715346343,0.0323269628853206,0.09315664899661154,Delayed SEI,$b$
sei,b,447,1768,0.0010541597814476,0.0045792742408,0.2302023696365121,Delayed SEI,$b$
sei,b,448,1776,0.001102647985518,0.0069914562279705,0.15771363641049066,Delayed SEI,$b$
sei,b,449,1780,0.0010221772753751,0.0059317617088185,0.17232271381628028,Delayed SEI,$b$
sei,b,450,1788,0.0016725954574377,0.0077954703680086,0.21455991472968355,Delayed SEI,$b$
sei,b,451,1790,0.0049021295789182,0.0087651942940841,0.5592722094280099,Delayed SEI,$b$
sei,b,452,1795,0.0020594440558919,0.0132659546253923,0.15524280868185153,Delayed SEI,$b$
sei,b,453,1797,0.003357018686073,0.0256784673856455,0.13073282901414918,Delayed SEI,$b$
sei,b,454,1799,0.0006575771136951,0.0062388001802029,0.10540121412795658,Delayed SEI,$b$
sei,b,455,1801,0.005384974819746,0.0142718209828449,0.3773151881752777,Delayed SEI,$b$
sei,b,456,1809,0.0087024704456358,0.046716072510567,0.18628429099358326,Delayed SEI,$b$
sei,b,457,1820,0.0019520391257876,0.0282754461713877,0.06903654548740222,Delayed SEI,$b$
sei,b,458,1827,0.0007514212779888,0.0061670635257945,0.12184425778101494,Delayed SEI,$b$
sei,b,459,1831,0.0006969905334169,0.004244106306954,0.16422551251246367,Delayed SEI,$b$
sei,b,460,1833,0.0032761451950713,0.0318277150172381,0.10293372280406929,Delayed SEI,$b$
sei,b,461,1841,0.0023070216302051,0.0064878038886404,0.3555936137719115,Delayed SEI,$b$
sei,b,462,1848,0.0039280413349139,0.0349397019147645,0.112423435795084,Delayed SEI,$b$
sei,b,463,1849,0.0015638684822039,0.0232941251802669,0.06713574646403533,Delayed SEI,$b$
sei,b,464,1858,0.0036101063375255,0.014191066215844,0.25439288934434673,Delayed SEI,$b$
sei,b,465,1860,0.000988166382969,0.0053295222621111,0.18541368895184485,Delayed SEI,$b$
sei,b,466,1863,0.0024340133396742,0.0048621747072454,0.5006017854617894,Delayed SEI,$b$
sei,b,467,1871,0.0005561945128087,0.0028894584099354,0.1924909217922036,Delayed SEI,$b$
sei,b,468,1872,0.002579502463934,0.0179952308761875,0.14334367153618305,Delayed SEI,$b$
sei,b,469,1877,0.0076712581928083,0.0194557777466916,0.3942920346174686,Delayed SEI,$b$
sei,b,470,1878,0.0009609792299339,0.0109183178086598,0.08801531946356288,Delayed SEI,$b$
sei,b,471,1883,0.0011565191395052,0.0298380704793604,0.03875985011514695,Delayed SEI,$b$
sei,b,472,1889,0.0055097088123914,0.0149284710275215,0.3690738858811417,Delayed SEI,$b$
sei,b,473,1890,0.0037403276836095,0.0083264949650207,0.449207943957509,Delayed SEI,$b$
sei,b,474,1891,0.0035587589436466,0.0141548671065036,0.25141592053601775,Delayed SEI,$b$
sei,b,475,1892,0.0011412174065887,0.0095498305631568,0.1195013250802073,Delayed SEI,$b$
sei,b,476,1899,0.0016593586452061,0.0118641393989029,0.13986338068141244,Delayed SEI,$b$
sei,b,477,1906,0.0009376710095407,0.0104053650775907,0.09011418653249331,Delayed SEI,$b$
sei,b,478,1915,0.001060886180429,0.0066113491315904,0.1604644013367658,Delayed SEI,$b$
sei,b,479,1927,0.0030943471673518,0.0073524588662167,0.420858820655196,Delayed SEI,$b$
sei,b,480,1928,0.0015180288977626,0.0341033752142049,0.04451257062469005,Delayed SEI,$b$
sei,b,481,1930,0.0009966518235066,0.0075818717355584,0.13145194989680173,Delayed SEI,$b$
sei,b,482,1934,0.0018571899146992,0.0077872779382485,0.23849025672723267,Delayed SEI,$b$
sei,b,483,1935,0.0010036701862607,0.009064446869077,0.11072602672366924,Delayed SEI,$b$
sei,b,484,1940,0.0035988684556398,0.0487908842588316,0.0737610828397391,Delayed SEI,$b$
sei,b,485,1947,0.0039170002714058,0.0539670718831165,0.07258130068441283,Delayed SEI,$b$
sei,b,486,1952,0.0015987022449502,0.014997874920124,0.106595251224897,Delayed SEI,$b$
sei,b,487,1957,0.0009901430030352,0.00341227847459,0.2901706324405924,Delayed SEI,$b$
sei,b,488,1962,0.0017146954775875,0.0088241726929567,0.19431798733451122,Delayed SEI,$b$
sei,b,489,1963,0.0014798517886869,0.0072551510783136,0.20397256689944482,Delayed SEI,$b$
sei,b,490,1969,0.0008369635575883,0.0126681131760367,0.06606852543530475,Delayed SEI,$b$
sei,b,491,1971,0.000885171885422,0.0054359407362652,0.16283692710567763,Delayed SEI,$b$
sei,b,492,1973,0.0035603147957102,0.0656883432523652,0.05420010034401357,Delayed SEI,$b$
sei,b,493,1977,0.0026040841707158,0.0105260305670602,0.24739469965676633,Delayed SEI,$b$
sei,b,494,1982,0.0055129672318547,0.0350766757267241,0.15716903377062322,Delayed SEI,$b$
sei,b,495,1986,0.0186352977356596,0.0759843203960242,0.24525188405363002,Delayed SEI,$b$
sei,b,496,1991,0.0006968037513335,0.0044356737208269,0.15709084914469354,Delayed SEI,$b$
sei,b,497,1992,0.0067434209247911,0.0336437261868293,0.2004362087404868,Delayed SEI,$b$
sei,b,498,1994,0.0009899268970497,0.0068117620277214,0.14532611283557129,Delayed SEI,$b$
sei,b,499,1995,0.0008660308634977,0.0083146679212204,0.1041569996184029,Delayed SEI,$b$
sei,b,500,1999,0.0012299577706868,0.015729442878807,0.07819461758203647,Delayed SEI,$b$
sei,b,501,2000,0.0028044857680461,0.0196235680434387,0.14291416126965772,Delayed SEI,$b$
sei,b,502,2011,0.0018879432015039,0.0106099073774825,0.17794153467453433,Delayed SEI,$b$
sei,b,503,2013,0.002411383391044,0.007491963363524,0.32186267791754875,Delayed SEI,$b$
sei,b,504,2023,0.0046933868945466,0.0179528672506369,0.2614282626291962,Delayed SEI,$b$
sei,b,505,2028,0.0068639935921738,0.041066175206764,0.16714470139023888,Delayed SEI,$b$
sei,b,506,2032,0.0063946686345479,0.079098482997262,0.08084439033766617,Delayed SEI,$b$
sei,b,507,2035,0.0013797069187643,0.0044596799030697,0.3093735310049082,Delayed SEI,$b$
sei,b,508,2038,0.0008518245183974,0.004504842953156,0.1890908356307137,Delayed SEI,$b$
sei,b,509,2044,0.001131108279043,0.0078193619250131,0.14465480558263138,Delayed SEI,$b$
sei,overall,0,0,0.0019365552821188,0.0096635403385706,0.20039811645317238,Delayed SEI,Overall
sei,overall,1,4,0.0018269012050809,0.0097770885113471,0.18685534072445328,Delayed SEI,Overall
sei,overall,2,9,0.006108535149994,0.0478516296771856,0.127655739025047,Delayed SEI,Overall
sei,overall,3,10,0.000604382382982,0.0076301699629089,0.07920955705049423,Delayed SEI,Overall
sei,overall,4,12,0.0032759323164697,0.0124488620617993,0.26315114588041405,Delayed SEI,Overall
sei,overall,5,14,0.0015718013867432,0.0080914433917428,0.1942547590887431,Delayed SEI,Overall
sei,overall,6,16,0.0065993910332511,0.029443366528715,0.2241384668704567,Delayed SEI,Overall
sei,overall,7,20,0.0021336996288941,0.0109280903042077,0.1952490846522883,Delayed SEI,Overall
sei,overall,8,21,0.0038476539891628,0.0195069177079921,0.1972456154662709,Delayed SEI,Overall
sei,overall,9,27,0.0015372723574961,0.0078571400190503,0.19565291617164174,Delayed SEI,Overall
sei,overall,10,34,0.0037406053888884,0.0183751256156358,0.2035689696567536,Delayed SEI,Overall
sei,overall,11,35,0.0015487747701266,0.0120859074206785,0.12814716481086963,Delayed SEI,Overall
sei,overall,12,37,0.0013041567135009,0.0089856041753774,0.14513845569500894,Delayed SEI,Overall
sei,overall,13,42,0.0007927540360623,0.0149291880288197,0.0531009479237549,Delayed SEI,Overall
sei,overall,14,46,0.0018406719266995,0.0245880250847049,0.07486050304400002,Delayed SEI,Overall
sei,overall,15,51,0.0011626546970535,0.0100609604172519,0.11556100499708288,Delayed SEI,Overall
sei,overall,16,61,0.009709054053039,0.020260869025916,0.47920225142465483,Delayed SEI,Overall
sei,overall,17,62,0.0034822836006251,0.0595583830337751,0.058468403996970904,Delayed SEI,Overall
sei,overall,18,68,0.0014540345223349,0.0082919086981417,0.17535582882874287,Delayed SEI,Overall
sei,overall,19,71,0.001611974502154,0.0122615706030917,0.1314655809058872,Delayed SEI,Overall
sei,overall,20,78,0.0014936633360518,0.0190507519300206,0.07840442947021173,Delayed SEI,Overall
sei,overall,21,79,0.0008324651771556,0.0046635338392848,0.17850522926263723,Delayed SEI,Overall
sei,overall,22,80,0.0014428010293579,0.0094435220850789,0.1527820887545312,Delayed SEI,Overall
sei,overall,23,87,0.0030777768550186,0.0175595749060434,0.17527627357079897,Delayed SEI,Overall
sei,overall,24,88,0.0020689664301167,0.0075855800863184,0.272749929019714,Delayed SEI,Overall
sei,overall,25,94,0.0013023540529258,0.0056403259442328,0.2309004950782054,Delayed SEI,Overall
sei,overall,26,97,0.0029398822746786,0.0197733031458817,0.1486793710180338,Delayed SEI,Overall
sei,overall,27,103,0.0030934352860949,0.0204615790278052,0.15118262778699712,Delayed SEI,Overall
sei,overall,28,104,0.001603922140808,0.0173631943710343,0.09237483072145422,Delayed SEI,Overall
sei,overall,29,109,0.0024969761774214,0.0115160391030998,0.21682595509329966,Delayed SEI,Overall
sei,overall,30,110,0.0038288534815269,0.0074720441760567,0.5124238282471639,Delayed SEI,Overall
sei,overall,31,112,0.0032736654839894,0.0137356978683821,0.23833266539190398,Delayed SEI,Overall
sei,overall,32,115,0.0039211938333057,0.0213186959598115,0.18393216173717464,Delayed SEI,Overall
sei,overall,33,118,0.0045175968570688,0.0082367076287955,0.5484711926978321,Delayed SEI,Overall
sei,overall,34,122,0.0018094581612419,0.0130493528891405,0.13866267366772703,Delayed SEI,Overall
sei,overall,35,124,0.001876893149595,0.0054711237952087,0.3430544107297803,Delayed SEI,Overall
sei,overall,36,125,0.0012959924952556,0.011061703252737,0.11716030213836483,Delayed SEI,Overall
sei,overall,37,138,0.0021172633484163,0.0120029533381951,0.17639519947802076,Delayed SEI,Overall
sei,overall,38,145,0.0014542365043083,0.0071557145928929,0.20322729273644544,Delayed SEI,Overall
sei,overall,39,146,0.0040883029867615,0.068471569297708,0.059708036907784895,Delayed SEI,Overall
sei,overall,40,147,0.0012868948195894,0.0053676762247466,0.23974896504681642,Delayed SEI,Overall
sei,overall,41,156,0.0008460321171047,0.0107289239903249,0.07885526245387073,Delayed SEI,Overall
sei,overall,42,161,0.0008982668536878,0.0044117546051506,0.2036076196620498,Delayed SEI,Overall
sei,overall,43,169,0.0085541246184278,0.0815616209042907,0.10487928664960844,Delayed SEI,Overall
sei,overall,44,170,0.0010097812407393,0.0066313655958294,0.15227349874577445,Delayed SEI,Overall
sei,overall,45,176,0.0071012329109041,0.0311442304852938,0.2280111853865607,Delayed SEI,Overall
sei,overall,46,182,0.005529840462145,0.0385352089678087,0.1435009854692752,Delayed SEI,Overall
sei,overall,47,185,0.0020800150343223,0.0268032677611939,0.07760303903443337,Delayed SEI,Overall
sei,overall,48,187,0.0026057503831599,0.0114494729729217,0.2275869281776172,Delayed SEI,Overall
sei,overall,49,188,0.0015114856832919,0.0101630450340166,0.14872370222042955,Delayed SEI,Overall
sei,overall,50,189,0.0007948434662017,0.0076325994229704,0.10413797739857918,Delayed SEI,Overall
sei,overall,51,191,0.0016525828596498,0.013914061188231,0.11877070520917447,Delayed SEI,Overall
sei,overall,52,197,0.0016879920811447,0.0173108148405153,0.09751083913127065,Delayed SEI,Overall
sei,overall,53,201,0.0014372714364915,0.0084516001622858,0.17005909045545511,Delayed SEI,Overall
sei,overall,54,203,0.0027505677110975,0.0156094160868442,0.17621208223257698,Delayed SEI,Overall
sei,overall,55,205,0.0031247404000998,0.0223923526618375,0.13954497981023609,Delayed SEI,Overall
sei,overall,56,207,0.0028524771291259,0.0132774340685463,0.21483647475857567,Delayed SEI,Overall
sei,overall,57,217,0.0015180163434785,0.0094590685113995,0.1604826460078049,Delayed SEI,Overall
sei,overall,58,220,0.0010382016613002,0.0101936315802294,0.10184806593498998,Delayed SEI,Overall
sei,overall,59,223,0.0104907452904777,0.0375428602598323,0.2794338315693521,Delayed SEI,Overall
sei,overall,60,234,0.001306270285024,0.0071167883942284,0.18354772021651847,Delayed SEI,Overall
sei,overall,61,241,0.0020374139007332,0.0116428671914231,0.17499245394073484,Delayed SEI,Overall
sei,overall,62,243,0.0009249740724872,0.0052239000430273,0.17706580617326834,Delayed SEI,Overall
sei,overall,63,248,0.0009056431364619,0.0053621941620168,0.1688941334644388,Delayed SEI,Overall
sei,overall,64,250,0.0070905105478569,0.060978917761642,0.11627806474973379,Delayed SEI,Overall
sei,overall,65,251,0.0010341177507828,0.0067346369548464,0.15355211538739666,Delayed SEI,Overall
sei,overall,66,256,0.0028368242484988,0.0058425902574022,0.48554222074784714,Delayed SEI,Overall
sei,overall,67,259,0.0017503272970762,0.0087611707866195,0.1997823509786372,Delayed SEI,Overall
sei,overall,68,261,0.0008880223820077,0.0055792610377376,0.15916487434468465,Delayed SEI,Overall
sei,overall,69,265,0.00099532208393,0.0059505010298899,0.16726693751171673,Delayed SEI,Overall
sei,overall,70,272,0.0011617640595906,0.0075613117025029,0.15364583623844524,Delayed SEI,Overall
sei,overall,71,287,0.0016367148470479,0.0096786531168451,0.16910564179630516,Delayed SEI,Overall
sei,overall,72,291,0.0135096448910299,0.0291661333993032,0.4631962936627265,Delayed SEI,Overall
sei,overall,73,292,0.0011478126584173,0.0197732491948533,0.05804876310950755,Delayed SEI,Overall
sei,overall,74,294,0.0020513417404899,0.0079514559916874,0.257983159642009,Delayed SEI,Overall
sei,overall,75,303,0.0009504046726964,0.0080727873377559,0.11772943259032966,Delayed SEI,Overall
sei,overall,76,305,0.0010013837573908,0.0121569227056618,0.08237148344493703,Delayed SEI,Overall
sei,overall,77,313,0.0017527701582692,0.0136627449423301,0.12828828801734737,Delayed SEI,Overall
sei,overall,78,314,0.0145489384030841,0.0359678834572312,0.4044980411589688,Delayed SEI,Overall
sei,overall,79,316,0.0005099976824993,0.0044060498864894,0.1157494117493186,Delayed SEI,Overall
sei,overall,80,323,0.0024582806712189,0.0091374456226847,0.26903368542253775,Delayed SEI,Overall
sei,overall,81,325,0.0035730972979796,0.018102129984808,0.1973854624278071,Delayed SEI,Overall
sei,overall,82,328,0.0045345874933659,0.0279529927046407,0.16222189664196768,Delayed SEI,Overall
sei,overall,83,331,0.0006256830638043,0.0081115197871623,0.07713512143489282,Delayed SEI,Overall
sei,overall,84,332,0.0082348944250227,0.0350791721185306,0.23475167535874117,Delayed SEI,Overall
sei,overall,85,339,0.0012874217917203,0.0098819309946902,0.13028038673939968,Delayed SEI,Overall
sei,overall,86,351,0.0020494299772155,0.0124018035239713,0.1652525758252968,Delayed SEI,Overall
sei,overall,87,362,0.0039886169033859,0.0188603325930606,0.21148179035047648,Delayed SEI,Overall
sei,overall,88,363,0.0017728910677736,0.0192538282188182,0.09207992548935394,Delayed SEI,Overall
sei,overall,89,369,0.0035110657542752,0.0169881858263886,0.20667691006895425,Delayed SEI,Overall
sei,overall,90,388,0.0007719528726649,0.0079631046682602,0.09694119377104186,Delayed SEI,Overall
sei,overall,91,392,0.0013178609295284,0.0212239096359681,0.062093221848957776,Delayed SEI,Overall
sei,overall,92,394,0.0012407708564263,0.0075297477591749,0.16478252606993865,Delayed SEI,Overall
sei,overall,93,396,0.0009316449322655,0.0058551544746179,0.15911534636774854,Delayed SEI,Overall
sei,overall,94,402,0.0049432932004109,0.0289413257459248,0.1708039653679984,Delayed SEI,Overall
sei,overall,95,407,0.0058983035409355,0.0260458484578267,0.22645849109066277,Delayed SEI,Overall
sei,overall,96,411,0.0053594271907781,0.0236169764182231,0.22693113190572148,Delayed SEI,Overall
sei,overall,97,413,0.0016835487513683,0.0209441034469673,0.08038294671487012,Delayed SEI,Overall
sei,overall,98,417,0.0023391422532138,0.0168832151242122,0.13854838879943185,Delayed SEI,Overall
sei,overall,99,419,0.0009254565372421,0.0130680148493715,0.07081844854856509,Delayed SEI,Overall
sei,overall,100,422,0.0022697698588057,0.0107683253282165,0.21078206588522805,Delayed SEI,Overall
sei,overall,101,423,0.0021107005076062,0.0215785232599005,0.09781487278735741,Delayed SEI,Overall
sei,overall,102,424,0.0010427488582537,0.0098315728115323,0.10606124556495883,Delayed SEI,Overall
sei,overall,103,425,0.0060408773359466,0.0544663452514941,0.11091027510756081,Delayed SEI,Overall
sei,overall,104,429,0.0020127751884833,0.0133725249230527,0.1505157178666765,Delayed SEI,Overall
sei,overall,105,436,0.0013387469540679,0.0112232402765746,0.11928346191270295,Delayed SEI,Overall
sei,overall,106,441,0.0037476491886022,0.0095324055042424,0.3931483178022911,Delayed SEI,Overall
sei,overall,107,448,0.0010448560413253,0.0148677603720987,0.0702766264168549,Delayed SEI,Overall
sei,overall,108,453,0.0041783879040305,0.0391334466471177,0.10677280592503731,Delayed SEI,Overall
sei,overall,109,460,0.0012841213015557,0.0091428907170968,0.14045025159870392,Delayed SEI,Overall
sei,overall,110,467,0.0011729473055623,0.0097233502385097,0.12063201229929961,Delayed SEI,Overall
sei,overall,111,469,0.0061989130816042,0.0648029096869203,0.09565794362556805,Delayed SEI,Overall
sei,overall,112,472,0.0029869218393671,0.015033658697044,0.19868229680872063,Delayed SEI,Overall
sei,overall,113,475,0.0012020893842214,0.0094195790000815,0.12761604146119476,Delayed SEI,Overall
sei,overall,114,477,0.0011953374648718,0.0033208898916198,0.35994492557197105,Delayed SEI,Overall
sei,overall,115,478,0.001060870589605,0.0143350134321366,0.07400555253242479,Delayed SEI,Overall
sei,overall,116,481,0.0022620961454413,0.0110944056721598,0.2038952073942801,Delayed SEI,Overall
sei,overall,117,484,0.0013719114876645,0.0081269802374629,0.16880950212483678,Delayed SEI,Overall
sei,overall,118,485,0.0025879552672147,0.0141607628467207,0.1827553568425171,Delayed SEI,Overall
sei,overall,119,492,0.0017391024862973,0.0126461113494986,0.1375207317280385,Delayed SEI,Overall
sei,overall,120,499,0.0035193907209561,0.0212026786271825,0.1659880236284924,Delayed SEI,Overall
sei,overall,121,502,0.0039248070944923,0.0140991719331757,0.27837146132370594,Delayed SEI,Overall
sei,overall,122,515,0.0009958750458395,0.0220395336924881,0.04518584919874832,Delayed SEI,Overall
sei,overall,123,518,0.0013861241660774,0.0112612998820753,0.12308740381594,Delayed SEI,Overall
sei,overall,124,523,0.0016227686015797,0.0140454631578564,0.11553685224484722,Delayed SEI,Overall
sei,overall,125,528,0.0022583996431894,0.0074363170965281,0.3036986742057855,Delayed SEI,Overall
sei,overall,126,536,0.0011445830804625,0.0071854033255888,0.1592928091296404,Delayed SEI,Overall
sei,overall,127,537,0.00474535403624,0.007958336718288,0.5962745991050278,Delayed SEI,Overall
sei,overall,128,539,0.0020391277521349,0.0062556881895622,0.3259637773406361,Delayed SEI,Overall
sei,overall,129,541,0.0011773763682111,0.0091458894799845,0.12873284449672742,Delayed SEI,Overall
sei,overall,130,546,0.0020361705420812,0.0105470054333667,0.19305674534304626,Delayed SEI,Overall
sei,overall,131,550,0.0018262226073981,0.0207812411566301,0.08787841850415452,Delayed SEI,Overall
sei,overall,132,551,0.0012733160686447,0.0304361467294323,0.041835652849359556,Delayed SEI,Overall
sei,overall,133,552,0.0016874360104244,0.0139250188595824,0.12118015978579469,Delayed SEI,Overall
sei,overall,134,558,0.0021662078677205,0.0059124180437125,0.3663827306704287,Delayed SEI,Overall
sei,overall,135,559,0.0085880937816758,0.0481530585585067,0.17834991252406399,Delayed SEI,Overall
sei,overall,136,561,0.00259311059897,0.0200639595767011,0.1292422160768905,Delayed SEI,Overall
sei,overall,137,564,0.0021809589498768,0.0089914891254619,0.24255814798249697,Delayed SEI,Overall
sei,overall,138,572,0.0034886713139759,0.0418742555173272,0.08331303496326803,Delayed SEI,Overall
sei,overall,139,576,0.0016014333055374,0.0077156278674973,0.20755709490391133,Delayed SEI,Overall
sei,overall,140,577,0.0016370432900469,0.0240253124494688,0.0681382726443208,Delayed SEI,Overall
sei,overall,141,582,0.0022945209571711,0.010324586065926,0.22223854230279086,Delayed SEI,Overall
sei,overall,142,583,0.0031968108491165,0.0225910810418879,0.14150765265234724,Delayed SEI,Overall
sei,overall,143,594,0.0008951465777338,0.009047712721069,0.09893622900396833,Delayed SEI,Overall
sei,overall,144,597,0.0045885408972965,0.0082758506676128,0.5544494556014121,Delayed SEI,Overall
sei,overall,145,599,0.0010262832894618,0.0063504522465763,0.1616079059589964,Delayed SEI,Overall
sei,overall,146,600,0.0028218574299001,0.010673220140663,0.2643866979890487,Delayed SEI,Overall
sei,overall,147,601,0.0038341849157809,0.0112934907972373,0.33950396601189486,Delayed SEI,Overall
sei,overall,148,603,0.0014305615842968,0.0116172984169434,0.12314064190779321,Delayed SEI,Overall
sei,overall,149,607,0.0036450297707327,0.033917622441452,0.10746713679665153,Delayed SEI,Overall
sei,overall,150,610,0.000478509383979,0.0048367407483759,0.09893219605364952,Delayed SEI,Overall
sei,overall,151,613,0.0028625126817519,0.0100165357560267,0.2857787114701405,Delayed SEI,Overall
sei,overall,152,616,0.0053454410951788,0.059169009421317,0.09034190613393947,Delayed SEI,Overall
sei,overall,153,623,0.0063849368417895,0.0300085672719575,0.21277046597809804,Delayed SEI,Overall
sei,overall,154,624,0.0015741621940192,0.0108591202280885,0.14496222170442766,Delayed SEI,Overall
sei,overall,155,629,0.0036109124963765,0.0130752387941044,0.27616417208415756,Delayed SEI,Overall
sei,overall,156,633,0.0010351858810287,0.0046947917435246,0.22049665620557166,Delayed SEI,Overall
sei,overall,157,634,0.0111501777703912,0.0992603111223279,0.11233269011870996,Delayed SEI,Overall
sei,overall,158,635,0.0021701394423082,0.0135505828722022,0.1601510033018613,Delayed SEI,Overall
sei,overall,159,638,0.0031021724725759,0.020127177274927,0.15412854123565378,Delayed SEI,Overall
sei,overall,160,645,0.0010931659918586,0.0188708875169965,0.057928700538012044,Delayed SEI,Overall
sei,overall,161,646,0.0027236734377032,0.0239080140076035,0.11392303170129423,Delayed SEI,Overall
sei,overall,162,653,0.0036296608355323,0.023834910412503,0.1522833848634187,Delayed SEI,Overall
sei,overall,163,658,0.0010655736289628,0.0040361113436875,0.2640099685627759,Delayed SEI,Overall
sei,overall,164,662,0.0006162540949825,0.0060333976968539,0.1021404730710598,Delayed SEI,Overall
sei,overall,165,664,0.0018023584095129,0.0085003908809896,0.21203241530265635,Delayed SEI,Overall
sei,overall,166,671,0.0010760191942813,0.006915307440665,0.15559961773410702,Delayed SEI,Overall
sei,overall,167,672,0.0064797483474886,0.0623669020902453,0.1038972296252965,Delayed SEI,Overall
sei,overall,168,673,0.0041413241864538,0.0181057476069116,0.22872980869748297,Delayed SEI,Overall
sei,overall,169,676,0.0019189525332167,0.0089062638180709,0.2154610027746007,Delayed SEI,Overall
sei,overall,170,687,0.0066597599016198,0.0110785266853519,0.6011412971027436,Delayed SEI,Overall
sei,overall,171,689,0.0014801333476766,0.0048864234715598,0.30290730148366063,Delayed SEI,Overall
sei,overall,172,690,0.0021269497415832,0.0132102242032431,0.16100784580635924,Delayed SEI,Overall
sei,overall,173,691,0.0032496132318285,0.0186172563908602,0.17454844922390594,Delayed SEI,Overall
sei,overall,174,694,0.0005588516788488,0.0100015624126671,0.05587643767947771,Delayed SEI,Overall
sei,overall,175,698,0.0024344143036092,0.0169455621934868,0.14366087568017613,Delayed SEI,Overall
sei,overall,176,699,0.0051426197680911,0.0110553825937551,0.46516886453084244,Delayed SEI,Overall
sei,overall,177,700,0.0018691575162455,0.0192573957757469,0.097061800983472,Delayed SEI,Overall
sei,overall,178,706,0.0032760257143277,0.0219876737631085,0.14899373847470407,Delayed SEI,Overall
sei,overall,179,720,0.0046847008473336,0.0159265728052916,0.2941436870697699,Delayed SEI,Overall
sei,overall,180,726,0.0075826086918168,0.0431371384134976,0.17577913071406245,Delayed SEI,Overall
sei,overall,181,735,0.0046980939041258,0.0363562630994016,0.1292237843939227,Delayed SEI,Overall
sei,overall,182,741,0.0018476209990607,0.0199216797043373,0.09274423775915042,Delayed SEI,Overall
sei,overall,183,744,0.0067905782975325,0.0272969905946807,0.24876655446610893,Delayed SEI,Overall
sei,overall,184,748,0.0037401150033017,0.0161590713105663,0.23145606151611361,Delayed SEI,Overall
sei,overall,185,754,0.0007223840138992,0.007156288324999,0.10094395042409096,Delayed SEI,Overall
sei,overall,186,757,0.0014400150174509,0.0080787008540067,0.1782483401073964,Delayed SEI,Overall
sei,overall,187,759,0.0038111678182317,0.015337093989201,0.24849347737682126,Delayed SEI,Overall
sei,overall,188,760,0.0057164670622175,0.0655525005699886,0.08720440887093522,Delayed SEI,Overall
sei,overall,189,761,0.0017554357514415,0.0067440878050223,0.26029254099186444,Delayed SEI,Overall
sei,overall,190,763,0.0030980493619389,0.0210586654577378,0.14711518012175612,Delayed SEI,Overall
sei,overall,191,766,0.0022770690829009,0.0279001408758358,0.08161496721592043,Delayed SEI,Overall
sei,overall,192,769,0.00129925143953,0.0147742137736622,0.0879404792318735,Delayed SEI,Overall
sei,overall,193,771,0.0011273183204536,0.0082459184348894,0.13671228127649074,Delayed SEI,Overall
sei,overall,194,775,0.0030243546213902,0.030633317678511,0.09872762242503554,Delayed SEI,Overall
sei,overall,195,776,0.0009184051196748,0.0072156069373234,0.12728036985000718,Delayed SEI,Overall
sei,overall,196,783,0.0012452231055591,0.0100228247870916,0.12423873828093088,Delayed SEI,Overall
sei,overall,197,788,0.0009733316168327,0.0053931273542423,0.18047629008186974,Delayed SEI,Overall
sei,overall,198,799,0.0052635738990439,0.0588197446977058,0.0894865138584867,Delayed SEI,Overall
sei,overall,199,801,0.0015511877475147,0.0083180916468881,0.186483608664617,Delayed SEI,Overall
sei,overall,200,803,0.0015520271384886,0.0095693446420099,0.16218740118054933,Delayed SEI,Overall
sei,overall,201,806,0.0009293863871894,0.0067213617761947,0.13827352523725814,Delayed SEI,Overall
sei,overall,202,812,0.0019809344890752,0.025844207525741,0.07664907067094924,Delayed SEI,Overall
sei,overall,203,815,0.001741656847016,0.0153738551363141,0.11328692976312019,Delayed SEI,Overall
sei,overall,204,816,0.0020659748865427,0.0172603570300699,0.11969479443232198,Delayed SEI,Overall
sei,overall,205,817,0.0012075068826087,0.0054013006413933,0.22355853946637858,Delayed SEI,Overall
sei,overall,206,819,0.0006197379680151,0.0037875103053713,0.16362674106423203,Delayed SEI,Overall
sei,overall,207,828,0.0023006055638825,0.009528623745649,0.24144153712995667,Delayed SEI,Overall
sei,overall,208,836,0.0012949424165097,0.0090345696603681,0.14333194221637555,Delayed SEI,Overall
sei,overall,209,837,0.0010536849439407,0.0069842002096493,0.15086694429019082,Delayed SEI,Overall
sei,overall,210,844,0.0084562082401006,0.0623280399180967,0.13567261622878943,Delayed SEI,Overall
sei,overall,211,847,0.0024927419899614,0.0156075378527126,0.15971398009636478,Delayed SEI,Overall
sei,overall,212,848,0.0037706197956918,0.0130450640898723,0.2890457087611527,Delayed SEI,Overall
sei,overall,213,851,0.0007852722058863,0.0088831183296303,0.08840051170622892,Delayed SEI,Overall
sei,overall,214,855,0.0024061352723882,0.0109706629926951,0.21932450882780224,Delayed SEI,Overall
sei,overall,215,859,0.0051505713591859,0.0116311448738612,0.4428258279854149,Delayed SEI,Overall
sei,overall,216,860,0.0022723771353834,0.014106867503768,0.16108304233923224,Delayed SEI,Overall
sei,overall,217,863,0.0017666500026109,0.0075976547051901,0.23252570314942958,Delayed SEI,Overall
sei,overall,218,871,0.0009668746132041,0.0066587079759397,0.14520453768174918,Delayed SEI,Overall
sei,overall,219,874,0.00360135158964,0.0153892459474693,0.2340174172232414,Delayed SEI,Overall
sei,overall,220,879,0.0010987933949746,0.0074619308440831,0.14725322680333905,Delayed SEI,Overall
sei,overall,221,880,0.0011588025393193,0.0084836218206366,0.1365929038114932,Delayed SEI,Overall
sei,overall,222,881,0.0023470316457606,0.0124084053620425,0.18914853095791062,Delayed SEI,Overall
sei,overall,223,882,0.0114673915090047,0.0146512381354342,0.7826909509627498,Delayed SEI,Overall
sei,overall,224,883,0.0008019965430065,0.0043093014347375,0.18610824866916126,Delayed SEI,Overall
sei,overall,225,888,0.0011197286641447,0.0046021120537265,0.24330756206555515,Delayed SEI,Overall
sei,overall,226,892,0.0011575056134242,0.0061852528933591,0.18713957753723784,Delayed SEI,Overall
sei,overall,227,893,0.0013373299894112,0.0076000791546145,0.17596263962582817,Delayed SEI,Overall
sei,overall,228,902,0.0015911695498715,0.0071324245655063,0.22308957287353376,Delayed SEI,Overall
sei,overall,229,906,0.0015498927267288,0.0063839285015708,0.24278040180861055,Delayed SEI,Overall
sei,overall,230,909,0.0013360526905202,0.0083086637549934,0.16080235401477758,Delayed SEI,Overall
sei,overall,231,911,0.0016503688454875,0.0081026895038863,0.20368161024755202,Delayed SEI,Overall
sei,overall,232,912,0.0012898827909912,0.0064354504790121,0.2004339548875231,Delayed SEI,Overall
sei,overall,233,914,0.001489213773748,0.0157538562568965,0.09453011056236298,Delayed SEI,Overall
sei,overall,234,923,0.0011432913754492,0.0102275994485495,0.11178491895391386,Delayed SEI,Overall
sei,overall,235,928,0.0125880775693329,0.0396072255623885,0.3178227555854528,Delayed SEI,Overall
sei,overall,236,932,0.0011785262225548,0.0075784510504847,0.15551017149862362,Delayed SEI,Overall
sei,overall,237,935,0.0016348652851144,0.0128276669009997,0.1274483737168908,Delayed SEI,Overall
sei,overall,238,941,0.0010141562892095,0.0093244942583801,0.10876260536039889,Delayed SEI,Overall
sei,overall,239,949,0.0043169782587707,0.0207451841964001,0.20809544123111826,Delayed SEI,Overall
sei,overall,240,950,0.0030665141930826,0.013879400895919,0.22093995382641163,Delayed SEI,Overall
sei,overall,241,958,0.0024564418715157,0.0095080232793495,0.25835463369666467,Delayed SEI,Overall
sei,overall,242,963,0.0037861174814498,0.0260698726573536,0.14522961163685774,Delayed SEI,Overall
sei,overall,243,965,0.0027523041971302,0.0150620318183829,0.18273126961337774,Delayed SEI,Overall
sei,overall,244,967,0.0014951386655252,0.0132598174365232,0.11275710790760586,Delayed SEI,Overall
sei,overall,245,968,0.0033823822629048,0.0233282407542905,0.14499088459050288,Delayed SEI,Overall
sei,overall,246,984,0.0022416003320184,0.0142095702239746,0.1577528592832694,Delayed SEI,Overall
sei,overall,247,987,0.0034681421460965,0.0094399959884649,0.36738809532698513,Delayed SEI,Overall
sei,overall,248,989,0.0015582237457092,0.0152671473737007,0.10206384385817927,Delayed SEI,Overall
sei,overall,249,992,0.0013096696955931,0.0105393902655294,0.1242642755033528,Delayed SEI,Overall
sei,overall,250,999,0.0008987229410928,0.0090260817492196,0.09956955477059623,Delayed SEI,Overall
sei,overall,251,1000,0.0009803650226572,0.0122819217623492,0.0798217934967274,Delayed SEI,Overall
sei,overall,252,1002,0.0006489486531727,0.0087148893993482,0.07446435903377452,Delayed SEI,Overall
sei,overall,253,1005,0.0032750696918229,0.0292299617367908,0.11204495309689977,Delayed SEI,Overall
sei,overall,254,1006,0.0012101881805057,0.0069732606577809,0.173546958861397,Delayed SEI,Overall
sei,overall,255,1013,0.0013823744460528,0.0077153376950156,0.17917225411220383,Delayed SEI,Overall
sei,overall,256,1016,0.0037831730407107,0.019153561126086,0.1975179976092407,Delayed SEI,Overall
sei,overall,257,1026,0.002367945555504,0.0314186594245338,0.07536749176684952,Delayed SEI,Overall
sei,overall,258,1043,0.0028800635896118,0.0093271927425518,0.3087813953358759,Delayed SEI,Overall
sei,overall,259,1047,0.0012322865752811,0.0114537931975773,0.1075876396599995,Delayed SEI,Overall
sei,overall,260,1048,0.0016027963570722,0.0097100003688628,0.16506655985430346,Delayed SEI,Overall
sei,overall,261,1050,0.0140094554014108,0.0736532288423631,0.19020829937265407,Delayed SEI,Overall
sei,overall,262,1057,0.0033565355155022,0.0103966741503539,0.3228470438681532,Delayed SEI,Overall
sei,overall,263,1059,0.0029312956551464,0.0358149191943419,0.08184565876696132,Delayed SEI,Overall
sei,overall,264,1060,0.0015510775485416,0.0139033049273414,0.11156178740576599,Delayed SEI,Overall
sei,overall,265,1064,0.0009061108199043,0.0060294755752974,0.15028020407224332,Delayed SEI,Overall
sei,overall,266,1065,0.0023730579811266,0.0253336502858291,0.09367216940126545,Delayed SEI,Overall
sei,overall,267,1067,0.0038372365516109,0.0200335968525283,0.19154007040561113,Delayed SEI,Overall
sei,overall,268,1068,0.0039079003777899,0.0190457683239856,0.2051847061936809,Delayed SEI,Overall
sei,overall,269,1072,0.0034219704034188,0.0047829619283635,0.7154500610021861,Delayed SEI,Overall
sei,overall,270,1073,0.0046844554480183,0.0307129226576707,0.15252392291777986,Delayed SEI,Overall
sei,overall,271,1076,0.0017019106152745,0.0090213294749721,0.1886540803100159,Delayed SEI,Overall
sei,overall,272,1078,0.0013602253603516,0.0099304928447338,0.13697460756672675,Delayed SEI,Overall
sei,overall,273,1083,0.0014975591073499,0.0108982848721494,0.13741236579132896,Delayed SEI,Overall
sei,overall,274,1085,0.0017055423776004,0.0123545652137852,0.1380495669485284,Delayed SEI,Overall
sei,overall,275,1088,0.0031859746905733,0.0116438810412973,0.2736179354008872,Delayed SEI,Overall
sei,overall,276,1090,0.0011391836896552,0.0110878911839667,0.1027412400387263,Delayed SEI,Overall
sei,overall,277,1094,0.0019301939955546,0.0193857970558902,0.0995674302165527,Delayed SEI,Overall
sei,overall,278,1095,0.0036528983510315,0.017488420286948,0.2088752609495404,Delayed SEI,Overall
sei,overall,279,1102,0.0028363977319759,0.0132265405688228,0.21444743750015563,Delayed SEI,Overall
sei,overall,280,1103,0.0054370809680513,0.0326958377425999,0.16629275600322807,Delayed SEI,Overall
sei,overall,281,1108,0.0024362615706917,0.0078926169279423,0.30867601873170636,Delayed SEI,Overall
sei,overall,282,1110,0.0015315390070817,0.0064510662917391,0.23740866049429832,Delayed SEI,Overall
sei,overall,283,1111,0.0009090108518699,0.0091212463568004,0.09965862298984847,Delayed SEI,Overall
sei,overall,284,1112,0.0010486420837119,0.008409927111733,0.12469098361731348,Delayed SEI,Overall
sei,overall,285,1136,0.0046650449074337,0.0115520643337158,0.4038278157626185,Delayed SEI,Overall
sei,overall,286,1141,0.0010681562265737,0.0044479420306519,0.24014616629730415,Delayed SEI,Overall
sei,overall,287,1143,0.0061426433447932,0.0062137973553533,0.9885490294435174,Delayed SEI,Overall
sei,overall,288,1146,0.0007577013811033,0.0069265729831472,0.10939051432026148,Delayed SEI,Overall
sei,overall,289,1148,0.0104468656109764,0.0721763784046059,0.14474078419969236,Delayed SEI,Overall
sei,overall,290,1153,0.0019527160618458,0.0161767896474302,0.1207109756883068,Delayed SEI,Overall
sei,overall,291,1155,0.001396409307626,0.0086820879653425,0.16083795893340883,Delayed SEI,Overall
sei,overall,292,1158,0.0008000472207516,0.0060785565715932,0.13161796083143243,Delayed SEI,Overall
sei,overall,293,1165,0.0021372204473603,0.0120171639856974,0.17784732320404206,Delayed SEI,Overall
sei,overall,294,1168,0.0039269658478073,0.017861144619931,0.2198608169504016,Delayed SEI,Overall
sei,overall,295,1170,0.0033260582582222,0.0109047780409056,0.3050092579368065,Delayed SEI,Overall
sei,overall,296,1172,0.0100533758049551,0.0106118441499756,0.947373110919483,Delayed SEI,Overall
sei,overall,297,1174,0.0024340753414346,0.0100255835288365,0.24278640085472233,Delayed SEI,Overall
sei,overall,298,1176,0.0039517122653767,0.0150098007203807,0.26327546507735855,Delayed SEI,Overall
sei,overall,299,1180,0.0027883648136807,0.0300357368270638,0.0928349062896381,Delayed SEI,Overall
sei,overall,300,1181,0.001591960637492,0.0100705349653993,0.15808103968276907,Delayed SEI,Overall
sei,overall,301,1193,0.0048980613952663,0.0122952875680075,0.3983689985430776,Delayed SEI,Overall
sei,overall,302,1196,0.005522494388279,0.01682947969614,0.32814409524173443,Delayed SEI,Overall
sei,overall,303,1198,0.0065259572218341,0.0220276907341308,0.29626152376120196,Delayed SEI,Overall
sei,overall,304,1199,0.0010238993146285,0.0074840394146306,0.13681105321637832,Delayed SEI,Overall
sei,overall,305,1201,0.0019293198575145,0.0051516529419603,0.374505014070369,Delayed SEI,Overall
sei,overall,306,1204,0.0033517459170659,0.0414449791271599,0.08087218253343068,Delayed SEI,Overall
sei,overall,307,1210,0.0029538245557891,0.013596254688325,0.21725281141765654,Delayed SEI,Overall
sei,overall,308,1214,0.0010021718655692,0.0054424220086669,0.18414078584374202,Delayed SEI,Overall
sei,overall,309,1217,0.0019822714021301,0.0311192205946344,0.06369926252175752,Delayed SEI,Overall
sei,overall,310,1219,0.0015705666097123,0.0059879478250859,0.2622879583440207,Delayed SEI,Overall
sei,overall,311,1220,0.0007633304972278,0.0033597607887657,0.22719787068776115,Delayed SEI,Overall
sei,overall,312,1226,0.0013902328557647,0.0130042726655299,0.10690585252412889,Delayed SEI,Overall
sei,overall,313,1241,0.0023668182136223,0.0139221893287002,0.17000330607077518,Delayed SEI,Overall
sei,overall,314,1242,0.0019053808209067,0.0109640139133944,0.17378496926011328,Delayed SEI,Overall
sei,overall,315,1245,0.0031045846746023,0.0199977656313363,0.15524657763452565,Delayed SEI,Overall
sei,overall,316,1247,0.0110090889445607,0.0412362156735029,0.2669762189558727,Delayed SEI,Overall
sei,overall,317,1255,0.0025436995433548,0.0104254108426388,0.24399034069250725,Delayed SEI,Overall
sei,overall,318,1256,0.000615667713184,0.0097869358599778,0.06290709594835298,Delayed SEI,Overall
sei,overall,319,1257,0.0034457433891225,0.025198812829571,0.13674229069549237,Delayed SEI,Overall
sei,overall,320,1259,0.0008832796497693,0.0074540772932595,0.11849617531710109,Delayed SEI,Overall
sei,overall,321,1261,0.0020151376589129,0.0112372826237958,0.17932606363799136,Delayed SEI,Overall
sei,overall,322,1262,0.0008182511054668,0.0079850719575972,0.10247260260294777,Delayed SEI,Overall
sei,overall,323,1267,0.0013544444518359,0.0065238824497597,0.20761325211888046,Delayed SEI,Overall
sei,overall,324,1268,0.0030768676214061,0.0242005651293262,0.1271403211025662,Delayed SEI,Overall
sei,overall,325,1269,0.0007247645541386,0.0073124680103155,0.09911353500845328,Delayed SEI,Overall
sei,overall,326,1270,0.0119547626606307,0.2295600862768612,0.052076834673309216,Delayed SEI,Overall
sei,overall,327,1271,0.0017973377435543,0.0180108629171407,0.09979187292818699,Delayed SEI,Overall
sei,overall,328,1273,0.0019409319768269,0.0087624546829725,0.22150550810819997,Delayed SEI,Overall
sei,overall,329,1276,0.0018901997632268,0.0233037930963099,0.08111124894625453,Delayed SEI,Overall
sei,overall,330,1284,0.0024654504855461,0.0158835303337266,0.15522056077867263,Delayed SEI,Overall
sei,overall,331,1288,0.0012645648522715,0.0088521427228934,0.1428540966698474,Delayed SEI,Overall
sei,overall,332,1289,0.0016744821522686,0.0165141390142023,0.1013968788096389,Delayed SEI,Overall
sei,overall,333,1293,0.0008432083266635,0.0071494581607778,0.11794017220624817,Delayed SEI,Overall
sei,overall,334,1298,0.0041870590763171,0.0216274057268101,0.19359969148434075,Delayed SEI,Overall
sei,overall,335,1299,0.0023819959074253,0.0086113071339654,0.2766125827785242,Delayed SEI,Overall
sei,overall,336,1302,0.0011090173955377,0.0040505353017967,0.273795267268939,Delayed SEI,Overall
sei,overall,337,1317,0.0072313405992909,0.0100944867193579,0.7163653586688634,Delayed SEI,Overall
sei,overall,338,1321,0.0014402048402453,0.0080013107811543,0.17999611309155153,Delayed SEI,Overall
sei,overall,339,1323,0.0035580534811819,0.0127202670511035,0.27971531312097997,Delayed SEI,Overall
sei,overall,340,1326,0.0055907311894259,0.0243745485786314,0.22936757870162833,Delayed SEI,Overall
sei,overall,341,1329,0.0013210401627427,0.0080629933978756,0.1638399162140901,Delayed SEI,Overall
sei,overall,342,1330,0.0024398978103879,0.0258084903905994,0.09453857135621614,Delayed SEI,Overall
sei,overall,343,1332,0.0007452808750026,0.004544269447038,0.1640045520382559,Delayed SEI,Overall
sei,overall,344,1334,0.0028140860249915,0.0140570687157561,0.20019010235308055,Delayed SEI,Overall
sei,overall,345,1341,0.0046505622497579,0.0523790604368614,0.08878666801142349,Delayed SEI,Overall
sei,overall,346,1342,0.0007180624334539,0.0156279505152406,0.04594731937202101,Delayed SEI,Overall
sei,overall,347,1345,0.0068956074971416,0.0394696398193347,0.17470662333644355,Delayed SEI,Overall
sei,overall,348,1348,0.0008998385137726,0.0083133463989593,0.10824022849393664,Delayed SEI,Overall
sei,overall,349,1349,0.0009078056907494,0.0220100503314014,0.0412450529226754,Delayed SEI,Overall
sei,overall,350,1351,0.0010082970230839,0.0054387195298464,0.1853923552318897,Delayed SEI,Overall
sei,overall,351,1355,0.0007679985496217,0.0093211603006376,0.08239302027336298,Delayed SEI,Overall
sei,overall,352,1356,0.0006939279308111,0.0035705894058252,0.1943454852801049,Delayed SEI,Overall
sei,overall,353,1357,0.0144768862866721,0.0738435878314178,0.1960479807633711,Delayed SEI,Overall
sei,overall,354,1370,0.0019036856130653,0.0082067518236701,0.23196578304886062,Delayed SEI,Overall
sei,overall,355,1371,0.0013642204050988,0.0095329639234431,0.1431055877326842,Delayed SEI,Overall
sei,overall,356,1374,0.0015605229993295,0.0068935840262862,0.22637324697559463,Delayed SEI,Overall
sei,overall,357,1375,0.001307950720747,0.0098375452580192,0.1329549889166515,Delayed SEI,Overall
sei,overall,358,1381,0.0016101205537361,0.0070810980238016,0.22738289292480113,Delayed SEI,Overall
sei,overall,359,1385,0.0009175761505922,0.0075588767786635,0.12139054220095892,Delayed SEI,Overall
sei,overall,360,1388,0.0036201624617432,0.0287538296708254,0.12590192343722262,Delayed SEI,Overall
sei,overall,361,1395,0.0011405340687778,0.0189718884740034,0.06011705531268746,Delayed SEI,Overall
sei,overall,362,1402,0.0007222776448438,0.0145144466462349,0.04976267180197059,Delayed SEI,Overall
sei,overall,363,1404,0.0010528634958137,0.0056441512037221,0.18654062547427452,Delayed SEI,Overall
sei,overall,364,1411,0.0053228755353929,0.0180337137290896,0.29516247265291456,Delayed SEI,Overall
sei,overall,365,1414,0.0018114369840463,0.0262093348291102,0.06911419140764961,Delayed SEI,Overall
sei,overall,366,1423,0.0013709728902996,0.0095049926769992,0.1442371327246963,Delayed SEI,Overall
sei,overall,367,1433,0.002479598756919,0.0255264715697822,0.09713832756479775,Delayed SEI,Overall
sei,overall,368,1435,0.0035599911095578,0.0818642873770724,0.04348649727029617,Delayed SEI,Overall
sei,overall,369,1437,0.0030355085028089,0.0104912160386936,0.2893380988069798,Delayed SEI,Overall
sei,overall,370,1445,0.001185122846515,0.0073200275562372,0.16190141873239106,Delayed SEI,Overall
sei,overall,371,1448,0.0018490663592587,0.0257952504029319,0.07168243495897735,Delayed SEI,Overall
sei,overall,372,1455,0.0010795829228041,0.0103151801812264,0.10465962822141855,Delayed SEI,Overall
sei,overall,373,1473,0.0013260214799552,0.0084633358067202,0.15667834884943244,Delayed SEI,Overall
sei,overall,374,1475,0.0051094428497538,0.0438395174208106,0.11654879319744403,Delayed SEI,Overall
sei,overall,375,1477,0.0018662900067841,0.0065595824685498,0.28451353660573786,Delayed SEI,Overall
sei,overall,376,1494,0.0008827031824254,0.0108083618918266,0.08166854434184978,Delayed SEI,Overall
sei,overall,377,1496,0.0007480863021909,0.0136776341754679,0.054694130036952,Delayed SEI,Overall
sei,overall,378,1500,0.0211723435567823,0.0919606325095607,0.23023268739023858,Delayed SEI,Overall
sei,overall,379,1503,0.0017324310853172,0.0054974674363915,0.315132577930167,Delayed SEI,Overall
sei,overall,380,1505,0.0031366112268976,0.02175041283261,0.144209273223308,Delayed SEI,Overall
sei,overall,381,1507,0.001822716790382,0.0085341594996706,0.21357894593513901,Delayed SEI,Overall
sei,overall,382,1511,0.0008106812719885,0.0209179507288787,0.03875529120877494,Delayed SEI,Overall
sei,overall,383,1512,0.0022116192025556,0.0082464828988781,0.26818938809131365,Delayed SEI,Overall
sei,overall,384,1516,0.0020223700877436,0.0056126457932526,0.36032384052719824,Delayed SEI,Overall
sei,overall,385,1521,0.0017057963346939,0.0113225729112066,0.15065448004362822,Delayed SEI,Overall
sei,overall,386,1522,0.004226739437754,0.0145360696757944,0.29077594783357474,Delayed SEI,Overall
sei,overall,387,1528,0.0042615804020193,0.0238234588540772,0.1788816824677817,Delayed SEI,Overall
sei,overall,388,1529,0.000739792535683,0.0093975021674328,0.07872225220088411,Delayed SEI,Overall
sei,overall,389,1530,0.0042022751228667,0.0233852744374829,0.17969749014923328,Delayed SEI,Overall
sei,overall,390,1532,0.0011044983150655,0.0059407845541656,0.18591792127708792,Delayed SEI,Overall
sei,overall,391,1538,0.0023867179379162,0.0120214431267113,0.19853838784238656,Delayed SEI,Overall
sei,overall,392,1542,0.0010144877781052,0.0095063346238911,0.10671702798632954,Delayed SEI,Overall
sei,overall,393,1543,0.00247241564987,0.0150720530560737,0.1640397390237206,Delayed SEI,Overall
sei,overall,394,1545,0.0167244675710656,0.0696048250984022,0.24027741679433537,Delayed SEI,Overall
sei,overall,395,1553,0.0011887364349884,0.0249124926047177,0.04771647919178059,Delayed SEI,Overall
sei,overall,396,1555,0.0054997391364094,0.0140921977021336,0.3902683777688361,Delayed SEI,Overall
sei,overall,397,1562,0.0090805717808883,0.0380295743061621,0.23877658234572807,Delayed SEI,Overall
sei,overall,398,1566,0.0052203823156219,0.0238292793335656,0.21907428430991366,Delayed SEI,Overall
sei,overall,399,1567,0.0014736463786524,0.0132319603390333,0.11137022337538698,Delayed SEI,Overall
sei,overall,400,1568,0.0017516170058557,0.0097822993648972,0.17905984477853967,Delayed SEI,Overall
sei,overall,401,1572,0.0017895811526878,0.0271858207067302,0.06582774057083243,Delayed SEI,Overall
sei,overall,402,1578,0.0030376274013627,0.0071153148400705,0.42691398337794456,Delayed SEI,Overall
sei,overall,403,1583,0.0013209434493663,0.0054438893149388,0.24264700712070777,Delayed SEI,Overall
sei,overall,404,1584,0.0018940439465466,0.0180352508549275,0.10501899650756003,Delayed SEI,Overall
sei,overall,405,1586,0.0014070047286306,0.0053009901399106,0.2654230042869555,Delayed SEI,Overall
sei,overall,406,1593,0.0007075665644364,0.0091027363750497,0.07773119370740172,Delayed SEI,Overall
sei,overall,407,1602,0.0008421301909429,0.0099855691803794,0.08433472100895338,Delayed SEI,Overall
sei,overall,408,1603,0.008065133071631,0.0252136234768659,0.31987203580758444,Delayed SEI,Overall
sei,overall,409,1608,0.0016977721929558,0.0056754467347191,0.2991433577501154,Delayed SEI,Overall
sei,overall,410,1615,0.0016823331108308,0.0035053486842219,0.47993317138555536,Delayed SEI,Overall
sei,overall,411,1616,0.0016124022440168,0.011085622326698,0.1454498625786285,Delayed SEI,Overall
sei,overall,412,1620,0.0037774175457931,0.0049386923814966,0.7648618812432306,Delayed SEI,Overall
sei,overall,413,1624,0.002462646771751,0.0158493638945555,0.15537827184326033,Delayed SEI,Overall
sei,overall,414,1628,0.0015844897919873,0.0125136893691855,0.12662051496092336,Delayed SEI,Overall
sei,overall,415,1636,0.0008197651284034,0.0128501957620312,0.06379397976376211,Delayed SEI,Overall
sei,overall,416,1638,0.0014982074571633,0.0277192582332187,0.054049334385429235,Delayed SEI,Overall
sei,overall,417,1642,0.0025024701225737,0.0112306060296795,0.22282592016497935,Delayed SEI,Overall
sei,overall,418,1643,0.0045773208766978,0.021196451293482,0.2159475099544302,Delayed SEI,Overall
sei,overall,419,1649,0.0024760696490775,0.0134238783765078,0.18445262834105366,Delayed SEI,Overall
sei,overall,420,1657,0.0092427063586277,0.0422433573606412,0.21879668038031644,Delayed SEI,Overall
sei,overall,421,1658,0.0027836166757111,0.0042721311472161,0.6515756609028779,Delayed SEI,Overall
sei,overall,422,1660,0.0043240478635186,0.0244945894622499,0.17653073427430382,Delayed SEI,Overall
sei,overall,423,1666,0.0023952261523975,0.0117943757674073,0.20308206213138405,Delayed SEI,Overall
sei,overall,424,1667,0.0019127193272388,0.0094923540198687,0.20150105266146165,Delayed SEI,Overall
sei,overall,425,1676,0.0115832638794984,0.1102134216023142,0.10509848719963141,Delayed SEI,Overall
sei,overall,426,1682,0.0043462488506934,0.0087206020628981,0.4983886226370269,Delayed SEI,Overall
sei,overall,427,1684,0.0043919003562322,0.0239733683676795,0.18319913534358764,Delayed SEI,Overall
sei,overall,428,1688,0.002771538867316,0.0127525949417372,0.21733136510477544,Delayed SEI,Overall
sei,overall,429,1691,0.0017737368674907,0.0086244061299797,0.20566481225007838,Delayed SEI,Overall
sei,overall,430,1694,0.0008995932496342,0.0143053732160304,0.06288498986004283,Delayed SEI,Overall
sei,overall,431,1696,0.001756470861109,0.0144943317954352,0.12118329329691332,Delayed SEI,Overall
sei,overall,432,1710,0.0058381651228648,0.0231763900643097,0.25190140080767953,Delayed SEI,Overall
sei,overall,433,1714,0.0035500525940773,0.0181231120717674,0.19588537443343704,Delayed SEI,Overall
sei,overall,434,1726,0.0005738138231795,0.0112510159259378,0.05100106754418901,Delayed SEI,Overall
sei,overall,435,1732,0.0020203717239881,0.010250244974171,0.19710472569964113,Delayed SEI,Overall
sei,overall,436,1738,0.0019442598606659,0.0086501173718241,0.22476687622747282,Delayed SEI,Overall
sei,overall,437,1742,0.0010512001040935,0.0064042727657604,0.16414043288624475,Delayed SEI,Overall
sei,overall,438,1745,0.0020377921515606,0.022610445707217,0.09012613806680334,Delayed SEI,Overall
sei,overall,439,1746,0.0010928521097019,0.0048392388362674,0.22583140586316633,Delayed SEI,Overall
sei,overall,440,1751,0.0015180642208391,0.0085239133037517,0.17809475140613432,Delayed SEI,Overall
sei,overall,441,1753,0.0018817326217804,0.0111156086672728,0.16928741179245568,Delayed SEI,Overall
sei,overall,442,1754,0.0024302241557315,0.0089540964592667,0.27140919988821793,Delayed SEI,Overall
sei,overall,443,1759,0.0047903918570577,0.009985023466299,0.47975769643666977,Delayed SEI,Overall
sei,overall,444,1760,0.0063165012176573,0.0091787800735474,0.6881634778308953,Delayed SEI,Overall
sei,overall,445,1765,0.0008322254285349,0.0044122483897563,0.18861708476500028,Delayed SEI,Overall
sei,overall,446,1766,0.0030522217087488,0.0346159016917646,0.08817397668641253,Delayed SEI,Overall
sei,overall,447,1768,0.0010517885789991,0.0052052367643656,0.20206354227717618,Delayed SEI,Overall
sei,overall,448,1776,0.001128645514405,0.0074221652295973,0.15206418605507604,Delayed SEI,Overall
sei,overall,449,1780,0.0011345883460954,0.0068907045727772,0.1646549107006804,Delayed SEI,Overall
sei,overall,450,1788,0.0018066757837707,0.0084077748033045,0.2148815621299257,Delayed SEI,Overall
sei,overall,451,1790,0.0049864762312615,0.0107328451363707,0.4645996628017751,Delayed SEI,Overall
sei,overall,452,1795,0.0021149077689962,0.0142428461884553,0.148489125067605,Delayed SEI,Overall
sei,overall,453,1797,0.0035560149652427,0.0271744864139363,0.13085858960039132,Delayed SEI,Overall
sei,overall,454,1799,0.0007550964636766,0.0064532325980188,0.11701057604965631,Delayed SEI,Overall
sei,overall,455,1801,0.0054988332310412,0.0173270281040757,0.317355821091313,Delayed SEI,Overall
sei,overall,456,1809,0.008952662452763,0.0525287338827875,0.17043362348576596,Delayed SEI,Overall
sei,overall,457,1820,0.0019440223347617,0.0280365802816,0.06933878223506217,Delayed SEI,Overall
sei,overall,458,1827,0.0008796013505058,0.006698234656882,0.1313183839568933,Delayed SEI,Overall
sei,overall,459,1831,0.0007058663791464,0.0045434217526155,0.15536008268218898,Delayed SEI,Overall
sei,overall,460,1833,0.0033610180774166,0.0322199457222678,0.10431482741740741,Delayed SEI,Overall
sei,overall,461,1841,0.0023419981454774,0.0071886389841886,0.32579159290494647,Delayed SEI,Overall
sei,overall,462,1848,0.0040183863353673,0.0376470391437834,0.10673844282999478,Delayed SEI,Overall
sei,overall,463,1849,0.0015782203102021,0.0239640869688362,0.06585772753430903,Delayed SEI,Overall
sei,overall,464,1858,0.0036580776900518,0.0180401056151145,0.20277473802520096,Delayed SEI,Overall
sei,overall,465,1860,0.0009905492541058,0.006568548117394,0.15080185703180776,Delayed SEI,Overall
sei,overall,466,1863,0.0024812699879265,0.0059579061271917,0.4164667812743911,Delayed SEI,Overall
sei,overall,467,1871,0.0005654800086515,0.0032155708371967,0.17585680343602053,Delayed SEI,Overall
sei,overall,468,1872,0.0028556763064019,0.0183630678931884,0.1555119396721931,Delayed SEI,Overall
sei,overall,469,1877,0.0078690548179857,0.0276984250965427,0.28409755394244096,Delayed SEI,Overall
sei,overall,470,1878,0.0009812640365201,0.0115207213521063,0.08517383647515252,Delayed SEI,Overall
sei,overall,471,1883,0.0011825502624336,0.0295251108065658,0.040052356456207576,Delayed SEI,Overall
sei,overall,472,1889,0.005557862894553,0.0171090829130534,0.3248486738183155,Delayed SEI,Overall
sei,overall,473,1890,0.0038070810163903,0.0085949752600173,0.4429426381365334,Delayed SEI,Overall
sei,overall,474,1891,0.0034667271612923,0.0140937505376887,0.24597619718199049,Delayed SEI,Overall
sei,overall,475,1892,0.0011485565468792,0.0101662438730005,0.11297747341370938,Delayed SEI,Overall
sei,overall,476,1899,0.0017101626758436,0.0127861462317325,0.13375122142740237,Delayed SEI,Overall
sei,overall,477,1906,0.0009363522950138,0.0104622074771907,0.08949854006003982,Delayed SEI,Overall
sei,overall,478,1915,0.0010873740573069,0.0069566171985517,0.15630787583558295,Delayed SEI,Overall
sei,overall,479,1927,0.0032189358137245,0.008542112854799,0.37683133768433963,Delayed SEI,Overall
sei,overall,480,1928,0.0015439301104787,0.0341765012659854,0.04517519504008786,Delayed SEI,Overall
sei,overall,481,1930,0.0010256185595531,0.0080358960254627,0.1276296453193651,Delayed SEI,Overall
sei,overall,482,1934,0.001922281523198,0.0122859937280854,0.15646121638526675,Delayed SEI,Overall
sei,overall,483,1935,0.0010254155636805,0.0106031048937438,0.09670898986253837,Delayed SEI,Overall
sei,overall,484,1940,0.0035952664317942,0.0482133163564051,0.07456998820029462,Delayed SEI,Overall
sei,overall,485,1947,0.0038297823061305,0.0548618656511207,0.06980773002662673,Delayed SEI,Overall
sei,overall,486,1952,0.0016085019149128,0.0150820291214721,0.10665023266814912,Delayed SEI,Overall
sei,overall,487,1957,0.0010366471963886,0.0046650031683061,0.22221789760649077,Delayed SEI,Overall
sei,overall,488,1962,0.0019713703129337,0.0101867182975674,0.19352359173458888,Delayed SEI,Overall
sei,overall,489,1963,0.0015841901183164,0.0080110160083258,0.19775146082219297,Delayed SEI,Overall
sei,overall,490,1969,0.0008570645112417,0.0128420194522432,0.06673907592407446,Delayed SEI,Overall
sei,overall,491,1971,0.0009314298401315,0.0057683474192105,0.1614725626666541,Delayed SEI,Overall
sei,overall,492,1973,0.0034090075419661,0.0632665887589355,0.05388322033538795,Delayed SEI,Overall
sei,overall,493,1977,0.0027051259056257,0.0128338740160453,0.21078015120326637,Delayed SEI,Overall
sei,overall,494,1982,0.0056057573842722,0.0363200398905655,0.15434337079922517,Delayed SEI,Overall
sei,overall,495,1986,0.0189856754038794,0.0866825994405733,0.219025219898895,Delayed SEI,Overall
sei,overall,496,1991,0.000703410069556,0.0065842323789916,0.10683250970916217,Delayed SEI,Overall
sei,overall,497,1992,0.0073139551834625,0.0375813080268463,0.19461683393876975,Delayed SEI,Overall
sei,overall,498,1994,0.0010169277542944,0.0071684299667056,0.14186199195885432,Delayed SEI,Overall
sei,overall,499,1995,0.000883149072907,0.0092037725295517,0.09595511732513631,Delayed SEI,Overall
sei,overall,500,1999,0.0012766157380049,0.0158255602930683,0.0806679646321316,Delayed SEI,Overall
sei,overall,501,2000,0.0028581091741438,0.0206661804050407,0.13829885920509416,Delayed SEI,Overall
sei,overall,502,2011,0.001890745230177,0.0114947580309851,0.16448760600965545,Delayed SEI,Overall
sei,overall,503,2013,0.0023907647313306,0.0086280503750994,0.2770921155294086,Delayed SEI,Overall
sei,overall,504,2023,0.0047116840894572,0.0191230026094834,0.2463882992475565,Delayed SEI,Overall
sei,overall,505,2028,0.0071399525741856,0.0495551494480299,0.14408094120820886,Delayed SEI,Overall
sei,overall,506,2032,0.0066823095621255,0.0871703362204852,0.07665806800634026,Delayed SEI,Overall
sei,overall,507,2035,0.0014344676739202,0.0048739537753447,0.2943129418207809,Delayed SEI,Overall
sei,overall,508,2038,0.0008634423301623,0.0061733911748135,0.13986515769242258,Delayed SEI,Overall
sei,overall,509,2044,0.0011621999203963,0.0083047663775204,0.13994372238359154,Delayed SEI,Overall
nicholson,beta,0,0,0.0017253773558782,0.0029547535435566,0.5839327478397351,Four-patch Nicholson,$\beta$
nicholson,beta,1,7,0.0013142299865119,0.0020798751764068,0.6318792595920918,Four-patch Nicholson,$\beta$
nicholson,beta,2,9,0.0026093970800431,0.0053508636777574,0.487659046686221,Four-patch Nicholson,$\beta$
nicholson,beta,3,11,0.0016002603663202,0.0020997245049006,0.7621287281190041,Four-patch Nicholson,$\beta$
nicholson,beta,4,14,0.00146893888528,0.002589360959425,0.5672978423240753,Four-patch Nicholson,$\beta$
nicholson,beta,5,26,0.0007808796834975,0.0022551624313089,0.3462631660834631,Four-patch Nicholson,$\beta$
nicholson,beta,6,30,0.00472054533204,0.0056883857936892,0.8298567472826931,Four-patch Nicholson,$\beta$
nicholson,beta,7,31,0.0010978907248411,0.0024330960220572,0.4512319755933124,Four-patch Nicholson,$\beta$
nicholson,beta,8,35,0.0011917454507353,0.0026711042787172,0.4461620836860913,Four-patch Nicholson,$\beta$
nicholson,beta,9,40,0.0014320866400851,0.002418267631872,0.5921952645814105,Four-patch Nicholson,$\beta$
nicholson,beta,10,41,0.0024300500154878,0.0037143239965117,0.6542374918746928,Four-patch Nicholson,$\beta$
nicholson,beta,11,44,0.0037237738919967,0.0072230098133921,0.5155432414189017,Four-patch Nicholson,$\beta$
nicholson,beta,12,56,0.0045625847741378,0.0058287539036784,0.7827719010848015,Four-patch Nicholson,$\beta$
nicholson,beta,13,57,0.0032245626950255,0.0045735280101082,0.7050492940895345,Four-patch Nicholson,$\beta$
nicholson,beta,14,59,0.0008112546931839,0.0017650649032329,0.4596174858488221,Four-patch Nicholson,$\beta$
nicholson,beta,15,61,0.0021169276737527,0.0085864406833147,0.24654309647376305,Four-patch Nicholson,$\beta$
nicholson,beta,16,65,0.0018936136690358,0.0022474324154051,0.8425675700216667,Four-patch Nicholson,$\beta$
nicholson,beta,17,71,0.0009635242707949,0.0033037440857898,0.291646158350839,Four-patch Nicholson,$\beta$
nicholson,beta,18,80,0.0010581634592687,0.0034198617477063,0.3094170283282387,Four-patch Nicholson,$\beta$
nicholson,beta,19,83,0.0038708151550317,0.0073967706921851,0.5233114985058719,Four-patch Nicholson,$\beta$
nicholson,beta,20,85,0.0013169345972728,0.0027101515620838,0.48592654953224323,Four-patch Nicholson,$\beta$
nicholson,beta,21,86,0.0019120311059403,0.0076467408728568,0.25004523335259443,Four-patch Nicholson,$\beta$
nicholson,beta,22,87,0.0017831278009497,0.001770346060792,1.00721991052528,Four-patch Nicholson,$\beta$
nicholson,beta,23,88,0.0009003822076886,0.0018111668178426,0.49712825942841893,Four-patch Nicholson,$\beta$
nicholson,beta,24,90,0.0019866048583715,0.0036413610171176,0.5455665749791657,Four-patch Nicholson,$\beta$
nicholson,beta,25,96,0.0052716465889072,0.0094999307252488,0.5549142137317151,Four-patch Nicholson,$\beta$
nicholson,beta,26,102,0.0014282603475842,0.0032262421720476,0.44270091066279926,Four-patch Nicholson,$\beta$
nicholson,beta,27,103,0.0028335509618677,0.0060986321445855,0.4646207370259885,Four-patch Nicholson,$\beta$
nicholson,beta,28,104,0.001934709897894,0.0036056890415337,0.5365714779084388,Four-patch Nicholson,$\beta$
nicholson,beta,29,107,0.0008659847599954,0.0017765131951467,0.4874631735701176,Four-patch Nicholson,$\beta$
nicholson,beta,30,108,0.0036025002071407,0.0043313504777883,0.8317267848941724,Four-patch Nicholson,$\beta$
nicholson,beta,31,111,0.0020315850209107,0.0093122321187571,0.21816305639746605,Four-patch Nicholson,$\beta$
nicholson,beta,32,112,0.0012892585130585,0.0027706265855472,0.46533102648470787,Four-patch Nicholson,$\beta$
nicholson,beta,33,115,0.0014295502196669,0.0023728524170712,0.6024606542666429,Four-patch Nicholson,$\beta$
nicholson,beta,34,121,0.0059416987226567,0.0132139488963951,0.449653526681767,Four-patch Nicholson,$\beta$
nicholson,beta,35,122,0.0017626742459477,0.0027393132052779,0.6434730583386791,Four-patch Nicholson,$\beta$
nicholson,beta,36,123,0.0028873130805317,0.0055976461538658,0.5158084311095098,Four-patch Nicholson,$\beta$
nicholson,beta,37,127,0.0007077497406636,0.0015270916195916,0.46346252679513633,Four-patch Nicholson,$\beta$
nicholson,beta,38,135,0.001432125198426,0.0031114856699643,0.4602705428633492,Four-patch Nicholson,$\beta$
nicholson,beta,39,136,0.0009989220922673,0.0038001344415894,0.26286493481254375,Four-patch Nicholson,$\beta$
nicholson,beta,40,138,0.0016836088148633,0.002588811772231,0.6503403734959033,Four-patch Nicholson,$\beta$
nicholson,beta,41,142,0.0010937719457909,0.0019874192773515,0.5503478597875412,Four-patch Nicholson,$\beta$
nicholson,beta,42,153,0.0022578338771163,0.0040767511677083,0.5538316625749606,Four-patch Nicholson,$\beta$
nicholson,beta,43,154,0.0030497674554963,0.0159506264398307,0.19120048149837246,Four-patch Nicholson,$\beta$
nicholson,beta,44,158,0.0018036633034769,0.0024883896600397,0.7248315376170322,Four-patch Nicholson,$\beta$
nicholson,beta,45,163,0.0021454948720295,0.0029816419611128,0.719568244615381,Four-patch Nicholson,$\beta$
nicholson,beta,46,164,0.0025608063396497,0.0030997517871565,0.8261327085156093,Four-patch Nicholson,$\beta$
nicholson,beta,47,166,0.0025717325680979,0.0036513922266748,0.7043156167421353,Four-patch Nicholson,$\beta$
nicholson,beta,48,170,0.0027407022396305,0.0032713745914979,0.8377830673238752,Four-patch Nicholson,$\beta$
nicholson,beta,49,178,0.0017873852904845,0.0044037373529046,0.40587917653753425,Four-patch Nicholson,$\beta$
nicholson,beta,50,180,0.0010939060996665,0.0022316561634858,0.4901768101936643,Four-patch Nicholson,$\beta$
nicholson,beta,51,183,0.0019186419409263,0.0023942613586292,0.8013502510957246,Four-patch Nicholson,$\beta$
nicholson,beta,52,184,0.0068113812025229,0.0219349868948392,0.3105258842951697,Four-patch Nicholson,$\beta$
nicholson,beta,53,186,0.0011321003717443,0.002507803080723,0.45143112728688223,Four-patch Nicholson,$\beta$
nicholson,beta,54,188,0.0015736587926365,0.0024196720057575,0.6503603748326428,Four-patch Nicholson,$\beta$
nicholson,beta,55,189,0.0008441177132216,0.0015230651972767,0.5542229674283907,Four-patch Nicholson,$\beta$
nicholson,beta,56,191,0.0062619321009256,0.009980136715363,0.6274395110526138,Four-patch Nicholson,$\beta$
nicholson,beta,57,192,0.0010332368846006,0.0017913398739175,0.5767955593714348,Four-patch Nicholson,$\beta$
nicholson,beta,58,195,0.0013547018853804,0.0026710471815999,0.507180065823084,Four-patch Nicholson,$\beta$
nicholson,beta,59,196,0.0012610126586711,0.0030338925610033,0.41564183085444745,Four-patch Nicholson,$\beta$
nicholson,beta,60,203,0.0011744722189526,0.0031983919386022,0.367207097034481,Four-patch Nicholson,$\beta$
nicholson,beta,61,207,0.00178948386804,0.0020408931853548,0.8768140737992157,Four-patch Nicholson,$\beta$
nicholson,beta,62,210,0.0013114994585352,0.0032739920099068,0.4005811420940316,Four-patch Nicholson,$\beta$
nicholson,beta,63,211,0.0008379152012299,0.0019447280779637,0.4308649680768071,Four-patch Nicholson,$\beta$
nicholson,beta,64,212,0.0022322693876137,0.0029715618914603,0.7512108006327632,Four-patch Nicholson,$\beta$
nicholson,beta,65,213,0.0020694173512105,0.0030247091714297,0.6841706868076647,Four-patch Nicholson,$\beta$
nicholson,beta,66,214,0.0012498023600176,0.0026986256181159,0.4631255078984149,Four-patch Nicholson,$\beta$
nicholson,beta,67,215,0.0021824203039501,0.0033953433982756,0.6427686534029194,Four-patch Nicholson,$\beta$
nicholson,beta,68,223,0.00110052232205,0.0035377536203381,0.31107941370570175,Four-patch Nicholson,$\beta$
nicholson,beta,69,228,0.0018661997673463,0.0041982871257036,0.44451456307518267,Four-patch Nicholson,$\beta$
nicholson,beta,70,235,0.0016705826047744,0.0040006518818165,0.4175775983827591,Four-patch Nicholson,$\beta$
nicholson,beta,71,241,0.004542462479582,0.0112258713493544,0.4046423068836645,Four-patch Nicholson,$\beta$
nicholson,beta,72,242,0.0014106667799228,0.0026761813474683,0.52711927809276,Four-patch Nicholson,$\beta$
nicholson,beta,73,245,0.0010513752359763,0.0022701639070116,0.463127456448865,Four-patch Nicholson,$\beta$
nicholson,beta,74,247,0.0015828027173614,0.0032042336634044,0.493972314016488,Four-patch Nicholson,$\beta$
nicholson,beta,75,251,0.001301153056713,0.0019786885730161,0.6575835502651447,Four-patch Nicholson,$\beta$
nicholson,beta,76,259,0.0030452514176099,0.004105586001464,0.7417336810199571,Four-patch Nicholson,$\beta$
nicholson,beta,77,263,0.0013386677849269,0.0023044183351892,0.5809135279324147,Four-patch Nicholson,$\beta$
nicholson,beta,78,264,0.0012205760533712,0.0042279788430595,0.28869019895282927,Four-patch Nicholson,$\beta$
nicholson,beta,79,267,0.0012610899122529,0.0023838317433327,0.5290180046389691,Four-patch Nicholson,$\beta$
nicholson,beta,80,278,0.0017625501035802,0.0036880161144991,0.4779127988760392,Four-patch Nicholson,$\beta$
nicholson,beta,81,279,0.0019680103129279,0.0024712552495114,0.7963605998680231,Four-patch Nicholson,$\beta$
nicholson,beta,82,282,0.0020952803522402,0.0042313470831309,0.4951804498840212,Four-patch Nicholson,$\beta$
nicholson,beta,83,283,0.0017561874964876,0.0031798352769978,0.552288827409224,Four-patch Nicholson,$\beta$
nicholson,beta,84,292,0.0012066288494731,0.0021022360598894,0.5739740043925332,Four-patch Nicholson,$\beta$
nicholson,beta,85,298,0.0021284421381081,0.0088831663877992,0.23960399312473313,Four-patch Nicholson,$\beta$
nicholson,beta,86,299,0.0013186830041289,0.0021995804904043,0.5995156848688523,Four-patch Nicholson,$\beta$
nicholson,beta,87,303,0.0018229082148608,0.0034657051862326,0.5259847900803112,Four-patch Nicholson,$\beta$
nicholson,beta,88,304,0.0011317422181684,0.0021168016535596,0.5346472666748298,Four-patch Nicholson,$\beta$
nicholson,beta,89,311,0.0011467245883681,0.0017806160639039,0.644004404775486,Four-patch Nicholson,$\beta$
nicholson,beta,90,318,0.0017441734174002,0.0023757569061944,0.7341548341299361,Four-patch Nicholson,$\beta$
nicholson,beta,91,319,0.0024627256576637,0.0038317344054038,0.6427182568266159,Four-patch Nicholson,$\beta$
nicholson,beta,92,326,0.0023697826235451,0.0053276910953261,0.44480480965273556,Four-patch Nicholson,$\beta$
nicholson,beta,93,327,0.0029838270606876,0.0086316926948393,0.3456827259931954,Four-patch Nicholson,$\beta$
nicholson,beta,94,328,0.0012084155818373,0.0019924634271944,0.6064932311148503,Four-patch Nicholson,$\beta$
nicholson,beta,95,331,0.000785458954145,0.0024258950501293,0.32378109436479335,Four-patch Nicholson,$\beta$
nicholson,beta,96,332,0.0015768186642813,0.0069314010522272,0.22748916884193796,Four-patch Nicholson,$\beta$
nicholson,beta,97,333,0.0011321744966524,0.0018499692578269,0.6119963841898267,Four-patch Nicholson,$\beta$
nicholson,beta,98,336,0.0019152919158579,0.0030610978931826,0.6256879011035436,Four-patch Nicholson,$\beta$
nicholson,beta,99,338,0.0032935950769347,0.0057097444828782,0.5768375602115291,Four-patch Nicholson,$\beta$
nicholson,beta,100,352,0.0028063920720423,0.0044500092221922,0.6306485968718493,Four-patch Nicholson,$\beta$
nicholson,beta,101,367,0.001907006977031,0.005082523704358,0.3752086734776742,Four-patch Nicholson,$\beta$
nicholson,beta,102,375,0.0030862930202093,0.0044457421441107,0.6942132314843609,Four-patch Nicholson,$\beta$
nicholson,beta,103,385,0.0012004735725131,0.0025392251136329,0.4727716207861413,Four-patch Nicholson,$\beta$
nicholson,beta,104,388,0.0015266892551662,0.0030240325946052,0.5048521163064764,Four-patch Nicholson,$\beta$
nicholson,beta,105,389,0.0012429849338239,0.0026861760091629,0.46273398674692756,Four-patch Nicholson,$\beta$
nicholson,beta,106,407,0.0013218797434137,0.002218246614085,0.5959119851779687,Four-patch Nicholson,$\beta$
nicholson,beta,107,410,0.0030937183270166,0.0042373847517349,0.7301008778468719,Four-patch Nicholson,$\beta$
nicholson,beta,108,411,0.002635702225168,0.005271315348701,0.5000084515561208,Four-patch Nicholson,$\beta$
nicholson,beta,109,415,0.0010405233338967,0.0016644945535851,0.6251287104878481,Four-patch Nicholson,$\beta$
nicholson,beta,110,418,0.0016258517702099,0.0017005963317166,0.9560480284987726,Four-patch Nicholson,$\beta$
nicholson,beta,111,420,0.0028756160497589,0.0033410694691614,0.8606872967776609,Four-patch Nicholson,$\beta$
nicholson,beta,112,428,0.0015195196931504,0.0028452148829483,0.5340614876778047,Four-patch Nicholson,$\beta$
nicholson,beta,113,429,0.0013877745415549,0.0032956541372092,0.42109228813982413,Four-patch Nicholson,$\beta$
nicholson,beta,114,444,0.0012794552371525,0.0031507917098775,0.40607420450596654,Four-patch Nicholson,$\beta$
nicholson,beta,115,448,0.0012358944803531,0.0020302241355088,0.6087478021451898,Four-patch Nicholson,$\beta$
nicholson,beta,116,453,0.0018022962382403,0.0029905440534886,0.6026650020881126,Four-patch Nicholson,$\beta$
nicholson,beta,117,457,0.0016291670266401,0.0021599256779582,0.7542699470012173,Four-patch Nicholson,$\beta$
nicholson,beta,118,462,0.0010830970052477,0.0026434027033296,0.4097359073906686,Four-patch Nicholson,$\beta$
nicholson,beta,119,464,0.0017867439925434,0.0033117379906811,0.5395185239807978,Four-patch Nicholson,$\beta$
nicholson,beta,120,467,0.0025288724707725,0.0024558673252816,1.029726827968009,Four-patch Nicholson,$\beta$
nicholson,beta,121,475,0.0013720297303579,0.0035543855011107,0.3860103891176571,Four-patch Nicholson,$\beta$
nicholson,beta,122,477,0.0013095219105523,0.0022146736522419,0.5912933985676305,Four-patch Nicholson,$\beta$
nicholson,beta,123,479,0.0027755257619063,0.0133495148489375,0.20791210716749053,Four-patch Nicholson,$\beta$
nicholson,beta,124,484,0.001246226363356,0.0027926711830267,0.44624887130655266,Four-patch Nicholson,$\beta$
nicholson,beta,125,486,0.0007769030311267,0.0018880373004098,0.41148711996212817,Four-patch Nicholson,$\beta$
nicholson,beta,126,487,0.0024422723752441,0.0039784983242264,0.6138678909005166,Four-patch Nicholson,$\beta$
nicholson,beta,127,494,0.0014788141521561,0.0022422725077151,0.6595158024137876,Four-patch Nicholson,$\beta$
nicholson,beta,128,505,0.0026716764776891,0.0037664030809692,0.7093442789457372,Four-patch Nicholson,$\beta$
nicholson,beta,129,509,0.0015084156966127,0.0020513992728187,0.7353106324055969,Four-patch Nicholson,$\beta$
nicholson,beta,130,510,0.0016811337713902,0.002714145334567,0.6193971081723223,Four-patch Nicholson,$\beta$
nicholson,beta,131,511,0.0012000703062509,0.0021510487466628,0.557900097853535,Four-patch Nicholson,$\beta$
nicholson,beta,132,526,0.0018822938197778,0.0030580364696014,0.615523666407794,Four-patch Nicholson,$\beta$
nicholson,beta,133,527,0.0023679316845382,0.0044051534166033,0.5375367122546327,Four-patch Nicholson,$\beta$
nicholson,beta,134,530,0.0017560896648159,0.0020808287920667,0.8439376038581887,Four-patch Nicholson,$\beta$
nicholson,beta,135,531,0.0031390155775106,0.0172561485921295,0.1819070785553098,Four-patch Nicholson,$\beta$
nicholson,beta,136,532,0.0070073329178515,0.0166026168723735,0.4220619539508615,Four-patch Nicholson,$\beta$
nicholson,beta,137,535,0.001749072621086,0.0025687181616431,0.6809126229586793,Four-patch Nicholson,$\beta$
nicholson,beta,138,551,0.0020497499512309,0.0036820806345417,0.5566825267220221,Four-patch Nicholson,$\beta$
nicholson,beta,139,558,0.002185058343687,0.0040990540629365,0.5330640460305754,Four-patch Nicholson,$\beta$
nicholson,beta,140,560,0.0019541896496056,0.0030389574421709,0.6430460731327686,Four-patch Nicholson,$\beta$
nicholson,beta,141,564,0.0015080307933381,0.0020851327893798,0.7232300988306107,Four-patch Nicholson,$\beta$
nicholson,beta,142,567,0.0009065898161668,0.0013946184278654,0.6500629835749585,Four-patch Nicholson,$\beta$
nicholson,beta,143,568,0.001857521344668,0.0025188771642275,0.7374402257672904,Four-patch Nicholson,$\beta$
nicholson,beta,144,570,0.0009604166149971,0.0023310073897,0.41201783368035794,Four-patch Nicholson,$\beta$
nicholson,beta,145,573,0.0010243070359228,0.0022054383071119,0.4644460162951312,Four-patch Nicholson,$\beta$
nicholson,beta,146,580,0.0022463405137832,0.0033349293511378,0.6735796406052202,Four-patch Nicholson,$\beta$
nicholson,beta,147,589,0.0017030449395401,0.00198205373228,0.8592324778103012,Four-patch Nicholson,$\beta$
nicholson,beta,148,596,0.0010567468381609,0.0016821179491859,0.6282239831471611,Four-patch Nicholson,$\beta$
nicholson,beta,149,597,0.0032662019674005,0.0169337527495618,0.19288116554583684,Four-patch Nicholson,$\beta$
nicholson,beta,150,599,0.0070961176295764,0.0152819778876346,0.4643454977983064,Four-patch Nicholson,$\beta$
nicholson,beta,151,605,0.0010395057603466,0.0018794456601351,0.5530916814439196,Four-patch Nicholson,$\beta$
nicholson,beta,152,610,0.0049088956067328,0.0068451728286917,0.7171324566352877,Four-patch Nicholson,$\beta$
nicholson,beta,153,614,0.0008921727885541,0.0017184400964158,0.5191759610445139,Four-patch Nicholson,$\beta$
nicholson,beta,154,615,0.0038428884019962,0.0055121815706224,0.6971628841976419,Four-patch Nicholson,$\beta$
nicholson,beta,155,616,0.001841690605834,0.0028420771434014,0.6480086615910303,Four-patch Nicholson,$\beta$
nicholson,beta,156,618,0.0024432714301053,0.0027883382988465,0.8762464121071858,Four-patch Nicholson,$\beta$
nicholson,beta,157,621,0.0019255845614332,0.0026368339563748,0.730263866929472,Four-patch Nicholson,$\beta$
nicholson,beta,158,624,0.0009002293218653,0.0027280238843679,0.3299931965492629,Four-patch Nicholson,$\beta$
nicholson,beta,159,631,0.003331174565721,0.0073774434753783,0.4515350848621967,Four-patch Nicholson,$\beta$
nicholson,beta,160,637,0.0019630068586299,0.0030324518350851,0.6473332357395256,Four-patch Nicholson,$\beta$
nicholson,beta,161,640,0.0027119331421071,0.0044952881981409,0.6032834876368248,Four-patch Nicholson,$\beta$
nicholson,beta,162,646,0.0021793633368718,0.00336388463759,0.647871009760064,Four-patch Nicholson,$\beta$
nicholson,beta,163,654,0.0024664911326356,0.0039407359976441,0.6258960595457672,Four-patch Nicholson,$\beta$
nicholson,beta,164,661,0.0010020514920139,0.0019608927980057,0.5110179878436104,Four-patch Nicholson,$\beta$
nicholson,beta,165,664,0.0034715329401552,0.0062860614374143,0.5522588308623302,Four-patch Nicholson,$\beta$
nicholson,beta,166,667,0.0012291938369327,0.0019170604116741,0.6411868032157052,Four-patch Nicholson,$\beta$
nicholson,beta,167,674,0.0011013481926207,0.0021126378925701,0.5213142282896717,Four-patch Nicholson,$\beta$
nicholson,beta,168,688,0.0042307676930261,0.0108562105056865,0.3897094378199481,Four-patch Nicholson,$\beta$
nicholson,beta,169,696,0.002051281874486,0.0037966836780471,0.5402825329765469,Four-patch Nicholson,$\beta$
nicholson,beta,170,702,0.002557682574524,0.0052088082979274,0.4910302756854594,Four-patch Nicholson,$\beta$
nicholson,beta,171,707,0.0007513650362685,0.0033041575380418,0.22739988260783545,Four-patch Nicholson,$\beta$
nicholson,beta,172,709,0.00165349901991,0.0025909417873204,0.638184550498944,Four-patch Nicholson,$\beta$
nicholson,beta,173,710,0.0050858264958208,0.0125557537600365,0.4050594327525276,Four-patch Nicholson,$\beta$
nicholson,beta,174,718,0.0020375983831245,0.0090593579461334,0.22491642291208527,Four-patch Nicholson,$\beta$
nicholson,beta,175,721,0.0023881385716372,0.0033397314027339,0.715069053062852,Four-patch Nicholson,$\beta$
nicholson,beta,176,724,0.0019319164147322,0.0031293158397925,0.6173606352436136,Four-patch Nicholson,$\beta$
nicholson,beta,177,733,0.0014431995053589,0.0021992583902084,0.6562209842119295,Four-patch Nicholson,$\beta$
nicholson,beta,178,735,0.0012052851116382,0.0025558338930678,0.47158194235834355,Four-patch Nicholson,$\beta$
nicholson,beta,179,746,0.0061507278931712,0.0252332349872387,0.24375502769588722,Four-patch Nicholson,$\beta$
nicholson,beta,180,748,0.0019997320311206,0.0032385951502223,0.6174689760105819,Four-patch Nicholson,$\beta$
nicholson,beta,181,751,0.0010997697678972,0.0021768751476045,0.5052057161419755,Four-patch Nicholson,$\beta$
nicholson,beta,182,752,0.0013198342526018,0.0018205164309282,0.7249779404236827,Four-patch Nicholson,$\beta$
nicholson,beta,183,759,0.0019752853316739,0.0045743516579841,0.43181755128647037,Four-patch Nicholson,$\beta$
nicholson,beta,184,760,0.0018633480401854,0.0038471565424123,0.48434422141216443,Four-patch Nicholson,$\beta$
nicholson,beta,185,769,0.0037172639981453,0.0077524776268571,0.47949367635289786,Four-patch Nicholson,$\beta$
nicholson,beta,186,773,0.0014013384915614,0.002093680274491,0.6693182854302254,Four-patch Nicholson,$\beta$
nicholson,beta,187,774,0.0029696901023112,0.0045666423102705,0.6503005710852999,Four-patch Nicholson,$\beta$
nicholson,beta,188,775,0.0011223715132556,0.0022034856793829,0.5093618369101119,Four-patch Nicholson,$\beta$
nicholson,beta,189,776,0.0026230027082726,0.0032536236604479,0.8061788891440236,Four-patch Nicholson,$\beta$
nicholson,beta,190,777,0.0020424906434987,0.0037095149052014,0.5506085554838356,Four-patch Nicholson,$\beta$
nicholson,beta,191,778,0.0020874544690747,0.0032206342638386,0.6481501151846751,Four-patch Nicholson,$\beta$
nicholson,beta,192,779,0.0029465775115284,0.0040010197561586,0.7364566263370378,Four-patch Nicholson,$\beta$
nicholson,beta,193,780,0.0012012305065913,0.00186851851132,0.6428785689378588,Four-patch Nicholson,$\beta$
nicholson,beta,194,782,0.0008287896911024,0.0014428302788675,0.5744193916923687,Four-patch Nicholson,$\beta$
nicholson,beta,195,789,0.0008934124413985,0.0020526057448812,0.43525769311836776,Four-patch Nicholson,$\beta$
nicholson,beta,196,795,0.0041294907833317,0.0057220890735219,0.7216753759462244,Four-patch Nicholson,$\beta$
nicholson,beta,197,799,0.0016911637177522,0.002883829952541,0.5864297637459802,Four-patch Nicholson,$\beta$
nicholson,beta,198,801,0.0021591619123342,0.0028902304968084,0.747055265909934,Four-patch Nicholson,$\beta$
nicholson,beta,199,802,0.0015653307373863,0.002099625815884,0.7455284296584308,Four-patch Nicholson,$\beta$
nicholson,beta,200,805,0.0023080558157165,0.0089705822213309,0.2572916404721466,Four-patch Nicholson,$\beta$
nicholson,beta,201,807,0.0015173483849362,0.0041542528213266,0.3652518154760877,Four-patch Nicholson,$\beta$
nicholson,beta,202,808,0.0017787429975498,0.0032350536046153,0.5498341650389194,Four-patch Nicholson,$\beta$
nicholson,beta,203,811,0.0013681980768682,0.0035796846211776,0.38221190458340076,Four-patch Nicholson,$\beta$
nicholson,beta,204,813,0.0017980057900072,0.0026025262834077,0.6908694069567375,Four-patch Nicholson,$\beta$
nicholson,beta,205,814,0.0040729559597972,0.0072834574278927,0.5592063934086337,Four-patch Nicholson,$\beta$
nicholson,beta,206,829,0.001040259839735,0.0022969615613367,0.4528851754618081,Four-patch Nicholson,$\beta$
nicholson,beta,207,834,0.0020377456615226,0.0042540365465935,0.47901461099443615,Four-patch Nicholson,$\beta$
nicholson,beta,208,836,0.0025706012297703,0.0041062234689682,0.626025653303334,Four-patch Nicholson,$\beta$
nicholson,beta,209,837,0.0012013778709852,0.0022962530705846,0.5231905343426901,Four-patch Nicholson,$\beta$
nicholson,beta,210,838,0.0016156251824972,0.0029619528730663,0.545459449131835,Four-patch Nicholson,$\beta$
nicholson,beta,211,840,0.0016698818636388,0.0017396730555875,0.959882581543386,Four-patch Nicholson,$\beta$
nicholson,beta,212,842,0.0017580430129389,0.0022191982053288,0.7921973840450298,Four-patch Nicholson,$\beta$
nicholson,beta,213,843,0.0014063623492584,0.0018458348452587,0.7619112581338736,Four-patch Nicholson,$\beta$
nicholson,beta,214,844,0.0022675842697403,0.0028004671788375,0.8097164240580728,Four-patch Nicholson,$\beta$
nicholson,beta,215,852,0.0012960930158314,0.0030783104082456,0.4210403903257025,Four-patch Nicholson,$\beta$
nicholson,beta,216,857,0.0027587519181621,0.0049020694466145,0.56277291625629,Four-patch Nicholson,$\beta$
nicholson,beta,217,858,0.0010638201518107,0.0021581074618522,0.49294123235998366,Four-patch Nicholson,$\beta$
nicholson,beta,218,860,0.001666515041652,0.0024253907808758,0.6871119717253263,Four-patch Nicholson,$\beta$
nicholson,beta,219,865,0.0011642218526641,0.0028431171367864,0.4094878250355981,Four-patch Nicholson,$\beta$
nicholson,beta,220,866,0.0017700732201786,0.0026990572754108,0.6558116555378368,Four-patch Nicholson,$\beta$
nicholson,beta,221,876,0.0031408680733425,0.0064625974262083,0.48600707520556374,Four-patch Nicholson,$\beta$
nicholson,beta,222,882,0.0010663594841523,0.0020937931973074,0.509295514725919,Four-patch Nicholson,$\beta$
nicholson,beta,223,883,0.0047341280776488,0.0163268970181537,0.28995883739482,Four-patch Nicholson,$\beta$
nicholson,beta,224,885,0.0009445631071404,0.0033887158165676,0.2787377750953279,Four-patch Nicholson,$\beta$
nicholson,beta,225,886,0.0017736698738795,0.0026449559353596,0.6705857931952115,Four-patch Nicholson,$\beta$
nicholson,beta,226,888,0.0030734256755533,0.0043951543329158,0.6992759395355181,Four-patch Nicholson,$\beta$
nicholson,beta,227,889,0.0010407932878693,0.0033512953293062,0.31056447898453926,Four-patch Nicholson,$\beta$
nicholson,beta,228,891,0.002913754355932,0.0028338313708315,1.0282031548959278,Four-patch Nicholson,$\beta$
nicholson,beta,229,901,0.0022466574586094,0.0024260513259174,0.9260552052664578,Four-patch Nicholson,$\beta$
nicholson,beta,230,904,0.0030915639510181,0.0034092657832918,0.9068122427325263,Four-patch Nicholson,$\beta$
nicholson,beta,231,907,0.004291745468256,0.0080299121789075,0.5344697890382045,Four-patch Nicholson,$\beta$
nicholson,beta,232,908,0.0009239017373873,0.004126905182512,0.22387278033485897,Four-patch Nicholson,$\beta$
nicholson,beta,233,913,0.0020229566367547,0.0029791533068644,0.6790374406357389,Four-patch Nicholson,$\beta$
nicholson,beta,234,915,0.0017103068844993,0.0030104669635114,0.5681201306073803,Four-patch Nicholson,$\beta$
nicholson,beta,235,925,0.0019998568580421,0.0039845566675391,0.5019019742733966,Four-patch Nicholson,$\beta$
nicholson,beta,236,932,0.0025145516559165,0.0052743994270519,0.47674653592209953,Four-patch Nicholson,$\beta$
nicholson,beta,237,940,0.0018627894497539,0.0032546804260278,0.5723417374120985,Four-patch Nicholson,$\beta$
nicholson,beta,238,943,0.0011108670091483,0.002058186083543,0.5397310855566727,Four-patch Nicholson,$\beta$
nicholson,beta,239,945,0.0011659123445594,0.0037186367474957,0.3135321957286037,Four-patch Nicholson,$\beta$
nicholson,beta,240,947,0.001974887211224,0.0017888099035222,1.1040229637232053,Four-patch Nicholson,$\beta$
nicholson,beta,241,948,0.0029561241214588,0.0064940257151506,0.4552067163149886,Four-patch Nicholson,$\beta$
nicholson,beta,242,953,0.0011430407939695,0.0015728508840419,0.7267318253540492,Four-patch Nicholson,$\beta$
nicholson,beta,243,957,0.0033656928314832,0.0049479726151818,0.6802165438742099,Four-patch Nicholson,$\beta$
nicholson,beta,244,961,0.0016615936788407,0.0029142049294526,0.5701704990090767,Four-patch Nicholson,$\beta$
nicholson,beta,245,963,0.0031378035437437,0.0129248244240693,0.24277339798135394,Four-patch Nicholson,$\beta$
nicholson,beta,246,965,0.001744052799343,0.002364321283953,0.7376547388800946,Four-patch Nicholson,$\beta$
nicholson,beta,247,968,0.000686783079201,0.0022996158242195,0.298651223377321,Four-patch Nicholson,$\beta$
nicholson,beta,248,973,0.0030785013531062,0.004930307426963,0.6244035283216637,Four-patch Nicholson,$\beta$
nicholson,beta,249,977,0.0011827364106425,0.0033611695486672,0.3518824009075915,Four-patch Nicholson,$\beta$
nicholson,beta,250,979,0.0031125179684185,0.004157469015384,0.7486569248985769,Four-patch Nicholson,$\beta$
nicholson,beta,251,985,0.0012974266837952,0.0045271643070195,0.28658705445779864,Four-patch Nicholson,$\beta$
nicholson,beta,252,986,0.001625879597266,0.0038602188459252,0.4211884512667614,Four-patch Nicholson,$\beta$
nicholson,beta,253,987,0.0008731079184785,0.0016241758645901,0.537569814644949,Four-patch Nicholson,$\beta$
nicholson,beta,254,990,0.0013340608473709,0.0030460192399435,0.4379686214311782,Four-patch Nicholson,$\beta$
nicholson,beta,255,1002,0.0051380879934305,0.011324996587628,0.4536944407597974,Four-patch Nicholson,$\beta$
nicholson,beta,256,1007,0.0020117565001636,0.0045508756737214,0.44205920890792455,Four-patch Nicholson,$\beta$
nicholson,beta,257,1011,0.0019193389361518,0.0029339448586599,0.6541837112196006,Four-patch Nicholson,$\beta$
nicholson,beta,258,1013,0.0016126355229515,0.0025364835771233,0.635776055282186,Four-patch Nicholson,$\beta$
nicholson,beta,259,1014,0.0016098809875929,0.0023647258344428,0.6807896983847331,Four-patch Nicholson,$\beta$
nicholson,beta,260,1017,0.0015726859928474,0.0022741400786408,0.6915519442352722,Four-patch Nicholson,$\beta$
nicholson,beta,261,1018,0.0016368171529624,0.0020247721639811,0.80839572080253,Four-patch Nicholson,$\beta$
nicholson,beta,262,1019,0.0012100547244516,0.001589309510575,0.7613713479974152,Four-patch Nicholson,$\beta$
nicholson,beta,263,1026,0.0013202434470683,0.0018709922876901,0.7056381021742497,Four-patch Nicholson,$\beta$
nicholson,beta,264,1027,0.001002936629662,0.0027574141933813,0.36372360455290953,Four-patch Nicholson,$\beta$
nicholson,beta,265,1032,0.0041679017620182,0.0057482130736025,0.7250778126438008,Four-patch Nicholson,$\beta$
nicholson,beta,266,1034,0.0010286427924036,0.0017777535981408,0.5786194405565367,Four-patch Nicholson,$\beta$
nicholson,beta,267,1035,0.0034672813621561,0.0042454787583448,0.816699731529902,Four-patch Nicholson,$\beta$
nicholson,beta,268,1037,0.006787668117475,0.0089137421063664,0.7614835650929469,Four-patch Nicholson,$\beta$
nicholson,beta,269,1038,0.0014150771160921,0.0030138119572373,0.46953065956685375,Four-patch Nicholson,$\beta$
nicholson,beta,270,1040,0.0029677390394977,0.0127741427473648,0.23232392953413017,Four-patch Nicholson,$\beta$
nicholson,beta,271,1043,0.0032943604136765,0.013341554254755,0.2469247848317502,Four-patch Nicholson,$\beta$
nicholson,beta,272,1045,0.0022269132602547,0.0113244225151776,0.19664695990193504,Four-patch Nicholson,$\beta$
nicholson,beta,273,1054,0.0016229998230412,0.0032282801914689,0.5027444108879282,Four-patch Nicholson,$\beta$
nicholson,beta,274,1055,0.0010973351469056,0.0022433843588291,0.48914272874681947,Four-patch Nicholson,$\beta$
nicholson,beta,275,1057,0.0009172370672181,0.0019942821637958,0.4599334456626161,Four-patch Nicholson,$\beta$
nicholson,beta,276,1059,0.002305056432798,0.0030797362391658,0.7484590412269735,Four-patch Nicholson,$\beta$
nicholson,beta,277,1070,0.0010639412589721,0.0027223706363232,0.390814257535868,Four-patch Nicholson,$\beta$
nicholson,beta,278,1076,0.0025632122383246,0.0108427124753619,0.23639953970457445,Four-patch Nicholson,$\beta$
nicholson,beta,279,1078,0.0011255861783757,0.0022421015638955,0.5020228327302311,Four-patch Nicholson,$\beta$
nicholson,beta,280,1079,0.0023611753234565,0.0050801215291506,0.4647871728870412,Four-patch Nicholson,$\beta$
nicholson,beta,281,1080,0.000979280108766,0.0020491723787921,0.47789054688666266,Four-patch Nicholson,$\beta$
nicholson,beta,282,1082,0.0014301231629905,0.0022108602915535,0.6468627477069565,Four-patch Nicholson,$\beta$
nicholson,beta,283,1086,0.0012058264567725,0.0016915083031321,0.7128705514124395,Four-patch Nicholson,$\beta$
nicholson,beta,284,1091,0.0049820975167778,0.0169189385109982,0.2944686815629228,Four-patch Nicholson,$\beta$
nicholson,beta,285,1095,0.0016660534228494,0.002442037158836,0.6822391775739917,Four-patch Nicholson,$\beta$
nicholson,beta,286,1096,0.0019428110334454,0.0028803273990443,0.6745104858878298,Four-patch Nicholson,$\beta$
nicholson,beta,287,1101,0.0011916744609972,0.0021691000565214,0.5493865796621186,Four-patch Nicholson,$\beta$
nicholson,beta,288,1103,0.0021881646892804,0.0062594678794011,0.3495767901423853,Four-patch Nicholson,$\beta$
nicholson,beta,289,1105,0.0009666288160716,0.0023080909451131,0.418800142220667,Four-patch Nicholson,$\beta$
nicholson,beta,290,1107,0.0012433214854639,0.0041575184890461,0.2990537477439258,Four-patch Nicholson,$\beta$
nicholson,beta,291,1119,0.0015809468109461,0.0021929430855058,0.7209246885590996,Four-patch Nicholson,$\beta$
nicholson,beta,292,1121,0.0020421575350481,0.0065649255464974,0.31107093608055575,Four-patch Nicholson,$\beta$
nicholson,beta,293,1123,0.0029169997621241,0.0044078230499819,0.6617778728971614,Four-patch Nicholson,$\beta$
nicholson,beta,294,1125,0.0021284263675111,0.0034501198833723,0.6169137419742882,Four-patch Nicholson,$\beta$
nicholson,beta,295,1127,0.0027228508480633,0.005174147491741,0.526241444104469,Four-patch Nicholson,$\beta$
nicholson,beta,296,1141,0.0018905830004491,0.0030997016124562,0.609924191687278,Four-patch Nicholson,$\beta$
nicholson,beta,297,1151,0.0024335443460607,0.0044001504622027,0.5530593480756738,Four-patch Nicholson,$\beta$
nicholson,beta,298,1154,0.0019010321680288,0.0013625261928882,1.3952261453404489,Four-patch Nicholson,$\beta$
nicholson,beta,299,1155,0.0016557739460417,0.0020596015907865,0.8039292421644565,Four-patch Nicholson,$\beta$
nicholson,beta,300,1156,0.0039830156335185,0.0142604224279709,0.27930558534549943,Four-patch Nicholson,$\beta$
nicholson,beta,301,1158,0.0007796896117636,0.0018651944178962,0.41802055822311096,Four-patch Nicholson,$\beta$
nicholson,beta,302,1159,0.0018265840834778,0.0025899535663681,0.7052574637618793,Four-patch Nicholson,$\beta$
nicholson,beta,303,1161,0.0012399370960293,0.001574320802845,0.7876012905302238,Four-patch Nicholson,$\beta$
nicholson,beta,304,1162,0.0047619657572193,0.0103782202814176,0.4588422319138562,Four-patch Nicholson,$\beta$
nicholson,beta,305,1164,0.0034993824842229,0.008300827382872,0.4215703233925279,Four-patch Nicholson,$\beta$
nicholson,beta,306,1165,0.0026085821857003,0.0077143749967844,0.3381456290091733,Four-patch Nicholson,$\beta$
nicholson,beta,307,1167,0.0010302544067959,0.0025615820949269,0.40219456906584145,Four-patch Nicholson,$\beta$
nicholson,beta,308,1174,0.0016514411347806,0.003933917229788,0.41979559769985214,Four-patch Nicholson,$\beta$
nicholson,beta,309,1175,0.0032782894948254,0.0037062679506453,0.8845257651310979,Four-patch Nicholson,$\beta$
nicholson,beta,310,1180,0.0027161351491629,0.0041016642221754,0.6622031941274664,Four-patch Nicholson,$\beta$
nicholson,beta,311,1185,0.0041928093135387,0.0121993393018549,0.34369150736722165,Four-patch Nicholson,$\beta$
nicholson,beta,312,1186,0.0011281243523445,0.0020060517737298,0.5623605368105768,Four-patch Nicholson,$\beta$
nicholson,beta,313,1192,0.0016958865845648,0.0026735475504135,0.634320711558883,Four-patch Nicholson,$\beta$
nicholson,beta,314,1196,0.0049690888472699,0.0143796905453698,0.3455629891054871,Four-patch Nicholson,$\beta$
nicholson,beta,315,1198,0.0036066008991821,0.0090978351147108,0.3964240782238826,Four-patch Nicholson,$\beta$
nicholson,beta,316,1200,0.0047833963524439,0.0112659109302438,0.4245902867563667,Four-patch Nicholson,$\beta$
nicholson,beta,317,1206,0.0007602608730846,0.0021183890188792,0.3588863359416581,Four-patch Nicholson,$\beta$
nicholson,beta,318,1207,0.0046888414747739,0.0076329630107296,0.6142885100036289,Four-patch Nicholson,$\beta$
nicholson,beta,319,1208,0.0010069067573856,0.0019989067405854,0.5037287317820127,Four-patch Nicholson,$\beta$
nicholson,beta,320,1209,0.0021508064237833,0.0052320640379273,0.4110818231948379,Four-patch Nicholson,$\beta$
nicholson,beta,321,1214,0.0013861410959687,0.0021650893683795,0.6402235012618358,Four-patch Nicholson,$\beta$
nicholson,beta,322,1229,0.0035498307711412,0.0094830245631334,0.37433529223805545,Four-patch Nicholson,$\beta$
nicholson,beta,323,1233,0.0014531756543364,0.0032970657855716,0.44074815270465356,Four-patch Nicholson,$\beta$
nicholson,beta,324,1238,0.0015848377062885,0.0023479906058765,0.6749761699735948,Four-patch Nicholson,$\beta$
nicholson,beta,325,1239,0.0034413855254079,0.0045195991995887,0.7614359976258688,Four-patch Nicholson,$\beta$
nicholson,beta,326,1243,0.0021224441201084,0.0078113528514176,0.2717127443197269,Four-patch Nicholson,$\beta$
nicholson,beta,327,1244,0.0014101910420075,0.0041653068196771,0.3385563424393355,Four-patch Nicholson,$\beta$
nicholson,beta,328,1245,0.0015714461594151,0.0023620072244185,0.6653011655381251,Four-patch Nicholson,$\beta$
nicholson,beta,329,1247,0.0009828834051256,0.0023678474559618,0.41509574556877904,Four-patch Nicholson,$\beta$
nicholson,beta,330,1249,0.0012682395909555,0.0033771571426552,0.3755346693634695,Four-patch Nicholson,$\beta$
nicholson,beta,331,1254,0.0009644879302466,0.0019921865224817,0.48413535548123343,Four-patch Nicholson,$\beta$
nicholson,beta,332,1256,0.0010483306522737,0.0017153514957239,0.6111462606276454,Four-patch Nicholson,$\beta$
nicholson,beta,333,1260,0.0055253498214783,0.0061560599683036,0.8975464582748205,Four-patch Nicholson,$\beta$
nicholson,beta,334,1261,0.0052501814004353,0.0126357866647223,0.41550095294764816,Four-patch Nicholson,$\beta$
nicholson,beta,335,1268,0.0013326032657527,0.003312467985173,0.4022992136731858,Four-patch Nicholson,$\beta$
nicholson,beta,336,1271,0.0009853909719717,0.0024777507805772,0.39769575685176456,Four-patch Nicholson,$\beta$
nicholson,beta,337,1272,0.0023707301352317,0.0032172501367988,0.7368808872258229,Four-patch Nicholson,$\beta$
nicholson,beta,338,1277,0.0010719880163475,0.0017987574652427,0.5959602876215779,Four-patch Nicholson,$\beta$
nicholson,beta,339,1279,0.0013807465250623,0.0030292171951129,0.45580968155399604,Four-patch Nicholson,$\beta$
nicholson,beta,340,1282,0.0041530263068173,0.0077694625456195,0.5345319939998703,Four-patch Nicholson,$\beta$
nicholson,beta,341,1286,0.0009742852921964,0.0021707489572622,0.448824489325192,Four-patch Nicholson,$\beta$
nicholson,beta,342,1288,0.0010652621325995,0.0017616440144705,0.6046977277186659,Four-patch Nicholson,$\beta$
nicholson,beta,343,1291,0.0023193468898279,0.0133010905238879,0.17437268663516745,Four-patch Nicholson,$\beta$
nicholson,beta,344,1292,0.0027417624215942,0.0045677598753366,0.600242240490402,Four-patch Nicholson,$\beta$
nicholson,beta,345,1300,0.0029660297322561,0.0046896200563791,0.6324669582179755,Four-patch Nicholson,$\beta$
nicholson,beta,346,1302,0.0029949757592464,0.0042094412515903,0.7114900957733802,Four-patch Nicholson,$\beta$
nicholson,beta,347,1308,0.0029414957543446,0.0101457904491576,0.2899227782285638,Four-patch Nicholson,$\beta$
nicholson,beta,348,1311,0.0027968259656608,0.0029050713729792,0.9627391573490354,Four-patch Nicholson,$\beta$
nicholson,beta,349,1319,0.0015600788725141,0.0022171007056584,0.7036571990313865,Four-patch Nicholson,$\beta$
nicholson,beta,350,1321,0.0021359536086336,0.00269088862944,0.7937725795355985,Four-patch Nicholson,$\beta$
nicholson,beta,351,1325,0.001216041734575,0.0020391005526499,0.5963618287458657,Four-patch Nicholson,$\beta$
nicholson,beta,352,1333,0.0009509564293409,0.0017249070805549,0.5513087864622707,Four-patch Nicholson,$\beta$
nicholson,beta,353,1335,0.0024998466706268,0.0086747353607673,0.2881755542575633,Four-patch Nicholson,$\beta$
nicholson,beta,354,1336,0.0016262629936241,0.0036218416210159,0.4490154909556606,Four-patch Nicholson,$\beta$
nicholson,beta,355,1341,0.0034947455841632,0.006538890590516,0.5344554302884308,Four-patch Nicholson,$\beta$
nicholson,beta,356,1343,0.0009094856120458,0.0032625283960521,0.2787671099342291,Four-patch Nicholson,$\beta$
nicholson,beta,357,1359,0.0009926636491804,0.0029550805643873,0.3359176264577466,Four-patch Nicholson,$\beta$
nicholson,beta,358,1360,0.0013816668638503,0.0029407482339323,0.46983514192330816,Four-patch Nicholson,$\beta$
nicholson,beta,359,1365,0.0016908641880915,0.0026650989651613,0.6344470543851507,Four-patch Nicholson,$\beta$
nicholson,beta,360,1371,0.0007484313441858,0.0021889203643926,0.3419180324513455,Four-patch Nicholson,$\beta$
nicholson,beta,361,1374,0.0007968250403364,0.0016327824426459,0.4880166637786457,Four-patch Nicholson,$\beta$
nicholson,beta,362,1377,0.0010374975599724,0.0019149988299069,0.5417745137853892,Four-patch Nicholson,$\beta$
nicholson,beta,363,1378,0.0013794456699877,0.0016898556700023,0.8163097561970026,Four-patch Nicholson,$\beta$
nicholson,beta,364,1383,0.0033264054049391,0.0094704037137056,0.35124219679517094,Four-patch Nicholson,$\beta$
nicholson,beta,365,1385,0.0010852139153642,0.0026730235236875,0.40598741677631084,Four-patch Nicholson,$\beta$
nicholson,beta,366,1390,0.001824786036528,0.0022292932016646,0.8185491415689254,Four-patch Nicholson,$\beta$
nicholson,beta,367,1393,0.0022003177611309,0.0027390372603311,0.803317936925371,Four-patch Nicholson,$\beta$
nicholson,beta,368,1394,0.0012817475230401,0.002063886394596,0.6210358895703648,Four-patch Nicholson,$\beta$
nicholson,beta,369,1395,0.0065199225601814,0.0169366810569172,0.3849586904465302,Four-patch Nicholson,$\beta$
nicholson,beta,370,1402,0.0015396555428349,0.0021288354476673,0.7232383999063894,Four-patch Nicholson,$\beta$
nicholson,beta,371,1403,0.0012734209837719,0.0027806741159447,0.4579540538281563,Four-patch Nicholson,$\beta$
nicholson,beta,372,1404,0.0009523261934929,0.0016686502019165,0.5707164943252467,Four-patch Nicholson,$\beta$
nicholson,beta,373,1407,0.000950764634499,0.0018651318066956,0.5097573432000188,Four-patch Nicholson,$\beta$
nicholson,beta,374,1414,0.0020537237123297,0.0028744093268251,0.7144854746898973,Four-patch Nicholson,$\beta$
nicholson,beta,375,1416,0.0016430280190239,0.0040825522622319,0.4024511906984552,Four-patch Nicholson,$\beta$
nicholson,beta,376,1421,0.0015947242566585,0.0035596816606471,0.44799631222321207,Four-patch Nicholson,$\beta$
nicholson,beta,377,1423,0.0020545338767062,0.0064887461687927,0.31663033554731695,Four-patch Nicholson,$\beta$
nicholson,beta,378,1428,0.0010902755698137,0.0022974821320092,0.47455236087526365,Four-patch Nicholson,$\beta$
nicholson,beta,379,1431,0.0008730527888553,0.0019658056755003,0.44411957892689824,Four-patch Nicholson,$\beta$
nicholson,beta,380,1432,0.0013774646147527,0.0026160908384737,0.5265354683006157,Four-patch Nicholson,$\beta$
nicholson,beta,381,1435,0.0029075929772228,0.0030118614895202,0.9653807080238572,Four-patch Nicholson,$\beta$
nicholson,beta,382,1440,0.0025869783602183,0.0049585130373926,0.5217246260541537,Four-patch Nicholson,$\beta$
nicholson,beta,383,1443,0.0017373550997843,0.0045844745288251,0.37896493673606385,Four-patch Nicholson,$\beta$
nicholson,beta,384,1461,0.0009881445084982,0.0020195927333685,0.48927909680585124,Four-patch Nicholson,$\beta$
nicholson,beta,385,1474,0.0018211309923933,0.0042507172948167,0.4284291017457163,Four-patch Nicholson,$\beta$
nicholson,beta,386,1475,0.0031323504979485,0.0055763167693403,0.5617239169716446,Four-patch Nicholson,$\beta$
nicholson,beta,387,1479,0.0019598876288498,0.0029799247206559,0.6576970267955012,Four-patch Nicholson,$\beta$
nicholson,beta,388,1483,0.0011570089920286,0.0021560124524499,0.5366430006996844,Four-patch Nicholson,$\beta$
nicholson,beta,389,1487,0.0020798494889578,0.0044956016494783,0.46264096579801717,Four-patch Nicholson,$\beta$
nicholson,beta,390,1488,0.0039263738186959,0.0114944917759635,0.34158742249974594,Four-patch Nicholson,$\beta$
nicholson,beta,391,1493,0.0018746212103119,0.0030896103238923,0.6067500473490931,Four-patch Nicholson,$\beta$
nicholson,beta,392,1494,0.0013697342440714,0.0021886838410678,0.6258255387873397,Four-patch Nicholson,$\beta$
nicholson,beta,393,1498,0.0020819233054288,0.003577380184592,0.5819687027942331,Four-patch Nicholson,$\beta$
nicholson,beta,394,1503,0.0011860755249918,0.0020938923905464,0.5664453103448618,Four-patch Nicholson,$\beta$
nicholson,beta,395,1514,0.0023517466907573,0.0032480992093664,0.7240378261771291,Four-patch Nicholson,$\beta$
nicholson,beta,396,1518,0.0023740498774035,0.002423751041912,0.9794941131951851,Four-patch Nicholson,$\beta$
nicholson,beta,397,1523,0.0016737584880752,0.0020983039688669,0.7976720784544111,Four-patch Nicholson,$\beta$
nicholson,beta,398,1539,0.0025680672404564,0.0038268932997453,0.6710579677325518,Four-patch Nicholson,$\beta$
nicholson,beta,399,1558,0.0021000486171435,0.0033043527294187,0.6355400857925175,Four-patch Nicholson,$\beta$
nicholson,beta,400,1559,0.0039361647121501,0.0048286370547398,0.8151709618113362,Four-patch Nicholson,$\beta$
nicholson,beta,401,1562,0.0023371938366642,0.0034570686393058,0.6760623176789231,Four-patch Nicholson,$\beta$
nicholson,beta,402,1567,0.0057763957687556,0.0149478888304071,0.3864355585121302,Four-patch Nicholson,$\beta$
nicholson,beta,403,1571,0.0010395912972294,0.002078528126758,0.5001574353727464,Four-patch Nicholson,$\beta$
nicholson,beta,404,1573,0.0016978674569304,0.0026823430001455,0.6329792486785998,Four-patch Nicholson,$\beta$
nicholson,beta,405,1574,0.002320068853438,0.0031735251847129,0.7310699359229728,Four-patch Nicholson,$\beta$
nicholson,beta,406,1576,0.0036314236696553,0.009477229865831,0.38317353499549023,Four-patch Nicholson,$\beta$
nicholson,beta,407,1579,0.0043731118210103,0.0066561751165179,0.6570007165463584,Four-patch Nicholson,$\beta$
nicholson,beta,408,1584,0.0052915937756879,0.0121932010009163,0.43397904908565393,Four-patch Nicholson,$\beta$
nicholson,beta,409,1586,0.0026168471962492,0.005352496374229,0.48890218942486313,Four-patch Nicholson,$\beta$
nicholson,beta,410,1589,0.002464698217603,0.0048221405417558,0.5111211911516733,Four-patch Nicholson,$\beta$
nicholson,beta,411,1591,0.0010163885492434,0.0022458575722572,0.4525614454802128,Four-patch Nicholson,$\beta$
nicholson,beta,412,1594,0.0012340536274846,0.0018147040043254,0.6800302553712325,Four-patch Nicholson,$\beta$
nicholson,beta,413,1597,0.0013606066362332,0.0024186257418427,0.5625536074864491,Four-patch Nicholson,$\beta$
nicholson,beta,414,1613,0.0010428912554356,0.0021806963497597,0.47823772234521345,Four-patch Nicholson,$\beta$
nicholson,beta,415,1615,0.0013129213617457,0.0020928117941521,0.6273480326393269,Four-patch Nicholson,$\beta$
nicholson,beta,416,1616,0.001559861626211,0.0041136261607099,0.3791938220126961,Four-patch Nicholson,$\beta$
nicholson,beta,417,1618,0.0018099785266154,0.0022767494414602,0.7949836260658374,Four-patch Nicholson,$\beta$
nicholson,beta,418,1619,0.0008206287162218,0.002403384249027,0.34144715584036467,Four-patch Nicholson,$\beta$
nicholson,beta,419,1622,0.00116947892203,0.0029308799564976,0.3990197276546006,Four-patch Nicholson,$\beta$
nicholson,beta,420,1625,0.0011634715060204,0.0023031399806025,0.5051675173108829,Four-patch Nicholson,$\beta$
nicholson,beta,421,1627,0.0014556594296994,0.0028819909928561,0.5050881259891856,Four-patch Nicholson,$\beta$
nicholson,beta,422,1631,0.0006373623172849,0.0018339454475178,0.34753613753754464,Four-patch Nicholson,$\beta$
nicholson,beta,423,1634,0.0026247674012953,0.0027911887667933,0.9403761696529054,Four-patch Nicholson,$\beta$
nicholson,beta,424,1638,0.001099173229512,0.0021573404974493,0.5095038223273477,Four-patch Nicholson,$\beta$
nicholson,beta,425,1648,0.0007443809129992,0.0022993368555215,0.32373721632464814,Four-patch Nicholson,$\beta$
nicholson,beta,426,1668,0.0019136455591372,0.0036164762423401,0.5291464483391558,Four-patch Nicholson,$\beta$
nicholson,beta,427,1676,0.0025512184070143,0.0113372073389332,0.2250305856410634,Four-patch Nicholson,$\beta$
nicholson,beta,428,1689,0.001270043063265,0.002243279308354,0.5661546729982949,Four-patch Nicholson,$\beta$
nicholson,beta,429,1698,0.0015851302204031,0.0021412579695801,0.7402798929051708,Four-patch Nicholson,$\beta$
nicholson,beta,430,1709,0.0028677222718192,0.0049138207476071,0.5836033545211645,Four-patch Nicholson,$\beta$
nicholson,beta,431,1711,0.0017166322132048,0.0026833945584406,0.639724116531855,Four-patch Nicholson,$\beta$
nicholson,beta,432,1712,0.0015323987077675,0.0034159873731761,0.4485961276673906,Four-patch Nicholson,$\beta$
nicholson,beta,433,1713,0.0018076806000019,0.0034203693419433,0.5285045032519374,Four-patch Nicholson,$\beta$
nicholson,beta,434,1714,0.0025732470814083,0.0029215664833875,0.8807764930355683,Four-patch Nicholson,$\beta$
nicholson,beta,435,1715,0.0018609675575923,0.0065319422180873,0.2849026362234468,Four-patch Nicholson,$\beta$
nicholson,beta,436,1717,0.0016533959315248,0.0025629350654897,0.6451181513679456,Four-patch Nicholson,$\beta$
nicholson,beta,437,1718,0.0014826100730634,0.0022841551811758,0.64908465295261,Four-patch Nicholson,$\beta$
nicholson,beta,438,1723,0.0014884570053869,0.0022861548635203,0.6510744434412123,Four-patch Nicholson,$\beta$
nicholson,beta,439,1729,0.0015484306297937,0.0025958330686678,0.5965062424404531,Four-patch Nicholson,$\beta$
nicholson,beta,440,1730,0.0009826059479665,0.0014522887661122,0.6765913025664665,Four-patch Nicholson,$\beta$
nicholson,beta,441,1733,0.0011137502635585,0.0029776568537964,0.37403580004140186,Four-patch Nicholson,$\beta$
nicholson,beta,442,1734,0.0011367337487635,0.0040482951978732,0.2807931964449359,Four-patch Nicholson,$\beta$
nicholson,beta,443,1736,0.0040954267321,0.0063098155871594,0.6490564859667649,Four-patch Nicholson,$\beta$
nicholson,beta,444,1737,0.0031195047189769,0.0048635607085454,0.641403470814264,Four-patch Nicholson,$\beta$
nicholson,beta,445,1739,0.002323584002315,0.0040296034165152,0.5766284574784372,Four-patch Nicholson,$\beta$
nicholson,beta,446,1748,0.0012699487188484,0.0021041247379941,0.6035520118731482,Four-patch Nicholson,$\beta$
nicholson,beta,447,1762,0.0008478267354182,0.0020551458730057,0.4125384706528073,Four-patch Nicholson,$\beta$
nicholson,beta,448,1764,0.0016837495822075,0.0039931690634612,0.4216574744140833,Four-patch Nicholson,$\beta$
nicholson,beta,449,1765,0.0061472084152463,0.0070701745919027,0.8694563812167453,Four-patch Nicholson,$\beta$
nicholson,beta,450,1767,0.0012118763513126,0.0032668513828489,0.3709615802160451,Four-patch Nicholson,$\beta$
nicholson,beta,451,1771,0.0006359574156818,0.0023550100585751,0.2700444583521594,Four-patch Nicholson,$\beta$
nicholson,beta,452,1780,0.0021091879733198,0.0028363129972951,0.7436372414931866,Four-patch Nicholson,$\beta$
nicholson,beta,453,1783,0.0015912575555023,0.0037198695558688,0.4277724075006311,Four-patch Nicholson,$\beta$
nicholson,beta,454,1788,0.0020057418055972,0.00282546535591,0.7098801623604439,Four-patch Nicholson,$\beta$
nicholson,beta,455,1790,0.0022120131266075,0.0036614732510626,0.6041319913959632,Four-patch Nicholson,$\beta$
nicholson,beta,456,1793,0.0016474210538508,0.0021434101316138,0.7685981462681789,Four-patch Nicholson,$\beta$
nicholson,beta,457,1797,0.0019646813536071,0.0017349556136405,1.1324101539892197,Four-patch Nicholson,$\beta$
nicholson,beta,458,1803,0.0012178755375509,0.0023853673766506,0.5105609934436904,Four-patch Nicholson,$\beta$
nicholson,beta,459,1817,0.0014791031380277,0.0023297506685028,0.6348761513515249,Four-patch Nicholson,$\beta$
nicholson,beta,460,1820,0.0014591979384384,0.0028194851418752,0.5175405668099773,Four-patch Nicholson,$\beta$
nicholson,beta,461,1824,0.0007139512222114,0.0021971518913042,0.3249439535960384,Four-patch Nicholson,$\beta$
nicholson,beta,462,1829,0.0014595965618889,0.0026034209373563,0.5606456262778153,Four-patch Nicholson,$\beta$
nicholson,beta,463,1830,0.0016055367956168,0.0042595691950279,0.3769246893537749,Four-patch Nicholson,$\beta$
nicholson,beta,464,1835,0.0043696513121685,0.0130115266710218,0.3358292552940945,Four-patch Nicholson,$\beta$
nicholson,beta,465,1838,0.0022711540121355,0.0048549606618273,0.46780070330800333,Four-patch Nicholson,$\beta$
nicholson,beta,466,1839,0.0009463643915767,0.0034119096045419,0.2773708864727568,Four-patch Nicholson,$\beta$
nicholson,beta,467,1845,0.0027799476189724,0.0046667205100861,0.5956961881398615,Four-patch Nicholson,$\beta$
nicholson,beta,468,1849,0.0014482700698011,0.0019049955988928,0.7602485121975332,Four-patch Nicholson,$\beta$
nicholson,beta,469,1853,0.0013671354246418,0.0017661341301573,0.7740835768345843,Four-patch Nicholson,$\beta$
nicholson,beta,470,1855,0.0011397375105479,0.0019850561422862,0.5741588291982805,Four-patch Nicholson,$\beta$
nicholson,beta,471,1857,0.0018140339082291,0.0033110677163768,0.5478697700010019,Four-patch Nicholson,$\beta$
nicholson,beta,472,1863,0.001469406820208,0.0025234195857314,0.5823077654293867,Four-patch Nicholson,$\beta$
nicholson,beta,473,1864,0.0030002664198395,0.0059017373518415,0.5083700342753031,Four-patch Nicholson,$\beta$
nicholson,beta,474,1865,0.0069745692452902,0.0178760692253755,0.3901623537790755,Four-patch Nicholson,$\beta$
nicholson,beta,475,1867,0.0016132602938627,0.0023977406266724,0.6728251904800867,Four-patch Nicholson,$\beta$
nicholson,beta,476,1878,0.0028758542224606,0.0042125291689712,0.6826906371696299,Four-patch Nicholson,$\beta$
nicholson,beta,477,1884,0.0010413137054523,0.0040874863189893,0.2547564992730746,Four-patch Nicholson,$\beta$
nicholson,beta,478,1885,0.0014615064387512,0.0023307593740287,0.6270516189000658,Four-patch Nicholson,$\beta$
nicholson,beta,479,1889,0.0026830886118337,0.0041140546878987,0.6521762143137961,Four-patch Nicholson,$\beta$
nicholson,beta,480,1895,0.0006941277564792,0.0022455581991098,0.3091114524461539,Four-patch Nicholson,$\beta$
nicholson,beta,481,1897,0.0010383713990004,0.0021610612399874,0.48049142698355657,Four-patch Nicholson,$\beta$
nicholson,beta,482,1899,0.0012432104492689,0.0017314373065679,0.7180222145803385,Four-patch Nicholson,$\beta$
nicholson,beta,483,1900,0.0018477756389647,0.0028581212327589,0.6465000916637363,Four-patch Nicholson,$\beta$
nicholson,beta,484,1907,0.0015332000462232,0.0033987744788612,0.45110378925079986,Four-patch Nicholson,$\beta$
nicholson,beta,485,1912,0.0035316247303985,0.0097258474477591,0.3631174300612961,Four-patch Nicholson,$\beta$
nicholson,beta,486,1913,0.0030235543301341,0.0043534423578744,0.694520354602874,Four-patch Nicholson,$\beta$
nicholson,beta,487,1916,0.0012462912829365,0.0015062332334459,0.8274225101814311,Four-patch Nicholson,$\beta$
nicholson,beta,488,1917,0.0022247259372818,0.0034544700663385,0.6440136676708436,Four-patch Nicholson,$\beta$
nicholson,beta,489,1922,0.0009626606117695,0.0023490237481426,0.4098130606515523,Four-patch Nicholson,$\beta$
nicholson,beta,490,1931,0.0039358091519045,0.0105415030213316,0.37336318587018047,Four-patch Nicholson,$\beta$
nicholson,beta,491,1949,0.0018996694835966,0.0035573222717548,0.5340166952766715,Four-patch Nicholson,$\beta$
nicholson,beta,492,1951,0.0023620260398453,0.005034043516359,0.46921049295054473,Four-patch Nicholson,$\beta$
nicholson,beta,493,1954,0.0016250079789464,0.0033958665958412,0.4785252697901887,Four-patch Nicholson,$\beta$
nicholson,beta,494,1955,0.0016814541935578,0.003572172514276,0.4707091236041811,Four-patch Nicholson,$\beta$
nicholson,beta,495,1959,0.0022393117913278,0.0047194277445123,0.4744879914586356,Four-patch Nicholson,$\beta$
nicholson,beta,496,1960,0.0039748405377663,0.0102500441043707,0.38778765215960354,Four-patch Nicholson,$\beta$
nicholson,beta,497,1961,0.0027883452499253,0.0121787779628753,0.22895115244115974,Four-patch Nicholson,$\beta$
nicholson,beta,498,1966,0.0038341651659924,0.0055424976920489,0.6917756901356544,Four-patch Nicholson,$\beta$
nicholson,beta,499,1974,0.0017177148991376,0.0032620507837358,0.5265751556358116,Four-patch Nicholson,$\beta$
nicholson,beta,500,1976,0.0012375577668949,0.0031017083812266,0.3989923019150808,Four-patch Nicholson,$\beta$
nicholson,beta,501,1980,0.0012338064636689,0.0032661991629028,0.37774991729909313,Four-patch Nicholson,$\beta$
nicholson,beta,502,1990,0.0013652554376439,0.0029929896536494,0.45615107154788265,Four-patch Nicholson,$\beta$
nicholson,beta,503,1991,0.0010665839585965,0.0013241664800374,0.8054757273166855,Four-patch Nicholson,$\beta$
nicholson,beta,504,2009,0.0011451331253002,0.002919305894128,0.39226212217211054,Four-patch Nicholson,$\beta$
nicholson,beta,505,2012,0.0012748483990091,0.0025764091015135,0.4948159817709835,Four-patch Nicholson,$\beta$
nicholson,beta,506,2015,0.0020821777525174,0.0028175391407372,0.7390057949550277,Four-patch Nicholson,$\beta$
nicholson,beta,507,2021,0.0013396603286113,0.0016925022143548,0.7915264850167377,Four-patch Nicholson,$\beta$
nicholson,beta,508,2022,0.0019838374569235,0.0020896814176924,0.9493492357864857,Four-patch Nicholson,$\beta$
nicholson,beta,509,2025,0.0021939157012667,0.0024054014741707,0.9120788046507234,Four-patch Nicholson,$\beta$
nicholson,beta,510,2032,0.0012048978979425,0.0017729755416,0.6795908176235498,Four-patch Nicholson,$\beta$
nicholson,beta,511,2037,0.0010157854488907,0.0018355869991476,0.5533845300508257,Four-patch Nicholson,$\beta$
nicholson,overall,0,0,0.0036373366609017,0.005986734720415,0.6075660323645609,Four-patch Nicholson,Overall
nicholson,overall,1,7,0.0023136416921564,0.004198562113121,0.5510557257033302,Four-patch Nicholson,Overall
nicholson,overall,2,9,0.0054011167690095,0.0091991657619738,0.5871311495805268,Four-patch Nicholson,Overall
nicholson,overall,3,11,0.0030873789652097,0.004955005570245,0.6230828444975985,Four-patch Nicholson,Overall
nicholson,overall,4,14,0.0023837003187997,0.0032902153472587,0.7244815512716276,Four-patch Nicholson,Overall
nicholson,overall,5,26,0.0017280464820137,0.003428858123116,0.5039714155461542,Four-patch Nicholson,Overall
nicholson,overall,6,30,0.0077479958915007,0.0104077869337512,0.7444422085904624,Four-patch Nicholson,Overall
nicholson,overall,7,31,0.0031016808408046,0.0044720714234465,0.6935669284132813,Four-patch Nicholson,Overall
nicholson,overall,8,35,0.0028383918204867,0.00392598065129,0.7229765178679778,Four-patch Nicholson,Overall
nicholson,overall,9,40,0.0025897166510072,0.0053557775356927,0.48353700909876457,Four-patch Nicholson,Overall
nicholson,overall,10,41,0.0053320352812024,0.0089378587786995,0.5965674120863919,Four-patch Nicholson,Overall
nicholson,overall,11,44,0.0056953214491721,0.009486424479477,0.6003654444826289,Four-patch Nicholson,Overall
nicholson,overall,12,56,0.0099885664156893,0.0141303370497873,0.7068880509003608,Four-patch Nicholson,Overall
nicholson,overall,13,57,0.0048102492904063,0.0067324063057165,0.7144918283262118,Four-patch Nicholson,Overall
nicholson,overall,14,59,0.0020393789816832,0.0034920492145732,0.5840063688599687,Four-patch Nicholson,Overall
nicholson,overall,15,61,0.002415067818279,0.0087355843643195,0.2764632241597192,Four-patch Nicholson,Overall
nicholson,overall,16,65,0.0038209351298752,0.0051359156558449,0.7439637614622442,Four-patch Nicholson,Overall
nicholson,overall,17,71,0.0015372343939948,0.0040043292385694,0.3838931072870515,Four-patch Nicholson,Overall
nicholson,overall,18,80,0.0019880743704241,0.0040911454921537,0.4859456536652083,Four-patch Nicholson,Overall
nicholson,overall,19,83,0.0081819174089942,0.0153798068412461,0.5319909081726338,Four-patch Nicholson,Overall
nicholson,overall,20,85,0.0018054833435938,0.0029100949967921,0.6204207579422829,Four-patch Nicholson,Overall
nicholson,overall,21,86,0.0025746780495061,0.0083544692529325,0.30817972651013864,Four-patch Nicholson,Overall
nicholson,overall,22,87,0.0038250614069908,0.0048876350704956,0.7825996318916959,Four-patch Nicholson,Overall
nicholson,overall,23,88,0.0025388443123876,0.0031058208334219,0.8174471254320158,Four-patch Nicholson,Overall
nicholson,overall,24,90,0.0048123634392898,0.0055970556047853,0.8598026853932603,Four-patch Nicholson,Overall
nicholson,overall,25,96,0.0107443104786334,0.0162578992515702,0.6608670845094397,Four-patch Nicholson,Overall
nicholson,overall,26,102,0.0022364901170599,0.0036525317075544,0.6123123072235752,Four-patch Nicholson,Overall
nicholson,overall,27,103,0.0052654846564124,0.0087422792185851,0.6023011304899268,Four-patch Nicholson,Overall
nicholson,overall,28,104,0.0058965110405449,0.0065961260727092,0.8939354669009609,Four-patch Nicholson,Overall
nicholson,overall,29,107,0.0033016660359669,0.0036909264548596,0.894535850645253,Four-patch Nicholson,Overall
nicholson,overall,30,108,0.0081490924428714,0.0136621340330989,0.5964728806736052,Four-patch Nicholson,Overall
nicholson,overall,31,111,0.002346982604956,0.0094300126590569,0.24888435358587552,Four-patch Nicholson,Overall
nicholson,overall,32,112,0.0028980741667368,0.0042029162958256,0.6895388731903157,Four-patch Nicholson,Overall
nicholson,overall,33,115,0.003890087131326,0.0047093231922513,0.8260395331810594,Four-patch Nicholson,Overall
nicholson,overall,34,121,0.0113077969332481,0.0224978738245837,0.5026162481581674,Four-patch Nicholson,Overall
nicholson,overall,35,122,0.0031478626383731,0.0053551104371239,0.5878240374933781,Four-patch Nicholson,Overall
nicholson,overall,36,123,0.0055576463772909,0.0083863870760767,0.6626985288032835,Four-patch Nicholson,Overall
nicholson,overall,37,127,0.0015877252236938,0.0022415527057356,0.7083149192214793,Four-patch Nicholson,Overall
nicholson,overall,38,135,0.0025176817746029,0.0037354295087484,0.6740006118992402,Four-patch Nicholson,Overall
nicholson,overall,39,136,0.0015920935530066,0.004801857260665,0.33155786742109744,Four-patch Nicholson,Overall
nicholson,overall,40,138,0.0054352106409457,0.0069013825629735,0.7875538837835283,Four-patch Nicholson,Overall
nicholson,overall,41,142,0.0037547707563182,0.0048824248018337,0.7690381129696078,Four-patch Nicholson,Overall
nicholson,overall,42,153,0.0029807741000396,0.0047571220598788,0.6265918894911734,Four-patch Nicholson,Overall
nicholson,overall,43,154,0.0032274384972832,0.0160256642472402,0.2013918704080551,Four-patch Nicholson,Overall
nicholson,overall,44,158,0.0037956567079618,0.005066552831912,0.7491596029660677,Four-patch Nicholson,Overall
nicholson,overall,45,163,0.0041824862101658,0.0062449262787651,0.6697414866829883,Four-patch Nicholson,Overall
nicholson,overall,46,164,0.0050045725691092,0.0067485836012082,0.7415737678960117,Four-patch Nicholson,Overall
nicholson,overall,47,166,0.0062448974141134,0.0093874286738616,0.6652404647826216,Four-patch Nicholson,Overall
nicholson,overall,48,170,0.005314629140709,0.0073711018280733,0.7210087805961254,Four-patch Nicholson,Overall
nicholson,overall,49,178,0.0033462800108686,0.0059774874988441,0.5598138032937231,Four-patch Nicholson,Overall
nicholson,overall,50,180,0.002213953441856,0.0038723217817429,0.5717379821827507,Four-patch Nicholson,Overall
nicholson,overall,51,183,0.0044069060460943,0.0089974813361504,0.4897932967516227,Four-patch Nicholson,Overall
nicholson,overall,52,184,0.0161662066791551,0.0310018868698032,0.5214587985256306,Four-patch Nicholson,Overall
nicholson,overall,53,186,0.0020488798070445,0.0041554497389199,0.49305849806212615,Four-patch Nicholson,Overall
nicholson,overall,54,188,0.0031595377169064,0.0048555472707787,0.6507068185538836,Four-patch Nicholson,Overall
nicholson,overall,55,189,0.0020662885387401,0.0024488595351381,0.8437758512039666,Four-patch Nicholson,Overall
nicholson,overall,56,191,0.0128073942869776,0.0275862787953206,0.4642668328701909,Four-patch Nicholson,Overall
nicholson,overall,57,192,0.0027423528480644,0.0036455932114182,0.7522377536460181,Four-patch Nicholson,Overall
nicholson,overall,58,195,0.0020515930670044,0.0036726686460734,0.558610989640419,Four-patch Nicholson,Overall
nicholson,overall,59,196,0.0022550194747122,0.0035264536794966,0.6394581297985752,Four-patch Nicholson,Overall
nicholson,overall,60,203,0.0027297949840868,0.0041707453654579,0.6545101042837459,Four-patch Nicholson,Overall
nicholson,overall,61,207,0.004097462731242,0.0067388583001809,0.608035152057138,Four-patch Nicholson,Overall
nicholson,overall,62,210,0.0027367661524192,0.0045326088169962,0.6037949143453503,Four-patch Nicholson,Overall
nicholson,overall,63,211,0.0013603117431946,0.0022312941111962,0.6096514737204837,Four-patch Nicholson,Overall
nicholson,overall,64,212,0.0046633807193122,0.0084658963763337,0.5508431135949902,Four-patch Nicholson,Overall
nicholson,overall,65,213,0.0052632755609658,0.0090152147711678,0.5838214279485228,Four-patch Nicholson,Overall
nicholson,overall,66,214,0.0027369284486587,0.0040872703235707,0.6696225676278927,Four-patch Nicholson,Overall
nicholson,overall,67,215,0.003811157258699,0.0057300156193443,0.6651216177897818,Four-patch Nicholson,Overall
nicholson,overall,68,223,0.0018277016058874,0.0039517032104262,0.46250983653458083,Four-patch Nicholson,Overall
nicholson,overall,69,228,0.0038565899802655,0.0055124381479913,0.6996160096001837,Four-patch Nicholson,Overall
nicholson,overall,70,235,0.0025711021967812,0.004565908180306,0.5631086073677655,Four-patch Nicholson,Overall
nicholson,overall,71,241,0.0074822432421697,0.0154379690392356,0.4846649985599516,Four-patch Nicholson,Overall
nicholson,overall,72,242,0.0042694474406743,0.005518597981014,0.7736471211280046,Four-patch Nicholson,Overall
nicholson,overall,73,245,0.0032942464222517,0.0038225572735111,0.861791252960316,Four-patch Nicholson,Overall
nicholson,overall,74,247,0.0054039333311838,0.0091037527262675,0.5935940368406062,Four-patch Nicholson,Overall
nicholson,overall,75,251,0.0024259053364273,0.0029424840600962,0.8244412839225334,Four-patch Nicholson,Overall
nicholson,overall,76,259,0.0073173584525076,0.0078817670041942,0.9283906069049928,Four-patch Nicholson,Overall
nicholson,overall,77,263,0.0034758750453307,0.0056091030580531,0.6196846464320739,Four-patch Nicholson,Overall
nicholson,overall,78,264,0.0019770254229574,0.0057888316176883,0.34152408526038647,Four-patch Nicholson,Overall
nicholson,overall,79,267,0.0033363064455122,0.0042440028018248,0.7861225831608035,Four-patch Nicholson,Overall
nicholson,overall,80,278,0.0024727519715838,0.0046437739197708,0.5324875875322213,Four-patch Nicholson,Overall
nicholson,overall,81,279,0.0037438340185874,0.0055112551452739,0.6793069672700369,Four-patch Nicholson,Overall
nicholson,overall,82,282,0.0042837349533338,0.0060910838960588,0.7032795847887706,Four-patch Nicholson,Overall
nicholson,overall,83,283,0.0029657855433792,0.003943104936734,0.7521447161473985,Four-patch Nicholson,Overall
nicholson,overall,84,292,0.0046507189228107,0.0054778340881,0.8490068972541323,Four-patch Nicholson,Overall
nicholson,overall,85,298,0.0023859659494549,0.0090109613906879,0.2647848377111684,Four-patch Nicholson,Overall
nicholson,overall,86,299,0.0022487106663942,0.0029677094689822,0.7577260139165217,Four-patch Nicholson,Overall
nicholson,overall,87,303,0.0048407803389227,0.0085613580732638,0.5654220157009828,Four-patch Nicholson,Overall
nicholson,overall,88,304,0.0030024499780398,0.0037556852976024,0.7994413110056214,Four-patch Nicholson,Overall
nicholson,overall,89,311,0.0022248127688368,0.0026604831795495,0.8362438770289566,Four-patch Nicholson,Overall
nicholson,overall,90,318,0.0031326712226124,0.0057579868725248,0.544056680219343,Four-patch Nicholson,Overall
nicholson,overall,91,319,0.0048169326845236,0.0062129502308847,0.775305210168678,Four-patch Nicholson,Overall
nicholson,overall,92,326,0.0034062625321304,0.0062220873117513,0.5474469195726628,Four-patch Nicholson,Overall
nicholson,overall,93,327,0.0051336936121999,0.0109524824229818,0.468724204608425,Four-patch Nicholson,Overall
nicholson,overall,94,328,0.0027220045236228,0.0034049880721879,0.7994167573907994,Four-patch Nicholson,Overall
nicholson,overall,95,331,0.0015786289059072,0.0027272766383813,0.5788297687484141,Four-patch Nicholson,Overall
nicholson,overall,96,332,0.0018617041460555,0.0070351255691145,0.26462983890845176,Four-patch Nicholson,Overall
nicholson,overall,97,333,0.0024950225035387,0.0036108764385212,0.6909742124990885,Four-patch Nicholson,Overall
nicholson,overall,98,336,0.0053182080758515,0.0062641980978569,0.8489846573771285,Four-patch Nicholson,Overall
nicholson,overall,99,338,0.0073153365206192,0.0147351502427603,0.4964548308025148,Four-patch Nicholson,Overall
nicholson,overall,100,352,0.00554820089911,0.0108386355282441,0.5118910848742996,Four-patch Nicholson,Overall
nicholson,overall,101,367,0.0028809581347699,0.0058606254371164,0.49157861489053223,Four-patch Nicholson,Overall
nicholson,overall,102,375,0.0077000634529279,0.0123667578881937,0.622642047539315,Four-patch Nicholson,Overall
nicholson,overall,103,385,0.0026245492719792,0.004260886415927,0.6159632094788432,Four-patch Nicholson,Overall
nicholson,overall,104,388,0.0024094012010755,0.0038403451428053,0.6273918388792206,Four-patch Nicholson,Overall
nicholson,overall,105,389,0.0022556635621569,0.0035270427426261,0.6395339457886523,Four-patch Nicholson,Overall
nicholson,overall,106,407,0.0025336746092822,0.003696129449158,0.685494013165417,Four-patch Nicholson,Overall
nicholson,overall,107,410,0.0063907942607823,0.0120603432296708,0.5299015242832972,Four-patch Nicholson,Overall
nicholson,overall,108,411,0.0061887972033727,0.0079536261629769,0.7781101445502618,Four-patch Nicholson,Overall
nicholson,overall,109,415,0.0026711719156769,0.0050386260549531,0.530138947908442,Four-patch Nicholson,Overall
nicholson,overall,110,418,0.0029218057641515,0.0044094899900929,0.6626176203407013,Four-patch Nicholson,Overall
nicholson,overall,111,420,0.0062137593436642,0.0110266225178023,0.5635233575496202,Four-patch Nicholson,Overall
nicholson,overall,112,428,0.0038667057979026,0.00494006261585,0.7827240459455765,Four-patch Nicholson,Overall
nicholson,overall,113,429,0.0019219534626966,0.0038955906678408,0.49336637921506177,Four-patch Nicholson,Overall
nicholson,overall,114,444,0.0037503982588473,0.0054764701525588,0.6848203595330438,Four-patch Nicholson,Overall
nicholson,overall,115,448,0.0024261549116919,0.0058466969254768,0.41496163434092254,Four-patch Nicholson,Overall
nicholson,overall,116,453,0.002528360174856,0.0048975704145009,0.516247845537849,Four-patch Nicholson,Overall
nicholson,overall,117,457,0.0021688603819932,0.0033794859879824,0.6417722664647116,Four-patch Nicholson,Overall
nicholson,overall,118,462,0.0023893162423623,0.004989777858006,0.4788422070791567,Four-patch Nicholson,Overall
nicholson,overall,119,464,0.0031572080310669,0.0050571094941303,0.6243107915166592,Four-patch Nicholson,Overall
nicholson,overall,120,467,0.0064012192951456,0.0083226850764386,0.7691291015284669,Four-patch Nicholson,Overall
nicholson,overall,121,475,0.0018949733051329,0.0038721709294851,0.4893826588861053,Four-patch Nicholson,Overall
nicholson,overall,122,477,0.0025632488094691,0.0043568598917239,0.5883248195192449,Four-patch Nicholson,Overall
nicholson,overall,123,479,0.0030313389542266,0.0134712830039172,0.225022290255883,Four-patch Nicholson,Overall
nicholson,overall,124,484,0.0034893941578104,0.0042496728705023,0.8210971206821298,Four-patch Nicholson,Overall
nicholson,overall,125,486,0.002033282475708,0.0028162983506038,0.7219698421767262,Four-patch Nicholson,Overall
nicholson,overall,126,487,0.0045681577414935,0.0057616472906279,0.792856193909028,Four-patch Nicholson,Overall
nicholson,overall,127,494,0.0023407527359266,0.0035727874508724,0.6551614861262001,Four-patch Nicholson,Overall
nicholson,overall,128,505,0.0035632592637043,0.0051029055545847,0.6982804650387648,Four-patch Nicholson,Overall
nicholson,overall,129,509,0.0033162106948085,0.0041105011555215,0.8067655425309743,Four-patch Nicholson,Overall
nicholson,overall,130,510,0.0035880512775363,0.0061731267380738,0.5812372610797684,Four-patch Nicholson,Overall
nicholson,overall,131,511,0.0028990841235473,0.0035131601647592,0.8252069326722569,Four-patch Nicholson,Overall
nicholson,overall,132,526,0.0030657698695666,0.0056338316953294,0.5441713624686741,Four-patch Nicholson,Overall
nicholson,overall,133,527,0.0051535513107589,0.0064868686070786,0.7944590252892192,Four-patch Nicholson,Overall
nicholson,overall,134,530,0.0025250449250314,0.0042656050212995,0.5919546963263268,Four-patch Nicholson,Overall
nicholson,overall,135,531,0.0032863139290953,0.0173339417317042,0.18958837983656956,Four-patch Nicholson,Overall
nicholson,overall,136,532,0.011070826174058,0.0218040116536047,0.5077426278217816,Four-patch Nicholson,Overall
nicholson,overall,137,535,0.0034654257208514,0.0044921655407709,0.7714376706288297,Four-patch Nicholson,Overall
nicholson,overall,138,551,0.0054322697999984,0.0077527216961871,0.7006919650772538,Four-patch Nicholson,Overall
nicholson,overall,139,558,0.0030714395132619,0.0048495115898352,0.6333502779330973,Four-patch Nicholson,Overall
nicholson,overall,140,560,0.0025899481242317,0.0037097651704395,0.6981434148094247,Four-patch Nicholson,Overall
nicholson,overall,141,564,0.0029255020447763,0.0046516729507213,0.6289139575736218,Four-patch Nicholson,Overall
nicholson,overall,142,567,0.001790451955046,0.0022251059241348,0.8046592009961013,Four-patch Nicholson,Overall
nicholson,overall,143,568,0.003507543401049,0.0064652171046768,0.5425252306704006,Four-patch Nicholson,Overall
nicholson,overall,144,570,0.0033202528266127,0.0043345275761143,0.7660010850799917,Four-patch Nicholson,Overall
nicholson,overall,145,573,0.0015198797029043,0.0027985357331552,0.5430981941369448,Four-patch Nicholson,Overall
nicholson,overall,146,580,0.0034310532919776,0.0052245803103912,0.6567136665797934,Four-patch Nicholson,Overall
nicholson,overall,147,589,0.0034571323361465,0.005475270628025,0.6314084857196423,Four-patch Nicholson,Overall
nicholson,overall,148,596,0.0019262300456906,0.0025823534478154,0.7459203724881803,Four-patch Nicholson,Overall
nicholson,overall,149,597,0.0040691174017874,0.017203950600681,0.2365222672533324,Four-patch Nicholson,Overall
nicholson,overall,150,599,0.0155140529785604,0.0247113022748759,0.6278120353994299,Four-patch Nicholson,Overall
nicholson,overall,151,605,0.0022993767177697,0.0032352073303628,0.7107355056319823,Four-patch Nicholson,Overall
nicholson,overall,152,610,0.0081131154807572,0.0125159533521243,0.6482219334398671,Four-patch Nicholson,Overall
nicholson,overall,153,614,0.0019794784297822,0.0024833546335936,0.7970985710235621,Four-patch Nicholson,Overall
nicholson,overall,154,615,0.0078131775569817,0.0158125043960762,0.49411385832850757,Four-patch Nicholson,Overall
nicholson,overall,155,616,0.0029835946635719,0.0041600915806675,0.7171944669288202,Four-patch Nicholson,Overall
nicholson,overall,156,618,0.0047267073043915,0.0086790421528084,0.5446116312342155,Four-patch Nicholson,Overall
nicholson,overall,157,621,0.0054834203725737,0.0071788686999535,0.763827923556983,Four-patch Nicholson,Overall
nicholson,overall,158,624,0.0021853196501565,0.0037038321181056,0.5900158485785327,Four-patch Nicholson,Overall
nicholson,overall,159,631,0.0054481854962123,0.0100493894682422,0.5421409443259716,Four-patch Nicholson,Overall
nicholson,overall,160,637,0.0035409808790113,0.0052144678514354,0.6790685032292538,Four-patch Nicholson,Overall
nicholson,overall,161,640,0.0066211427873143,0.0133815850260597,0.4947951064406861,Four-patch Nicholson,Overall
nicholson,overall,162,646,0.0050694187615871,0.0090907049395347,0.5576485866943751,Four-patch Nicholson,Overall
nicholson,overall,163,654,0.0062622325587272,0.0140878544131102,0.4445128672610038,Four-patch Nicholson,Overall
nicholson,overall,164,661,0.0014537460314489,0.0023980855653761,0.6062110762177513,Four-patch Nicholson,Overall
nicholson,overall,165,664,0.006933441694236,0.0117261796688896,0.5912788214077019,Four-patch Nicholson,Overall
nicholson,overall,166,667,0.0025554593210423,0.0040722740963535,0.6275263551956326,Four-patch Nicholson,Overall
nicholson,overall,167,674,0.0027003359559669,0.0035523325123685,0.7601585568256573,Four-patch Nicholson,Overall
nicholson,overall,168,688,0.0063176457828862,0.0134980282820028,0.46804212073771156,Four-patch Nicholson,Overall
nicholson,overall,169,696,0.0050057594847711,0.0063140691313404,0.7927945324394062,Four-patch Nicholson,Overall
nicholson,overall,170,702,0.0060843815185299,0.0080363742997271,0.7571052929598506,Four-patch Nicholson,Overall
nicholson,overall,171,707,0.0012901895476633,0.0037572054053624,0.3433907408474132,Four-patch Nicholson,Overall
nicholson,overall,172,709,0.0031403480791923,0.0057991956405507,0.5415144226612241,Four-patch Nicholson,Overall
nicholson,overall,173,710,0.0109540841925625,0.0214564668401367,0.5105260001181402,Four-patch Nicholson,Overall
nicholson,overall,174,718,0.0024338811383066,0.0092211550051087,0.26394536660084145,Four-patch Nicholson,Overall
nicholson,overall,175,721,0.0043558027036303,0.0057413394199125,0.7586736099460016,Four-patch Nicholson,Overall
nicholson,overall,176,724,0.0047487948717351,0.0080184657407948,0.5922323578156728,Four-patch Nicholson,Overall
nicholson,overall,177,733,0.0030113869718257,0.0048806636015052,0.6170035916626144,Four-patch Nicholson,Overall
nicholson,overall,178,735,0.0027485578688245,0.0049364775589462,0.5567852453503791,Four-patch Nicholson,Overall
nicholson,overall,179,746,0.0128825785250655,0.0305168531869221,0.42214636109945597,Four-patch Nicholson,Overall
nicholson,overall,180,748,0.0039461692668417,0.0081423644991427,0.48464659955436623,Four-patch Nicholson,Overall
nicholson,overall,181,751,0.0022859546928519,0.003398025901396,0.6727302143025952,Four-patch Nicholson,Overall
nicholson,overall,182,752,0.0027078177885308,0.0041954574016915,0.6454165849566433,Four-patch Nicholson,Overall
nicholson,overall,183,759,0.004513719278167,0.0060514773618388,0.745887162468945,Four-patch Nicholson,Overall
nicholson,overall,184,760,0.0036871530461811,0.0065422959384979,0.5635870160633033,Four-patch Nicholson,Overall
nicholson,overall,185,769,0.0067127259816849,0.0108713436603467,0.6174697619181716,Four-patch Nicholson,Overall
nicholson,overall,186,773,0.0036195588038948,0.0065195004548483,0.5551895929699758,Four-patch Nicholson,Overall
nicholson,overall,187,774,0.0056854178963875,0.0075938493049504,0.7486872162028813,Four-patch Nicholson,Overall
nicholson,overall,188,775,0.0018844230526733,0.0027108708032062,0.6951356923555914,Four-patch Nicholson,Overall
nicholson,overall,189,776,0.0039463001029584,0.0077469964493853,0.5093974327652527,Four-patch Nicholson,Overall
nicholson,overall,190,777,0.0041334125937762,0.0052924457918962,0.7810023486882541,Four-patch Nicholson,Overall
nicholson,overall,191,778,0.0036555770799025,0.0052214790168039,0.7001037576016349,Four-patch Nicholson,Overall
nicholson,overall,192,779,0.0056907707129508,0.0081729800617815,0.6962907862166445,Four-patch Nicholson,Overall
nicholson,overall,193,780,0.0037822437450442,0.0043667103937851,0.8661540161736534,Four-patch Nicholson,Overall
nicholson,overall,194,782,0.0015322204769535,0.0022397779367499,0.684094816639223,Four-patch Nicholson,Overall
nicholson,overall,195,789,0.0018093966037771,0.0026011619859256,0.6956108898897515,Four-patch Nicholson,Overall
nicholson,overall,196,795,0.01000665742483,0.0111635326931296,0.8963701455354202,Four-patch Nicholson,Overall
nicholson,overall,197,799,0.0053238477414796,0.0063613666394033,0.8369031441298879,Four-patch Nicholson,Overall
nicholson,overall,198,801,0.0050893929902185,0.0063899898646869,0.796463390082055,Four-patch Nicholson,Overall
nicholson,overall,199,802,0.0028737085317811,0.004325378872388,0.6643830787000061,Four-patch Nicholson,Overall
nicholson,overall,200,805,0.0031368591450177,0.0094969208902973,0.33030275615147314,Four-patch Nicholson,Overall
nicholson,overall,201,807,0.0034208560727232,0.0065168276408386,0.52492658410757,Four-patch Nicholson,Overall
nicholson,overall,202,808,0.0028685606618792,0.0052965619135468,0.5415891872315133,Four-patch Nicholson,Overall
nicholson,overall,203,811,0.0019369298316039,0.0042879402172668,0.45171568013103724,Four-patch Nicholson,Overall
nicholson,overall,204,813,0.0026488586794147,0.0039110625408683,0.67727341399829,Four-patch Nicholson,Overall
nicholson,overall,205,814,0.0095258300331104,0.0119030572751509,0.8002843146018246,Four-patch Nicholson,Overall
nicholson,overall,206,829,0.0017562834269899,0.0028000665092839,0.6272291822950515,Four-patch Nicholson,Overall
nicholson,overall,207,834,0.0056410901335828,0.0069907592221679,0.8069352632965443,Four-patch Nicholson,Overall
nicholson,overall,208,836,0.0042107520271357,0.0071843095036398,0.5861039289861327,Four-patch Nicholson,Overall
nicholson,overall,209,837,0.0040061825348524,0.0059896812752458,0.6688473644514578,Four-patch Nicholson,Overall
nicholson,overall,210,838,0.0026887856611675,0.0044155500659022,0.608935607350682,Four-patch Nicholson,Overall
nicholson,overall,211,840,0.0035239312697003,0.0056269792162597,0.6262563152032906,Four-patch Nicholson,Overall
nicholson,overall,212,842,0.0045567266499194,0.007560250578997,0.6027216429278631,Four-patch Nicholson,Overall
nicholson,overall,213,843,0.0029663337432101,0.0033601682295213,0.8827932236097278,Four-patch Nicholson,Overall
nicholson,overall,214,844,0.0051365661465468,0.0082940690239228,0.6193059319534558,Four-patch Nicholson,Overall
nicholson,overall,215,852,0.0026826513453364,0.0046714676405623,0.5742630692853289,Four-patch Nicholson,Overall
nicholson,overall,216,857,0.0043447314769837,0.006304767411925,0.6891184389714302,Four-patch Nicholson,Overall
nicholson,overall,217,858,0.0028467374279294,0.003700327781069,0.7693203403475236,Four-patch Nicholson,Overall
nicholson,overall,218,860,0.0047446670292775,0.0054537793079319,0.8699778193035649,Four-patch Nicholson,Overall
nicholson,overall,219,865,0.0030981653648027,0.0040339886427277,0.7680153910170121,Four-patch Nicholson,Overall
nicholson,overall,220,866,0.0044036109467814,0.0054326661606555,0.8105800755204264,Four-patch Nicholson,Overall
nicholson,overall,221,876,0.0061020927404641,0.0086765516545937,0.70328547369777,Four-patch Nicholson,Overall
nicholson,overall,222,882,0.0028134306809461,0.0034221957463294,0.8221127280529604,Four-patch Nicholson,Overall
nicholson,overall,223,883,0.008849495110448,0.019786073569494,0.4472587792300579,Four-patch Nicholson,Overall
nicholson,overall,224,885,0.0014594658980291,0.0037906972672511,0.3850125175222607,Four-patch Nicholson,Overall
nicholson,overall,225,886,0.0031357496382314,0.0046468231702866,0.6748157877584995,Four-patch Nicholson,Overall
nicholson,overall,226,888,0.0073751487347377,0.0098337069611523,0.7499866290375498,Four-patch Nicholson,Overall
nicholson,overall,227,889,0.0015764829369443,0.0036979275280644,0.4263152603667914,Four-patch Nicholson,Overall
nicholson,overall,228,891,0.0082860575110085,0.0087981482477376,0.9417956230891221,Four-patch Nicholson,Overall
nicholson,overall,229,901,0.0042693852675376,0.0065651062657907,0.6503147237363714,Four-patch Nicholson,Overall
nicholson,overall,230,904,0.0053715221686803,0.0061500334049986,0.8734134946835338,Four-patch Nicholson,Overall
nicholson,overall,231,907,0.0068291928726684,0.0104059295246963,0.6562789855976573,Four-patch Nicholson,Overall
nicholson,overall,232,908,0.0019856334446066,0.0056343356674977,0.35241660450955203,Four-patch Nicholson,Overall
nicholson,overall,233,913,0.0032169556340007,0.0050067472387885,0.6425240741290383,Four-patch Nicholson,Overall
nicholson,overall,234,915,0.0026919392711129,0.0043959334386693,0.612370343789323,Four-patch Nicholson,Overall
nicholson,overall,235,925,0.0030981524484658,0.0056046088818313,0.5527865572402765,Four-patch Nicholson,Overall
nicholson,overall,236,932,0.0031584294905573,0.0057805915201669,0.5463851717490165,Four-patch Nicholson,Overall
nicholson,overall,237,940,0.0051784082316722,0.007405541600289,0.6992612439676409,Four-patch Nicholson,Overall
nicholson,overall,238,943,0.0021622508297832,0.003790191924299,0.5704858416063221,Four-patch Nicholson,Overall
nicholson,overall,239,945,0.002520966574648,0.0053943370125052,0.46733575762950536,Four-patch Nicholson,Overall
nicholson,overall,240,947,0.0034348825050006,0.0038319490568095,0.8963800024681174,Four-patch Nicholson,Overall
nicholson,overall,241,948,0.0059711475831388,0.0104357109549403,0.5721840714946248,Four-patch Nicholson,Overall
nicholson,overall,242,953,0.0023364703671451,0.00276572289145,0.8447955412916102,Four-patch Nicholson,Overall
nicholson,overall,243,957,0.0055701807894725,0.0084066920436627,0.6625888947212625,Four-patch Nicholson,Overall
nicholson,overall,244,961,0.0034025753663859,0.0055230822586424,0.6160645826090356,Four-patch Nicholson,Overall
nicholson,overall,245,963,0.0080959769440427,0.0173953927555175,0.46540926427055257,Four-patch Nicholson,Overall
nicholson,overall,246,965,0.0042662216889608,0.0062959374515311,0.6776150052004254,Four-patch Nicholson,Overall
nicholson,overall,247,968,0.0014338586585399,0.0030622317402783,0.4682397611127853,Four-patch Nicholson,Overall
nicholson,overall,248,973,0.006295647351542,0.0118870333170318,0.5296230929647994,Four-patch Nicholson,Overall
nicholson,overall,249,977,0.0020321123479645,0.0039918236815235,0.5090686638716803,Four-patch Nicholson,Overall
nicholson,overall,250,979,0.0057425715565752,0.0101166984816707,0.5676329651397157,Four-patch Nicholson,Overall
nicholson,overall,251,985,0.0025350500294885,0.005840843158786,0.43402124668853487,Four-patch Nicholson,Overall
nicholson,overall,252,986,0.0019872157968801,0.0041035663866461,0.48426554115145637,Four-patch Nicholson,Overall
nicholson,overall,253,987,0.0018911545002185,0.0033868518112015,0.5583812359205658,Four-patch Nicholson,Overall
nicholson,overall,254,990,0.0035744295839424,0.0055673299268067,0.6420366011957577,Four-patch Nicholson,Overall
nicholson,overall,255,1002,0.0088642928718269,0.0142481634151339,0.6221358229518591,Four-patch Nicholson,Overall
nicholson,overall,256,1007,0.003458678940991,0.0057253489651551,0.6040992369270026,Four-patch Nicholson,Overall
nicholson,overall,257,1011,0.0040537565111475,0.0058179310002296,0.6967694376209551,Four-patch Nicholson,Overall
nicholson,overall,258,1013,0.0041888588449382,0.0057920234844289,0.7232116472247395,Four-patch Nicholson,Overall
nicholson,overall,259,1014,0.004385488471675,0.006554693348815,0.6690608146402207,Four-patch Nicholson,Overall
nicholson,overall,260,1017,0.0030457627752613,0.0058090001351528,0.5243179040107191,Four-patch Nicholson,Overall
nicholson,overall,261,1018,0.002827926695911,0.003126189914286,0.9045920988318711,Four-patch Nicholson,Overall
nicholson,overall,262,1019,0.0021950372843059,0.0030729113338487,0.7143184575900868,Four-patch Nicholson,Overall
nicholson,overall,263,1026,0.0047190308007695,0.0060982052154241,0.7738392910808782,Four-patch Nicholson,Overall
nicholson,overall,264,1027,0.0039439536498597,0.0053792028069273,0.7331855279337496,Four-patch Nicholson,Overall
nicholson,overall,265,1032,0.008773189974338,0.0102293013133559,0.8576529037113486,Four-patch Nicholson,Overall
nicholson,overall,266,1034,0.0028827603216772,0.0032072586967409,0.8988237601807914,Four-patch Nicholson,Overall
nicholson,overall,267,1035,0.0063665220887222,0.0088528184280906,0.7191520011887728,Four-patch Nicholson,Overall
nicholson,overall,268,1037,0.0124132833069762,0.0152431578794407,0.8143511603798771,Four-patch Nicholson,Overall
nicholson,overall,269,1038,0.0021856524553884,0.0041474435867594,0.5269878684706009,Four-patch Nicholson,Overall
nicholson,overall,270,1040,0.0040350477631898,0.0133470625257542,0.30231728932144136,Four-patch Nicholson,Overall
nicholson,overall,271,1043,0.0035990414681122,0.0136029291233837,0.26457841803537574,Four-patch Nicholson,Overall
nicholson,overall,272,1045,0.00252255499821,0.0114334718040907,0.22062896042717955,Four-patch Nicholson,Overall
nicholson,overall,273,1054,0.0037569161148821,0.0056694259624529,0.6626625234658952,Four-patch Nicholson,Overall
nicholson,overall,274,1055,0.0028265356022091,0.0034415221878366,0.8213039021508994,Four-patch Nicholson,Overall
nicholson,overall,275,1057,0.0016933402848001,0.0024346365913572,0.6955207569011929,Four-patch Nicholson,Overall
nicholson,overall,276,1059,0.0051642861715307,0.0097806018389218,0.5280131280857869,Four-patch Nicholson,Overall
nicholson,overall,277,1070,0.001894716863725,0.0033713236638003,0.5620097779603855,Four-patch Nicholson,Overall
nicholson,overall,278,1076,0.0030246711613109,0.0111080925572207,0.2722943786910331,Four-patch Nicholson,Overall
nicholson,overall,279,1078,0.0020701368937047,0.0044222164771589,0.46812201627783756,Four-patch Nicholson,Overall
nicholson,overall,280,1079,0.0062441568884922,0.0078312664288567,0.7973367967004278,Four-patch Nicholson,Overall
nicholson,overall,281,1080,0.0027712616378414,0.0035799820771702,0.7740993049976234,Four-patch Nicholson,Overall
nicholson,overall,282,1082,0.0039707421420959,0.004334807966253,0.9160133904451141,Four-patch Nicholson,Overall
nicholson,overall,283,1086,0.0025735140589703,0.0038456023832034,0.6692096068513859,Four-patch Nicholson,Overall
nicholson,overall,284,1091,0.0079774953635375,0.0201267720707526,0.3963623841664143,Four-patch Nicholson,Overall
nicholson,overall,285,1095,0.0039267672145055,0.0048657192465413,0.8070270838780442,Four-patch Nicholson,Overall
nicholson,overall,286,1096,0.0037370864770907,0.0077243155056791,0.4838081088664886,Four-patch Nicholson,Overall
nicholson,overall,287,1101,0.0024094532357049,0.0032900450050968,0.7323465885640701,Four-patch Nicholson,Overall
nicholson,overall,288,1103,0.0026208930221232,0.0067579080222405,0.3878260866377219,Four-patch Nicholson,Overall
nicholson,overall,289,1105,0.0018025520805401,0.0035007140857436,0.5149098259354743,Four-patch Nicholson,Overall
nicholson,overall,290,1107,0.002469604010279,0.0056151429782552,0.4398114206250155,Four-patch Nicholson,Overall
nicholson,overall,291,1119,0.0026545214917253,0.0053939108253199,0.49213299546305844,Four-patch Nicholson,Overall
nicholson,overall,292,1121,0.002901697283352,0.0073095695851739,0.39697238661460343,Four-patch Nicholson,Overall
nicholson,overall,293,1123,0.0060530386611915,0.011768571386361,0.5143392908511031,Four-patch Nicholson,Overall
nicholson,overall,294,1125,0.0052873959097433,0.0084390230264743,0.6265412350643029,Four-patch Nicholson,Overall
nicholson,overall,295,1127,0.0052368557425579,0.0076665668335229,0.6830770351677072,Four-patch Nicholson,Overall
nicholson,overall,296,1141,0.0051029978892575,0.0068724031137458,0.7425347152658677,Four-patch Nicholson,Overall
nicholson,overall,297,1151,0.0044875522928393,0.0065558064965493,0.6845156725112858,Four-patch Nicholson,Overall
nicholson,overall,298,1154,0.0034098670094711,0.0038453994396879,0.8867393525567923,Four-patch Nicholson,Overall
nicholson,overall,299,1155,0.0041873100702395,0.0057390836384178,0.7296130068935348,Four-patch Nicholson,Overall
nicholson,overall,300,1156,0.0071139636038929,0.0159758639698544,0.4452944527642804,Four-patch Nicholson,Overall
nicholson,overall,301,1158,0.0017003815303865,0.002444666804971,0.6955473551360596,Four-patch Nicholson,Overall
nicholson,overall,302,1159,0.0048445926250292,0.005505629518681,0.8799343669222832,Four-patch Nicholson,Overall
nicholson,overall,303,1161,0.0030909380000106,0.0044460986128479,0.6952023041231498,Four-patch Nicholson,Overall
nicholson,overall,304,1162,0.0093031342940016,0.014998122551775,0.6202865899972655,Four-patch Nicholson,Overall
nicholson,overall,305,1164,0.006367266450269,0.0105617787291443,0.6028592923177881,Four-patch Nicholson,Overall
nicholson,overall,306,1165,0.0052992905302885,0.0095988793418914,0.552073876703643,Four-patch Nicholson,Overall
nicholson,overall,307,1167,0.001898525024663,0.0031884967524454,0.595429499248176,Four-patch Nicholson,Overall
nicholson,overall,308,1174,0.004134833168505,0.0055001690605614,0.7517647408610671,Four-patch Nicholson,Overall
nicholson,overall,309,1175,0.0051049251573418,0.0083656287534513,0.6102261178199818,Four-patch Nicholson,Overall
nicholson,overall,310,1180,0.0069347710411847,0.011708806951205,0.5922696539523196,Four-patch Nicholson,Overall
nicholson,overall,311,1185,0.0065188427190355,0.013840408066518,0.4710007600719192,Four-patch Nicholson,Overall
nicholson,overall,312,1186,0.0017615766708855,0.0026451248629954,0.6659710834560189,Four-patch Nicholson,Overall
nicholson,overall,313,1192,0.0040993429640118,0.0052833974742316,0.7758914569659545,Four-patch Nicholson,Overall
nicholson,overall,314,1196,0.0083158334402756,0.0196948473634487,0.4222339623565096,Four-patch Nicholson,Overall
nicholson,overall,315,1198,0.0060237611644451,0.0129212195673207,0.46619137868997346,Four-patch Nicholson,Overall
nicholson,overall,316,1200,0.0105791559543703,0.0162371277355865,0.6515410931444626,Four-patch Nicholson,Overall
nicholson,overall,317,1206,0.0016619919503205,0.002734691686499,0.607743812044937,Four-patch Nicholson,Overall
nicholson,overall,318,1207,0.0098200364102349,0.0122207415939855,0.8035548689670258,Four-patch Nicholson,Overall
nicholson,overall,319,1208,0.0021644969926197,0.0046198810453387,0.46851790584599634,Four-patch Nicholson,Overall
nicholson,overall,320,1209,0.0026373470902893,0.005634758743401,0.46804969128056456,Four-patch Nicholson,Overall
nicholson,overall,321,1214,0.0031776242974342,0.0048860286486157,0.6503490924750264,Four-patch Nicholson,Overall
nicholson,overall,322,1229,0.0066202237621882,0.0119373946579031,0.554578612160176,Four-patch Nicholson,Overall
nicholson,overall,323,1233,0.0019841733711703,0.004060662798028,0.48863288331498095,Four-patch Nicholson,Overall
nicholson,overall,324,1238,0.0023778505363043,0.0037384114273511,0.6360590808457797,Four-patch Nicholson,Overall
nicholson,overall,325,1239,0.0070038662070329,0.0123771920076488,0.5658687530018669,Four-patch Nicholson,Overall
nicholson,overall,326,1243,0.0023813212334526,0.0079382440041739,0.2999808562448459,Four-patch Nicholson,Overall
nicholson,overall,327,1244,0.0029461873767799,0.0064282613106692,0.458317923680236,Four-patch Nicholson,Overall
nicholson,overall,328,1245,0.002406430754035,0.0036593394105343,0.6576134334813281,Four-patch Nicholson,Overall
nicholson,overall,329,1247,0.0025160244543642,0.003318923811076,0.7580844266348197,Four-patch Nicholson,Overall
nicholson,overall,330,1249,0.0027825985446522,0.0047761350582789,0.5826046606091833,Four-patch Nicholson,Overall
nicholson,overall,331,1254,0.0027729931009265,0.0035528492077061,0.7804983940528355,Four-patch Nicholson,Overall
nicholson,overall,332,1256,0.002070886133734,0.0029353219682055,0.7055056161351969,Four-patch Nicholson,Overall
nicholson,overall,333,1260,0.0103112404333309,0.0183704050251775,0.5612963034401726,Four-patch Nicholson,Overall
nicholson,overall,334,1261,0.009804335925944,0.0161890530131658,0.605615159699001,Four-patch Nicholson,Overall
nicholson,overall,335,1268,0.0027219283282957,0.0056746117632496,0.47966776263420907,Four-patch Nicholson,Overall
nicholson,overall,336,1271,0.0023508409228102,0.003716369639519,0.6325638057667653,Four-patch Nicholson,Overall
nicholson,overall,337,1272,0.0051208573197516,0.0095934642138949,0.5337860449132333,Four-patch Nicholson,Overall
nicholson,overall,338,1277,0.0022326946721827,0.0037780422014708,0.5909660488476035,Four-patch Nicholson,Overall
nicholson,overall,339,1279,0.0026943122591002,0.0041917529564463,0.642765040567752,Four-patch Nicholson,Overall
nicholson,overall,340,1282,0.008135800743372,0.0115625393796898,0.703634424602519,Four-patch Nicholson,Overall
nicholson,overall,341,1286,0.0019875418850684,0.0032005535498802,0.6209994159112868,Four-patch Nicholson,Overall
nicholson,overall,342,1288,0.0022342330007963,0.0042741369048214,0.5227331390054434,Four-patch Nicholson,Overall
nicholson,overall,343,1291,0.0025747750836163,0.0134079463829904,0.19203351580244335,Four-patch Nicholson,Overall
nicholson,overall,344,1292,0.0061029241805898,0.0078608615535704,0.7763683584807386,Four-patch Nicholson,Overall
nicholson,overall,345,1300,0.0063893377587878,0.0106177105253319,0.6017622860920928,Four-patch Nicholson,Overall
nicholson,overall,346,1302,0.0039295168486652,0.0054130197299037,0.7259380243816528,Four-patch Nicholson,Overall
nicholson,overall,347,1308,0.0034911067010033,0.0109658069495194,0.3183629546894682,Four-patch Nicholson,Overall
nicholson,overall,348,1311,0.0053375411169372,0.0097027954825021,0.550103434269315,Four-patch Nicholson,Overall
nicholson,overall,349,1319,0.0029339690628336,0.0051226419010722,0.5727452981281987,Four-patch Nicholson,Overall
nicholson,overall,350,1321,0.0048733804239328,0.0071805679779054,0.6786901034748486,Four-patch Nicholson,Overall
nicholson,overall,351,1325,0.0020539803249212,0.0027571015510658,0.744978118099133,Four-patch Nicholson,Overall
nicholson,overall,352,1333,0.0018894373331812,0.0025026311028576,0.7549803608785043,Four-patch Nicholson,Overall
nicholson,overall,353,1335,0.0069333141057823,0.0137244770798202,0.5051787449138376,Four-patch Nicholson,Overall
nicholson,overall,354,1336,0.0031931383963908,0.0050460346173605,0.6328015240729917,Four-patch Nicholson,Overall
nicholson,overall,355,1341,0.0069630282923715,0.0117111748495085,0.5945627472775481,Four-patch Nicholson,Overall
nicholson,overall,356,1343,0.0011207489594314,0.0033907131564906,0.33053487797575276,Four-patch Nicholson,Overall
nicholson,overall,357,1359,0.0020346057968862,0.0038241154307339,0.5320461251076125,Four-patch Nicholson,Overall
nicholson,overall,358,1360,0.0018188868316357,0.0031735885909639,0.5731325215923018,Four-patch Nicholson,Overall
nicholson,overall,359,1365,0.0034045031656033,0.0064671456157566,0.5264305719834952,Four-patch Nicholson,Overall
nicholson,overall,360,1371,0.0013228580700588,0.0025432727287438,0.5201400758589504,Four-patch Nicholson,Overall
nicholson,overall,361,1374,0.0015682589364305,0.0033531061334625,0.46770333953344845,Four-patch Nicholson,Overall
nicholson,overall,362,1377,0.0030426094045419,0.0051620506266266,0.5894187454977065,Four-patch Nicholson,Overall
nicholson,overall,363,1378,0.0031871328652817,0.0055804979731209,0.5711197962319646,Four-patch Nicholson,Overall
nicholson,overall,364,1383,0.0072543297986936,0.0113877948781494,0.6370267357566316,Four-patch Nicholson,Overall
nicholson,overall,365,1385,0.0019544264771011,0.0030782767393543,0.6349092828837283,Four-patch Nicholson,Overall
nicholson,overall,366,1390,0.0042385996551988,0.0057623043548152,0.7355737208946391,Four-patch Nicholson,Overall
nicholson,overall,367,1393,0.0054886189586443,0.0077710340083641,0.7062919751395764,Four-patch Nicholson,Overall
nicholson,overall,368,1394,0.0020579240699452,0.0029643657625025,0.6942206983958392,Four-patch Nicholson,Overall
nicholson,overall,369,1395,0.0107988504838743,0.0282543592764241,0.38220121639371374,Four-patch Nicholson,Overall
nicholson,overall,370,1402,0.0032994061772539,0.0048050825533938,0.6866492179043937,Four-patch Nicholson,Overall
nicholson,overall,371,1403,0.0037301098638228,0.0046358029938658,0.8046307983230879,Four-patch Nicholson,Overall
nicholson,overall,372,1404,0.0018722920379418,0.0027039182202451,0.6924366365533362,Four-patch Nicholson,Overall
nicholson,overall,373,1407,0.0016969336788959,0.0024097480583424,0.7041954751332695,Four-patch Nicholson,Overall
nicholson,overall,374,1414,0.0056724444973764,0.0060784454515107,0.9332064493507307,Four-patch Nicholson,Overall
nicholson,overall,375,1416,0.0027788339952037,0.0052483620377707,0.5294669032367364,Four-patch Nicholson,Overall
nicholson,overall,376,1421,0.0023368389223641,0.0044375324849467,0.5266077330794274,Four-patch Nicholson,Overall
nicholson,overall,377,1423,0.0026916987742036,0.00689492585193,0.3903883568885879,Four-patch Nicholson,Overall
nicholson,overall,378,1428,0.0020037033957698,0.0039285495828368,0.51003642782661,Four-patch Nicholson,Overall
nicholson,overall,379,1431,0.001549550732891,0.0027191421987838,0.5698674874686851,Four-patch Nicholson,Overall
nicholson,overall,380,1432,0.0022692996266067,0.003601161702752,0.6301576585334966,Four-patch Nicholson,Overall
nicholson,overall,381,1435,0.0072339264257539,0.0091959898905901,0.7866392320805068,Four-patch Nicholson,Overall
nicholson,overall,382,1440,0.0054633677443434,0.0077051770772195,0.7090515493142849,Four-patch Nicholson,Overall
nicholson,overall,383,1443,0.0036808738132622,0.0059143401225087,0.6223642430122661,Four-patch Nicholson,Overall
nicholson,overall,384,1461,0.0022777516627375,0.0046609979080031,0.4886832621886655,Four-patch Nicholson,Overall
nicholson,overall,385,1474,0.005376080915892,0.0063095339750457,0.8520567346422857,Four-patch Nicholson,Overall
nicholson,overall,386,1475,0.0085308323485273,0.0134583150121557,0.6338707587704818,Four-patch Nicholson,Overall
nicholson,overall,387,1479,0.0038332205141138,0.0056290769921211,0.6809678601801109,Four-patch Nicholson,Overall
nicholson,overall,388,1483,0.0019368354253734,0.0034435014659541,0.5624610427853429,Four-patch Nicholson,Overall
nicholson,overall,389,1487,0.0038078984317519,0.0069430414398229,0.5484481786196901,Four-patch Nicholson,Overall
nicholson,overall,390,1488,0.0078364888243419,0.0133742426262941,0.5859388859100824,Four-patch Nicholson,Overall
nicholson,overall,391,1493,0.0027017817798857,0.0041352904409648,0.6533475262393783,Four-patch Nicholson,Overall
nicholson,overall,392,1494,0.0042940981939497,0.0068033961878681,0.6311697974618895,Four-patch Nicholson,Overall
nicholson,overall,393,1498,0.0048581563459621,0.0087148987655622,0.5574541341959811,Four-patch Nicholson,Overall
nicholson,overall,394,1503,0.0034009605300036,0.0046184884921902,0.7363795613553173,Four-patch Nicholson,Overall
nicholson,overall,395,1514,0.004938648412196,0.0067499675319702,0.7316551359402603,Four-patch Nicholson,Overall
nicholson,overall,396,1518,0.0039162595274192,0.0064493719266193,0.6072311493240345,Four-patch Nicholson,Overall
nicholson,overall,397,1523,0.0028933169811775,0.0056485391047441,0.5122239445500977,Four-patch Nicholson,Overall
nicholson,overall,398,1539,0.004249057994243,0.0064197346675767,0.6618743942336358,Four-patch Nicholson,Overall
nicholson,overall,399,1558,0.0029203128852014,0.0046606368941486,0.6265909470158112,Four-patch Nicholson,Overall
nicholson,overall,400,1559,0.009788027076538,0.013008831632831,0.7524140024870101,Four-patch Nicholson,Overall
nicholson,overall,401,1562,0.003948792071848,0.0074650395234947,0.5289713549968459,Four-patch Nicholson,Overall
nicholson,overall,402,1567,0.0095858635462368,0.0195173944322644,0.4911446340598781,Four-patch Nicholson,Overall
nicholson,overall,403,1571,0.0023271959350099,0.0039005041367195,0.5966397812789341,Four-patch Nicholson,Overall
nicholson,overall,404,1573,0.0040973821301943,0.0055565795426444,0.7373928688950862,Four-patch Nicholson,Overall
nicholson,overall,405,1574,0.0053082830247305,0.0078856065747825,0.6731610275493504,Four-patch Nicholson,Overall
nicholson,overall,406,1576,0.007396381408621,0.0126528066627357,0.5845644848430654,Four-patch Nicholson,Overall
nicholson,overall,407,1579,0.0067735040954925,0.0110992907456964,0.6102645881331503,Four-patch Nicholson,Overall
nicholson,overall,408,1584,0.0090712683577362,0.0196429189588952,0.46180857217395993,Four-patch Nicholson,Overall
nicholson,overall,409,1586,0.0042289645428128,0.0069008041952971,0.6128219875728166,Four-patch Nicholson,Overall
nicholson,overall,410,1589,0.0059784599819962,0.007391757493067,0.8088008822805153,Four-patch Nicholson,Overall
nicholson,overall,411,1591,0.0023591043659733,0.0034074773779563,0.6923316296198622,Four-patch Nicholson,Overall
nicholson,overall,412,1594,0.001964020483671,0.0027018454488198,0.7269181457173683,Four-patch Nicholson,Overall
nicholson,overall,413,1597,0.0020534812999701,0.0039243872851138,0.5232616331623225,Four-patch Nicholson,Overall
nicholson,overall,414,1613,0.0015928606875052,0.0024655781616217,0.6460394208137851,Four-patch Nicholson,Overall
nicholson,overall,415,1615,0.0034920733651746,0.0048749004885749,0.7163373638823656,Four-patch Nicholson,Overall
nicholson,overall,416,1616,0.002957101609403,0.0047250291158657,0.6258377539883608,Four-patch Nicholson,Overall
nicholson,overall,417,1618,0.003021959150908,0.0039082580585143,0.7732240567698795,Four-patch Nicholson,Overall
nicholson,overall,418,1619,0.0015836178752432,0.0031133811732991,0.5086488891320418,Four-patch Nicholson,Overall
nicholson,overall,419,1622,0.0015188312087223,0.0032766682309332,0.463529140479912,Four-patch Nicholson,Overall
nicholson,overall,420,1625,0.0024012768866269,0.0033523160622957,0.7163038454621373,Four-patch Nicholson,Overall
nicholson,overall,421,1627,0.0038168205230439,0.0070236719109078,0.5434223824031925,Four-patch Nicholson,Overall
nicholson,overall,422,1631,0.001097934298398,0.0022288128260316,0.49260946705554964,Four-patch Nicholson,Overall
nicholson,overall,423,1634,0.0041001777791915,0.0054628518250549,0.7505562864411566,Four-patch Nicholson,Overall
nicholson,overall,424,1638,0.0017426484763271,0.0024690855204873,0.7057870057020827,Four-patch Nicholson,Overall
nicholson,overall,425,1648,0.0017791592639542,0.0029283875682397,0.6075559407676631,Four-patch Nicholson,Overall
nicholson,overall,426,1668,0.0039200697211664,0.0055545629419866,0.7057386444457824,Four-patch Nicholson,Overall
nicholson,overall,427,1676,0.0034199512749888,0.0118705257313349,0.2881044489850248,Four-patch Nicholson,Overall
nicholson,overall,428,1689,0.0025560446851832,0.0036506842540838,0.7001549592583657,Four-patch Nicholson,Overall
nicholson,overall,429,1698,0.0032346790573229,0.0063571688872638,0.5088238356862569,Four-patch Nicholson,Overall
nicholson,overall,430,1709,0.0071772631763534,0.0087007066470749,0.8249057769079403,Four-patch Nicholson,Overall
nicholson,overall,431,1711,0.0037090178288513,0.0062139899632142,0.5968818505997074,Four-patch Nicholson,Overall
nicholson,overall,432,1712,0.0038941276177743,0.005760090774958,0.6760531682424213,Four-patch Nicholson,Overall
nicholson,overall,433,1713,0.003803236895492,0.0048985763534133,0.7763963692924631,Four-patch Nicholson,Overall
nicholson,overall,434,1714,0.0050616555443235,0.0087191522038483,0.5805215261742397,Four-patch Nicholson,Overall
nicholson,overall,435,1715,0.0021944469683763,0.0066842141156417,0.3283029134630927,Four-patch Nicholson,Overall
nicholson,overall,436,1717,0.0038279363969836,0.0054954806606445,0.6965607984752087,Four-patch Nicholson,Overall
nicholson,overall,437,1718,0.003424052640845,0.0049955615522029,0.6854189674302162,Four-patch Nicholson,Overall
nicholson,overall,438,1723,0.0029516865995433,0.0041933909100271,0.7038901602245865,Four-patch Nicholson,Overall
nicholson,overall,439,1729,0.0052623496078995,0.0074709071437925,0.7043789337245253,Four-patch Nicholson,Overall
nicholson,overall,440,1730,0.0020101883879715,0.0026699626439488,0.7528900797647444,Four-patch Nicholson,Overall
nicholson,overall,441,1733,0.0026328468405643,0.0050589412409647,0.5204343587240868,Four-patch Nicholson,Overall
nicholson,overall,442,1734,0.0022846674543503,0.0051385572000245,0.44461263452305394,Four-patch Nicholson,Overall
nicholson,overall,443,1736,0.00774142871997,0.0185674827911405,0.41693474592387036,Four-patch Nicholson,Overall
nicholson,overall,444,1737,0.0059315557719919,0.0099794512699857,0.5943769463388942,Four-patch Nicholson,Overall
nicholson,overall,445,1739,0.0036972327015584,0.0059533924491699,0.6210295614014018,Four-patch Nicholson,Overall
nicholson,overall,446,1748,0.0029958779767718,0.0039379821851643,0.7607647358228986,Four-patch Nicholson,Overall
nicholson,overall,447,1762,0.0021622416396238,0.0030724103667863,0.7037606899775813,Four-patch Nicholson,Overall
nicholson,overall,448,1764,0.0028734038697201,0.0052647761991943,0.5457789203195065,Four-patch Nicholson,Overall
nicholson,overall,449,1765,0.0103762218624481,0.0183047536455617,0.5668594105861672,Four-patch Nicholson,Overall
nicholson,overall,450,1767,0.001824400489298,0.0037948148398762,0.4807613984553508,Four-patch Nicholson,Overall
nicholson,overall,451,1771,0.0012433756770388,0.0026408204760237,0.4708293079092444,Four-patch Nicholson,Overall
nicholson,overall,452,1780,0.0047858719978596,0.0080926779815872,0.5913829771490496,Four-patch Nicholson,Overall
nicholson,overall,453,1783,0.0039484895042859,0.0054387285233315,0.7259949613861675,Four-patch Nicholson,Overall
nicholson,overall,454,1788,0.0040637775856591,0.0070187896658913,0.578985520168462,Four-patch Nicholson,Overall
nicholson,overall,455,1790,0.0053109401652281,0.0073996732174436,0.7177263115766206,Four-patch Nicholson,Overall
nicholson,overall,456,1793,0.0033471661492266,0.0054226720727429,0.6172540224313313,Four-patch Nicholson,Overall
nicholson,overall,457,1797,0.0034960384575219,0.0038903162502392,0.8986514804052094,Four-patch Nicholson,Overall
nicholson,overall,458,1803,0.0027367911832576,0.0045438134458302,0.6023115200227067,Four-patch Nicholson,Overall
nicholson,overall,459,1817,0.0039722120586281,0.0045732414308232,0.8685769423533556,Four-patch Nicholson,Overall
nicholson,overall,460,1820,0.0067968161881044,0.0084405735779193,0.8052552501745852,Four-patch Nicholson,Overall
nicholson,overall,461,1824,0.0013245115939537,0.002467410319626,0.5368023240473697,Four-patch Nicholson,Overall
nicholson,overall,462,1829,0.0020774793422397,0.0031521264117612,0.659072343827398,Four-patch Nicholson,Overall
nicholson,overall,463,1830,0.0034286156823612,0.0053034327910442,0.6464898901238145,Four-patch Nicholson,Overall
nicholson,overall,464,1835,0.0117638462506636,0.0217601723215004,0.5406136530931877,Four-patch Nicholson,Overall
nicholson,overall,465,1838,0.0046448427563885,0.0085609781361176,0.5425598199804461,Four-patch Nicholson,Overall
nicholson,overall,466,1839,0.0015017596793402,0.0038728583431088,0.3877651972508542,Four-patch Nicholson,Overall
nicholson,overall,467,1845,0.0072508433333418,0.0124621851217597,0.5818276058731792,Four-patch Nicholson,Overall
nicholson,overall,468,1849,0.0034895765139968,0.0040917292371593,0.8528366154597886,Four-patch Nicholson,Overall
nicholson,overall,469,1853,0.0020691012683261,0.003240070874091,0.6385975334279023,Four-patch Nicholson,Overall
nicholson,overall,470,1855,0.0023602661128857,0.0042568985070637,0.5544567503709998,Four-patch Nicholson,Overall
nicholson,overall,471,1857,0.0031525448039447,0.0045087635352711,0.6992038458621774,Four-patch Nicholson,Overall
nicholson,overall,472,1863,0.0020542968417095,0.0031361585422916,0.655036030228376,Four-patch Nicholson,Overall
nicholson,overall,473,1864,0.0038251074869126,0.0067328909876315,0.5681225930940251,Four-patch Nicholson,Overall
nicholson,overall,474,1865,0.0098628473421514,0.021149353003256,0.46634274536119324,Four-patch Nicholson,Overall
nicholson,overall,475,1867,0.0031858532922688,0.0044837599068988,0.710531642732918,Four-patch Nicholson,Overall
nicholson,overall,476,1878,0.0060024271076248,0.0071907885878193,0.83473836482865,Four-patch Nicholson,Overall
nicholson,overall,477,1884,0.0016024556988745,0.0045395919735694,0.35299553532660727,Four-patch Nicholson,Overall
nicholson,overall,478,1885,0.0020282245082201,0.0027188215302377,0.7459939851376627,Four-patch Nicholson,Overall
nicholson,overall,479,1889,0.0040510546904273,0.0055057453566175,0.7357867878067101,Four-patch Nicholson,Overall
nicholson,overall,480,1895,0.0014591698696794,0.0027073891755256,0.538958300812488,Four-patch Nicholson,Overall
nicholson,overall,481,1897,0.002858289987452,0.0036741617947021,0.7779434187066738,Four-patch Nicholson,Overall
nicholson,overall,482,1899,0.0020470927002969,0.0035673586483875,0.5738398916582769,Four-patch Nicholson,Overall
nicholson,overall,483,1900,0.0031966442468974,0.0048071469691997,0.664977432015061,Four-patch Nicholson,Overall
nicholson,overall,484,1907,0.0021018651663148,0.0037168159480861,0.5655015463967522,Four-patch Nicholson,Overall
nicholson,overall,485,1912,0.0039352130100751,0.0100648410960861,0.390986104252096,Four-patch Nicholson,Overall
nicholson,overall,486,1913,0.0055626185156779,0.0072942354259928,0.7626047407046485,Four-patch Nicholson,Overall
nicholson,overall,487,1916,0.0026450568296102,0.0040533468571338,0.6525611853214485,Four-patch Nicholson,Overall
nicholson,overall,488,1917,0.0072677320264095,0.0120785243566447,0.6017069479527388,Four-patch Nicholson,Overall
nicholson,overall,489,1922,0.0024898269705917,0.0040427218431938,0.6158788724936628,Four-patch Nicholson,Overall
nicholson,overall,490,1931,0.0081285845092373,0.0157224025921521,0.517006511033798,Four-patch Nicholson,Overall
nicholson,overall,491,1949,0.0027982105869019,0.0040161572898931,0.6967382960681755,Four-patch Nicholson,Overall
nicholson,overall,492,1951,0.0046361723647632,0.0068753092259761,0.6743220140916635,Four-patch Nicholson,Overall
nicholson,overall,493,1954,0.0022143136012869,0.0037111872108934,0.5966590946388406,Four-patch Nicholson,Overall
nicholson,overall,494,1955,0.0036054542212304,0.0056413416107407,0.6391129043428039,Four-patch Nicholson,Overall
nicholson,overall,495,1959,0.0042422851918366,0.0063061209075702,0.6727250006805193,Four-patch Nicholson,Overall
nicholson,overall,496,1960,0.0046239927141484,0.0107179546053584,0.4314249205568245,Four-patch Nicholson,Overall
nicholson,overall,497,1961,0.0030930334427236,0.0122684478478657,0.25211285739472616,Four-patch Nicholson,Overall
nicholson,overall,498,1966,0.0086393659891007,0.0167849364514644,0.5147094845477928,Four-patch Nicholson,Overall
nicholson,overall,499,1974,0.0025396837289888,0.0037542147366959,0.6764886686327342,Four-patch Nicholson,Overall
nicholson,overall,500,1976,0.0022386720149498,0.0044258021781516,0.505822882459867,Four-patch Nicholson,Overall
nicholson,overall,501,1980,0.002113222331791,0.0041797410826189,0.5055868988102293,Four-patch Nicholson,Overall
nicholson,overall,502,1990,0.0029496183196999,0.0046195515823216,0.638507497348377,Four-patch Nicholson,Overall
nicholson,overall,503,1991,0.0025773814681691,0.0041126091231669,0.6267022687982554,Four-patch Nicholson,Overall
nicholson,overall,504,2009,0.0019805426629728,0.0033248693842527,0.5956753285867644,Four-patch Nicholson,Overall
nicholson,overall,505,2012,0.0035234323303607,0.0050002565790583,0.7046503063697321,Four-patch Nicholson,Overall
nicholson,overall,506,2015,0.0032828579340335,0.0051302876977458,0.6398974341099734,Four-patch Nicholson,Overall
nicholson,overall,507,2021,0.0033335118874952,0.0035138085425344,0.9486891067465054,Four-patch Nicholson,Overall
nicholson,overall,508,2022,0.0040976815324819,0.0067256876813284,0.6092583727694834,Four-patch Nicholson,Overall
nicholson,overall,509,2025,0.0046621277549589,0.0084597036221708,0.5510982373827626,Four-patch Nicholson,Overall
nicholson,overall,510,2032,0.002871040492677,0.0043139982938677,0.6655172990583126,Four-patch Nicholson,Overall
nicholson,overall,511,2037,0.0023531737445759,0.0046093726096675,0.5105193144161213,Four-patch Nicholson,Overall
nicholson,tau0,0,0,0.1266468125816282,0.2059373780408197,0.6149772993444881,Four-patch Nicholson,$\tau_0$
nicholson,tau0,1,7,0.2405685711309953,0.4607844689125392,0.5220848083242521,Four-patch Nicholson,$\tau_0$
nicholson,tau0,2,9,0.0623277594886257,0.0986825544104147,0.6315985622890179,Four-patch Nicholson,$\tau_0$
nicholson,tau0,3,11,0.0610230915309875,0.1037166730152318,0.5883633726086226,Four-patch Nicholson,$\tau_0$
nicholson,tau0,4,14,0.4472430864902327,0.4836167557891207,0.9247882360082068,Four-patch Nicholson,$\tau_0$
nicholson,tau0,5,26,0.132055430280764,0.2212685199162956,0.5968107452913758,Four-patch Nicholson,$\tau_0$
nicholson,tau0,6,30,0.0620134145939347,0.0879009219353264,0.7054921976763955,Four-patch Nicholson,$\tau_0$
nicholson,tau0,7,31,0.2680215021061717,0.34668989288517,0.7730871525433979,Four-patch Nicholson,$\tau_0$
nicholson,tau0,8,35,0.1226770257808869,0.1370382105468469,0.8952030626447025,Four-patch Nicholson,$\tau_0$
nicholson,tau0,9,40,0.1697493992738272,0.3759409840869838,0.451532039493069,Four-patch Nicholson,$\tau_0$
nicholson,tau0,10,41,0.0840977761968196,0.1440375554838273,0.5838600628449446,Four-patch Nicholson,$\tau_0$
nicholson,tau0,11,44,0.0407037828093692,0.0582940341773773,0.6982495444648003,Four-patch Nicholson,$\tau_0$
nicholson,tau0,12,56,0.3401698455519996,0.4927766616002321,0.6903124114022354,Four-patch Nicholson,$\tau_0$
nicholson,tau0,13,57,0.0418821971603567,0.0579781925483887,0.722378455061388,Four-patch Nicholson,$\tau_0$
nicholson,tau0,14,59,0.2384050467058611,0.3839224889909081,0.6209718199433399,Four-patch Nicholson,$\tau_0$
nicholson,tau0,15,61,0.320887764834178,0.4437841724487427,0.7230716748268906,Four-patch Nicholson,$\tau_0$
nicholson,tau0,16,65,0.0886581877013077,0.1233631342488441,0.7186765174308014,Four-patch Nicholson,$\tau_0$
nicholson,tau0,17,71,0.3728626282299873,0.7043717808767552,0.5293548639411315,Four-patch Nicholson,$\tau_0$
nicholson,tau0,18,80,0.2737965443851995,0.365294667256291,0.749522423750861,Four-patch Nicholson,$\tau_0$
nicholson,tau0,19,83,0.07190367126513,0.1345147173984391,0.534541295226067,Four-patch Nicholson,$\tau_0$
nicholson,tau0,20,85,0.1979816217277414,0.1699426128759041,1.1649910424309646,Four-patch Nicholson,$\tau_0$
nicholson,tau0,21,86,0.3489066787754849,0.6809807019477407,0.5123591282066322,Four-patch Nicholson,$\tau_0$
nicholson,tau0,22,87,0.0728253765212814,0.0980281998643913,0.7429023140486658,Four-patch Nicholson,$\tau_0$
nicholson,tau0,23,88,0.1446394633643623,0.1537398153329066,0.940806797843236,Four-patch Nicholson,$\tau_0$
nicholson,tau0,24,90,0.0593145898085821,0.057603322433808,1.0297077894550355,Four-patch Nicholson,$\tau_0$
nicholson,tau0,25,96,0.1436803605112666,0.2025675591157356,0.709296005433801,Four-patch Nicholson,$\tau_0$
nicholson,tau0,26,102,0.2646053605232474,0.2632953226912496,1.0049755454012907,Four-patch Nicholson,$\tau_0$
nicholson,tau0,27,103,0.0470920931706063,0.0666234495935637,0.7068396106459749,Four-patch Nicholson,$\tau_0$
nicholson,tau0,28,104,0.1996422333291912,0.1979926346078885,1.008331616600636,Four-patch Nicholson,$\tau_0$
nicholson,tau0,29,107,0.2295827855324736,0.233132486934102,0.9847738878081297,Four-patch Nicholson,$\tau_0$
nicholson,tau0,30,108,0.1391037647606972,0.2465389576945153,0.5642263034674613,Four-patch Nicholson,$\tau_0$
nicholson,tau0,31,111,0.2766167374458203,0.3498428597177161,0.7906885327573041,Four-patch Nicholson,$\tau_0$
nicholson,tau0,32,112,0.2629739498286734,0.3202167651920527,0.8212372942776826,Four-patch Nicholson,$\tau_0$
nicholson,tau0,33,115,0.1927025331053891,0.2166751387666067,0.8893615308259251,Four-patch Nicholson,$\tau_0$
nicholson,tau0,34,121,0.0792560247166505,0.1501588223570233,0.5278146396767043,Four-patch Nicholson,$\tau_0$
nicholson,tau0,35,122,0.0742473765360644,0.1309874756765726,0.5668280585801359,Four-patch Nicholson,$\tau_0$
nicholson,tau0,36,123,0.0488964367577809,0.0644321556491149,0.7588825217033164,Four-patch Nicholson,$\tau_0$
nicholson,tau0,37,127,0.119453394492659,0.1379201734552133,0.8661053093255354,Four-patch Nicholson,$\tau_0$
nicholson,tau0,38,135,0.4096524028601557,0.4089135317752372,1.0018069127761822,Four-patch Nicholson,$\tau_0$
nicholson,tau0,39,136,0.2600894771812358,0.6158514925988929,0.4223249928057467,Four-patch Nicholson,$\tau_0$
nicholson,tau0,40,138,0.3588433879825772,0.4442228111333036,0.8078004528112684,Four-patch Nicholson,$\tau_0$
nicholson,tau0,41,142,0.1076288241146213,0.133636282669414,0.8053862466443392,Four-patch Nicholson,$\tau_0$
nicholson,tau0,42,153,0.3285983586872208,0.4139667863314684,0.7937795241961948,Four-patch Nicholson,$\tau_0$
nicholson,tau0,43,154,0.396644946866939,0.58198910557719,0.6815332848431327,Four-patch Nicholson,$\tau_0$
nicholson,tau0,44,158,0.1436395863026247,0.1898175722639539,0.7567243885243898,Four-patch Nicholson,$\tau_0$
nicholson,tau0,45,163,0.0545544107125805,0.0833665980691725,0.6543917105423276,Four-patch Nicholson,$\tau_0$
nicholson,tau0,46,164,0.0679201821759287,0.0946751512195311,0.7174024155338982,Four-patch Nicholson,$\tau_0$
nicholson,tau0,47,166,0.2407493090187504,0.365860474895553,0.6580358512011452,Four-patch Nicholson,$\tau_0$
nicholson,tau0,48,170,0.0558399279693466,0.0809719998037255,0.6896202156881571,Four-patch Nicholson,$\tau_0$
nicholson,tau0,49,178,0.3995617674317338,0.5709032600312471,0.6998764859213883,Four-patch Nicholson,$\tau_0$
nicholson,tau0,50,180,0.2944500135511826,0.4841032437320677,0.6082380512082444,Four-patch Nicholson,$\tau_0$
nicholson,tau0,51,183,0.0767014767543029,0.1676439006911855,0.45752619951019646,Four-patch Nicholson,$\tau_0$
nicholson,tau0,52,184,0.1686909261941724,0.252823023894751,0.6672292878847839,Four-patch Nicholson,$\tau_0$
nicholson,tau0,53,186,0.3080378083908457,0.5976778879711748,0.5153910067452621,Four-patch Nicholson,$\tau_0$
nicholson,tau0,54,188,0.1007309826003987,0.1547752201628791,0.6508211230091842,Four-patch Nicholson,$\tau_0$
nicholson,tau0,55,189,0.1528941673136869,0.1554605301320417,0.983491868861022,Four-patch Nicholson,$\tau_0$
nicholson,tau0,56,191,0.114293080284002,0.2628902352209116,0.43475589798137376,Four-patch Nicholson,$\tau_0$
nicholson,tau0,57,192,0.0755930391274647,0.0944936556091483,0.7999800477625532,Four-patch Nicholson,$\tau_0$
nicholson,tau0,58,195,0.3918994517768452,0.6411739823225993,0.6112217004770252,Four-patch Nicholson,$\tau_0$
nicholson,tau0,59,196,0.3647856628859667,0.3507710608362535,1.0399537009019553,Four-patch Nicholson,$\tau_0$
nicholson,tau0,60,203,0.103987526952322,0.1129972720767192,0.9202658174059276,Four-patch Nicholson,$\tau_0$
nicholson,tau0,61,207,0.1466868722659476,0.2555687925429777,0.5739623793905901,Four-patch Nicholson,$\tau_0$
nicholson,tau0,62,210,0.0931978873654165,0.1216509720285815,0.7661088589043084,Four-patch Nicholson,$\tau_0$
nicholson,tau0,63,211,0.2899581722501878,0.2960058252705556,0.9795691418746907,Four-patch Nicholson,$\tau_0$
nicholson,tau0,64,212,0.3249131890188885,0.6290631028971528,0.5165033325313461,Four-patch Nicholson,$\tau_0$
nicholson,tau0,65,213,0.1094162108867187,0.1920047278375713,0.5698620659970449,Four-patch Nicholson,$\tau_0$
nicholson,tau0,66,214,0.0640375251677442,0.0807627709992951,0.7929089650515226,Four-patch Nicholson,$\tau_0$
nicholson,tau0,67,215,0.0491437000622656,0.0726079116399242,0.6768367103846497,Four-patch Nicholson,$\tau_0$
nicholson,tau0,68,223,0.2477882991276851,0.2990080694331732,0.8287010434113536,Four-patch Nicholson,$\tau_0$
nicholson,tau0,69,228,0.0430705827959213,0.0457388656072026,0.9416626806139871,Four-patch Nicholson,$\tau_0$
nicholson,tau0,70,235,0.3332876638404008,0.375274124993741,0.8881178894120652,Four-patch Nicholson,$\tau_0$
nicholson,tau0,71,241,0.064707848228614,0.1155999274634949,0.5597568238011912,Four-patch Nicholson,$\tau_0$
nicholson,tau0,72,242,0.1351335162766752,0.1618610410403794,0.834873638573494,Four-patch Nicholson,$\tau_0$
nicholson,tau0,73,245,0.2791719991422316,0.2750185526661979,1.0151024228575405,Four-patch Nicholson,$\tau_0$
nicholson,tau0,74,247,0.0829738937201474,0.1368517048658772,0.6063051519998728,Four-patch Nicholson,$\tau_0$
nicholson,tau0,75,251,0.2643271108906477,0.2811657437828224,0.9401113639747624,Four-patch Nicholson,$\tau_0$
nicholson,tau0,76,259,0.0924790645026093,0.0935532458742909,0.9885179679054109,Four-patch Nicholson,$\tau_0$
nicholson,tau0,77,263,0.155789524774413,0.2483647586181427,0.627260991620543,Four-patch Nicholson,$\tau_0$
nicholson,tau0,78,264,0.4126765087602579,1.0491920043698042,0.39332792000081196,Four-patch Nicholson,$\tau_0$
nicholson,tau0,79,267,0.14001988506086,0.1591825264232929,0.8796184368158837,Four-patch Nicholson,$\tau_0$
nicholson,tau0,80,278,0.3914268542621934,0.6368886079153442,0.6145923312137846,Four-patch Nicholson,$\tau_0$
nicholson,tau0,81,279,0.0626418891258177,0.0968746601536237,0.6466282206975517,Four-patch Nicholson,$\tau_0$
nicholson,tau0,82,282,0.0497546614772995,0.0584467814096963,0.8512814611386833,Four-patch Nicholson,$\tau_0$
nicholson,tau0,83,283,0.3635155239065561,0.3546677573629266,1.0249466334617379,Four-patch Nicholson,$\tau_0$
nicholson,tau0,84,292,0.2775592648053024,0.3125976180782024,0.8879122832467186,Four-patch Nicholson,$\tau_0$
nicholson,tau0,85,298,0.2452905737433895,0.3441219343886783,0.7128013335713123,Four-patch Nicholson,$\tau_0$
nicholson,tau0,86,299,0.3540505395071469,0.3872525561507719,0.9142626275378328,Four-patch Nicholson,$\tau_0$
nicholson,tau0,87,303,0.0655998920036393,0.1145265756499989,0.5727918749977917,Four-patch Nicholson,$\tau_0$
nicholson,tau0,88,304,0.1361736678366874,0.1519172482807604,0.8963673932865276,Four-patch Nicholson,$\tau_0$
nicholson,tau0,89,311,0.3082685236602322,0.3196285532151092,0.964458652268054,Four-patch Nicholson,$\tau_0$
nicholson,tau0,90,318,0.0576279910460541,0.1161261774951474,0.4962532332424549,Four-patch Nicholson,$\tau_0$
nicholson,tau0,91,319,0.0619640935185806,0.0732456118010938,0.8459768714452224,Four-patch Nicholson,$\tau_0$
nicholson,tau0,92,326,0.573898280813806,0.7538729063641526,0.7612666219584084,Four-patch Nicholson,$\tau_0$
nicholson,tau0,93,327,0.0477723013336223,0.0774276485929975,0.6169927952318417,Four-patch Nicholson,$\tau_0$
nicholson,tau0,94,328,0.1595885524796635,0.1806694107159178,0.8833180550447383,Four-patch Nicholson,$\tau_0$
nicholson,tau0,95,331,0.1803994453132565,0.1641947316798492,1.0986920436948224,Four-patch Nicholson,$\tau_0$
nicholson,tau0,96,332,0.3431790429214741,0.4173879155122837,0.8222064658970089,Four-patch Nicholson,$\tau_0$
nicholson,tau0,97,333,0.1372941737239624,0.1914901811621703,0.7169776167671488,Four-patch Nicholson,$\tau_0$
nicholson,tau0,98,336,0.1062179815038638,0.1170288008645027,0.9076225742656648,Four-patch Nicholson,$\tau_0$
nicholson,tau0,99,338,0.1293683570044147,0.2690097537382185,0.4809058229550552,Four-patch Nicholson,$\tau_0$
nicholson,tau0,100,352,0.0565230408870137,0.1166575259928184,0.48452116917423177,Four-patch Nicholson,$\tau_0$
nicholson,tau0,101,367,0.3425402939665877,0.4628884978749112,0.7400060609394407,Four-patch Nicholson,$\tau_0$
nicholson,tau0,102,375,0.0889106575759253,0.1454240591009031,0.6113889140876906,Four-patch Nicholson,$\tau_0$
nicholson,tau0,103,385,0.1286681517630267,0.1886426241724504,0.6820735892933871,Four-patch Nicholson,$\tau_0$
nicholson,tau0,104,388,0.313864554426325,0.398599196967055,0.7874189331401652,Four-patch Nicholson,$\tau_0$
nicholson,tau0,105,389,0.2063348096414529,0.2505679431787357,0.8234685052838929,Four-patch Nicholson,$\tau_0$
nicholson,tau0,106,407,0.0608469479547728,0.0832352086925138,0.7310241532468866,Four-patch Nicholson,$\tau_0$
nicholson,tau0,107,410,0.1060835244401904,0.2141535487465624,0.49536197303801743,Four-patch Nicholson,$\tau_0$
nicholson,tau0,108,411,0.059245334109569,0.0631748265933335,0.9377997108079257,Four-patch Nicholson,$\tau_0$
nicholson,tau0,109,415,0.114837808448546,0.2219895093887633,0.5173118710192477,Four-patch Nicholson,$\tau_0$
nicholson,tau0,110,418,0.2123094866041918,0.355789075790159,0.5967285143105684,Four-patch Nicholson,$\tau_0$
nicholson,tau0,111,420,0.1405277614950841,0.2680504125792882,0.5242587024689491,Four-patch Nicholson,$\tau_0$
nicholson,tau0,112,428,0.0803991739204966,0.0913444236285825,0.8801760493602695,Four-patch Nicholson,$\tau_0$
nicholson,tau0,113,429,0.3321719525133145,0.5188993100141834,0.640147223368316,Four-patch Nicholson,$\tau_0$
nicholson,tau0,114,444,0.123544790488483,0.1569968415396732,0.7869253245917254,Four-patch Nicholson,$\tau_0$
nicholson,tau0,115,448,0.1697797977073868,0.4458669097006221,0.38078582198752015,Four-patch Nicholson,$\tau_0$
nicholson,tau0,116,453,0.2268701450506852,0.4962176230713702,0.4571988871464463,Four-patch Nicholson,$\tau_0$
nicholson,tau0,117,457,0.1923143695916274,0.3491285316034134,0.5508411721849293,Four-patch Nicholson,$\tau_0$
nicholson,tau0,118,462,0.3267029703842214,0.6492052902658335,0.5032352251018235,Four-patch Nicholson,$\tau_0$
nicholson,tau0,119,464,0.1188514523588242,0.1745176850129342,0.6810281281809099,Four-patch Nicholson,$\tau_0$
nicholson,tau0,120,467,0.1292806103062335,0.1748073082242119,0.7395606718022064,Four-patch Nicholson,$\tau_0$
nicholson,tau0,121,475,0.3742040613471051,0.4398233755044387,0.850805305465918,Four-patch Nicholson,$\tau_0$
nicholson,tau0,122,477,0.0780724313514333,0.1329371891030513,0.587288116126124,Four-patch Nicholson,$\tau_0$
nicholson,tau0,123,479,0.4801224907246214,0.7120189047315311,0.674311436865083,Four-patch Nicholson,$\tau_0$
nicholson,tau0,124,484,0.131884945744873,0.1296420652538709,1.0173005612538646,Four-patch Nicholson,$\tau_0$
nicholson,tau0,125,486,0.0925506616346592,0.1029422345551399,0.8990543292032915,Four-patch Nicholson,$\tau_0$
nicholson,tau0,126,487,0.0433190327246221,0.0468589684505062,0.9244555344912664,Four-patch Nicholson,$\tau_0$
nicholson,tau0,127,494,0.1177692956948363,0.1805398554222902,0.652317436609047,Four-patch Nicholson,$\tau_0$
nicholson,tau0,128,505,0.3440129794555024,0.5023505442271501,0.6848066224049885,Four-patch Nicholson,$\tau_0$
nicholson,tau0,129,509,0.0772184842997732,0.0931394311162851,0.8290633019152274,Four-patch Nicholson,$\tau_0$
nicholson,tau0,130,510,0.0879041475296504,0.1537511178473504,0.5717301360821634,Four-patch Nicholson,$\tau_0$
nicholson,tau0,131,511,0.1831452137726666,0.1927718618307236,0.9500619646112547,Four-patch Nicholson,$\tau_0$
nicholson,tau0,132,526,0.1226102385383504,0.2397318548684487,0.511447419474696,Four-patch Nicholson,$\tau_0$
nicholson,tau0,133,527,0.8021971506874973,0.8345215173177237,0.9612659878032603,Four-patch Nicholson,$\tau_0$
nicholson,tau0,134,530,0.0486480985581459,0.0997965526120916,0.48747273612988085,Four-patch Nicholson,$\tau_0$
nicholson,tau0,135,531,0.2222730733062282,0.3751485982048734,0.5924934129297801,Four-patch Nicholson,$\tau_0$
nicholson,tau0,136,532,0.0678080771833047,0.1124531833026365,0.6029893969370178,Four-patch Nicholson,$\tau_0$
nicholson,tau0,137,535,0.0988877339673647,0.1218235199909556,0.8117294096797261,Four-patch Nicholson,$\tau_0$
nicholson,tau0,138,551,0.0866550241378274,0.1175442884255206,0.7372116952559076,Four-patch Nicholson,$\tau_0$
nicholson,tau0,139,558,0.2894597175521839,0.3475259494106545,0.8329154068726633,Four-patch Nicholson,$\tau_0$
nicholson,tau0,140,560,0.3027046204131996,0.3789325915431966,0.7988350096264883,Four-patch Nicholson,$\tau_0$
nicholson,tau0,141,564,0.0712586325965279,0.1181889184657835,0.6029214373186582,Four-patch Nicholson,$\tau_0$
nicholson,tau0,142,567,0.1974308652964829,0.2217110094403518,0.8904874223199046,Four-patch Nicholson,$\tau_0$
nicholson,tau0,143,568,0.0837625157426696,0.1676077072533687,0.49975336525573816,Four-patch Nicholson,$\tau_0$
nicholson,tau0,144,570,0.2939029271623694,0.3379321527078359,0.8697098657447591,Four-patch Nicholson,$\tau_0$
nicholson,tau0,145,573,0.1591390490556995,0.2441618790460864,0.6517768034774235,Four-patch Nicholson,$\tau_0$
nicholson,tau0,146,580,0.4809900347299995,0.7458815705172429,0.6448611331105146,Four-patch Nicholson,$\tau_0$
nicholson,tau0,147,589,0.0811584530829635,0.1376668913816221,0.5895277525951151,Four-patch Nicholson,$\tau_0$
nicholson,tau0,148,596,0.1150881746970093,0.1400228330941171,0.8219243401513822,Four-patch Nicholson,$\tau_0$
nicholson,tau0,149,597,0.3603040157041777,0.4512019925392291,0.7985426076611388,Four-patch Nicholson,$\tau_0$
nicholson,tau0,150,599,0.141660104037978,0.1997358301861417,0.7092373156381575,Four-patch Nicholson,$\tau_0$
nicholson,tau0,151,605,0.1061571676967274,0.1363031693242262,0.7788312496550238,Four-patch Nicholson,$\tau_0$
nicholson,tau0,152,610,0.065989704493064,0.1069667599013663,0.6169178589116179,Four-patch Nicholson,$\tau_0$
nicholson,tau0,153,614,0.1260044977051729,0.1278487843390186,0.9855744687493064,Four-patch Nicholson,$\tau_0$
nicholson,tau0,154,615,0.1001201880791421,0.218031890572858,0.45919974282700504,Four-patch Nicholson,$\tau_0$
nicholson,tau0,155,616,0.3673917624898017,0.4754794815479827,0.7726763756318402,Four-patch Nicholson,$\tau_0$
nicholson,tau0,156,618,0.1014771616454687,0.2060841117757967,0.4924065264956858,Four-patch Nicholson,$\tau_0$
nicholson,tau0,157,621,0.2753222178742597,0.3580597003367267,0.768928247483146,Four-patch Nicholson,$\tau_0$
nicholson,tau0,158,624,0.0699735025121567,0.088069082084276,0.794529712995043,Four-patch Nicholson,$\tau_0$
nicholson,tau0,159,631,0.0408337639306001,0.0648379378498325,0.629781965385341,Four-patch Nicholson,$\tau_0$
nicholson,tau0,160,637,0.0461358130472215,0.0664177312259275,0.6946309697072497,Four-patch Nicholson,$\tau_0$
nicholson,tau0,161,640,0.1064031692140579,0.2219994098786723,0.4792948290817964,Four-patch Nicholson,$\tau_0$
nicholson,tau0,162,646,0.0819295991365515,0.1511578039357788,0.5420136903507825,Four-patch Nicholson,$\tau_0$
nicholson,tau0,163,654,0.0817559093304825,0.1920619910539319,0.42567459017711146,Four-patch Nicholson,$\tau_0$
nicholson,tau0,164,661,0.2129278935179052,0.2790927855300614,0.7629286909495212,Four-patch Nicholson,$\tau_0$
nicholson,tau0,165,664,0.0601247445509916,0.0991999693318842,0.6060964026091357,Four-patch Nicholson,$\tau_0$
nicholson,tau0,166,667,0.0828129060091352,0.1328010810486248,0.6235860834507323,Four-patch Nicholson,$\tau_0$
nicholson,tau0,167,674,0.0716034247232807,0.0829557938577823,0.8631515822274708,Four-patch Nicholson,$\tau_0$
nicholson,tau0,168,688,0.0404581446278338,0.0696397538133727,0.5809633494147239,Four-patch Nicholson,$\tau_0$
nicholson,tau0,169,696,0.0691729528001425,0.0764884534388478,0.9043581049190123,Four-patch Nicholson,$\tau_0$
nicholson,tau0,170,702,0.0619383599633621,0.0687986352017106,0.9002847190466079,Four-patch Nicholson,$\tau_0$
nicholson,tau0,171,707,0.2415492190530563,0.4119359075642275,0.5863757313154228,Four-patch Nicholson,$\tau_0$
nicholson,tau0,172,709,0.2654009013301033,0.5157542484188967,0.5145879110908343,Four-patch Nicholson,$\tau_0$
nicholson,tau0,173,710,0.079319177706847,0.1425115562670586,0.5565806716629166,Four-patch Nicholson,$\tau_0$
nicholson,tau0,174,718,0.2502926301704589,0.3234858862957006,0.7737358591949967,Four-patch Nicholson,$\tau_0$
nicholson,tau0,175,721,0.0682147545951966,0.0874613323910926,0.7799418637960729,Four-patch Nicholson,$\tau_0$
nicholson,tau0,176,724,0.1911118568578192,0.3252378192812621,0.587606500622081,Four-patch Nicholson,$\tau_0$
nicholson,tau0,177,733,0.2019527840162588,0.3329208581746902,0.6066089854613139,Four-patch Nicholson,$\tau_0$
nicholson,tau0,178,735,0.2404743938366435,0.4111457732672012,0.5848884008357801,Four-patch Nicholson,$\tau_0$
nicholson,tau0,179,746,0.1224643942264787,0.187158251673297,0.6543360665724334,Four-patch Nicholson,$\tau_0$
nicholson,tau0,180,748,0.0860113702571729,0.1888546719962226,0.45543681471059005,Four-patch Nicholson,$\tau_0$
nicholson,tau0,181,751,0.2069741719854925,0.2694792997584517,0.768052210952805,Four-patch Nicholson,$\tau_0$
nicholson,tau0,182,752,0.109206530706637,0.1745829206340662,0.6255281462242168,Four-patch Nicholson,$\tau_0$
nicholson,tau0,183,759,0.0485220701214579,0.0475462874998074,1.0205227931130154,Four-patch Nicholson,$\tau_0$
nicholson,tau0,184,760,0.3482392876206164,0.5791789626467948,0.6012637027235843,Four-patch Nicholson,$\tau_0$
nicholson,tau0,185,769,0.068044346698908,0.0929645307614684,0.7319387958134111,Four-patch Nicholson,$\tau_0$
nicholson,tau0,186,773,0.1752418804587049,0.324204269268505,0.5405292189831409,Four-patch Nicholson,$\tau_0$
nicholson,tau0,187,774,0.425149947267129,0.5320651239632245,0.799056220975902,Four-patch Nicholson,$\tau_0$
nicholson,tau0,188,775,0.3282221646475209,0.342399011316131,0.9585955385381623,Four-patch Nicholson,$\tau_0$
nicholson,tau0,189,776,0.0712802541703127,0.1698873713647711,0.4195735892414532,Four-patch Nicholson,$\tau_0$
nicholson,tau0,190,777,0.0648176263221344,0.0681556694970111,0.9510232501637581,Four-patch Nicholson,$\tau_0$
nicholson,tau0,191,778,0.0445820140179304,0.0610744330475128,0.7299619790698322,Four-patch Nicholson,$\tau_0$
nicholson,tau0,192,779,0.0792193963245339,0.1159521417473333,0.6832077021669658,Four-patch Nicholson,$\tau_0$
nicholson,tau0,193,780,0.2126285660239634,0.2339949034943943,0.9086888767603318,Four-patch Nicholson,$\tau_0$
nicholson,tau0,194,782,0.2095623603751574,0.2785792428674732,0.7522540380901646,Four-patch Nicholson,$\tau_0$
nicholson,tau0,195,789,0.2378915712947296,0.2415755281262739,0.9847502896501228,Four-patch Nicholson,$\tau_0$
nicholson,tau0,196,795,0.0974374324334863,0.1025365743242313,0.9502700190214959,Four-patch Nicholson,$\tau_0$
nicholson,tau0,197,799,0.1532365957446479,0.1721325228387514,0.8902245387305184,Four-patch Nicholson,$\tau_0$
nicholson,tau0,198,801,0.0728221325107091,0.090057061129533,0.8086221290961944,Four-patch Nicholson,$\tau_0$
nicholson,tau0,199,802,0.0502928332056199,0.0789066462507294,0.6373713190877758,Four-patch Nicholson,$\tau_0$
nicholson,tau0,200,805,0.4227345192575538,0.6204718292400652,0.6813113816549996,Four-patch Nicholson,$\tau_0$
nicholson,tau0,201,807,0.4855813060495283,0.7952449060398293,0.6106059936524866,Four-patch Nicholson,$\tau_0$
nicholson,tau0,202,808,0.1050378878394643,0.1957373748180767,0.5366266301317731,Four-patch Nicholson,$\tau_0$
nicholson,tau0,203,811,0.2931275422742044,0.504698221494597,0.5807976525182632,Four-patch Nicholson,$\tau_0$
nicholson,tau0,204,813,0.4999751305278877,0.7504073353558035,0.6662716460398483,Four-patch Nicholson,$\tau_0$
nicholson,tau0,205,814,0.0872403093613884,0.0955533951211356,0.9130006239002969,Four-patch Nicholson,$\tau_0$
nicholson,tau0,206,829,0.3755759328575204,0.4250262975305528,0.883653399894679,Four-patch Nicholson,$\tau_0$
nicholson,tau0,207,834,0.0860683021151841,0.0908424402006683,0.9474459506488567,Four-patch Nicholson,$\tau_0$
nicholson,tau0,208,836,0.4614568263786133,0.8156941812349732,0.5657228370563595,Four-patch Nicholson,$\tau_0$
nicholson,tau0,209,837,0.2250635643739567,0.3257818606599976,0.6908413007341879,Four-patch Nicholson,$\tau_0$
nicholson,tau0,210,838,0.1052156095668646,0.1603210838743207,0.6562805529018596,Four-patch Nicholson,$\tau_0$
nicholson,tau0,211,840,0.327044636658222,0.5639740003913114,0.5798931093123144,Four-patch Nicholson,$\tau_0$
nicholson,tau0,212,842,0.2653676289326466,0.4562033784123785,0.5816871191444166,Four-patch Nicholson,$\tau_0$
nicholson,tau0,213,843,0.1753891315066397,0.1885556366755858,0.9301717763463133,Four-patch Nicholson,$\tau_0$
nicholson,tau0,214,844,0.1390177287186452,0.2354641375997351,0.5903987339038486,Four-patch Nicholson,$\tau_0$
nicholson,tau0,215,852,0.1072288155333069,0.1604322239124821,0.6683745504382065,Four-patch Nicholson,$\tau_0$
nicholson,tau0,216,857,0.0387704784685676,0.0459435252294324,0.8438725212085032,Four-patch Nicholson,$\tau_0$
nicholson,tau0,217,858,0.1512838711744385,0.1722245579248995,0.8784105646559859,Four-patch Nicholson,$\tau_0$
nicholson,tau0,218,860,0.0860701937209406,0.0946555148436053,0.9092993035128506,Four-patch Nicholson,$\tau_0$
nicholson,tau0,219,865,0.112088285301452,0.1117543275633192,1.0029883204115169,Four-patch Nicholson,$\tau_0$
nicholson,tau0,220,866,0.0814575593899626,0.0952622275112543,0.8550877038891327,Four-patch Nicholson,$\tau_0$
nicholson,tau0,221,876,0.0519653811861137,0.0577628345682761,0.899633502658015,Four-patch Nicholson,$\tau_0$
nicholson,tau0,222,882,0.2180988363448697,0.2267690564363857,0.9617662999186655,Four-patch Nicholson,$\tau_0$
nicholson,tau0,223,883,0.0593730464930191,0.0899667752216121,0.6599441443440368,Four-patch Nicholson,$\tau_0$
nicholson,tau0,224,885,0.1900713292215212,0.2902390579197221,0.6548785355901117,Four-patch Nicholson,$\tau_0$
nicholson,tau0,225,886,0.0474555175681046,0.0701149192201303,0.6768248198235093,Four-patch Nicholson,$\tau_0$
nicholson,tau0,226,888,0.2624311807771581,0.3443483648564208,0.7621095598539612,Four-patch Nicholson,$\tau_0$
nicholson,tau0,227,889,0.2562809854626059,0.3383434497299379,0.7574580966977982,Four-patch Nicholson,$\tau_0$
nicholson,tau0,228,891,0.2115830465951491,0.2271930381063657,0.9312919460854763,Four-patch Nicholson,$\tau_0$
nicholson,tau0,229,901,0.2536839863794409,0.426266076784132,0.5951306008052585,Four-patch Nicholson,$\tau_0$
nicholson,tau0,230,904,0.0919066161531276,0.1070884019955113,0.8582312784626289,Four-patch Nicholson,$\tau_0$
nicholson,tau0,231,907,0.0486482497308212,0.0609067209331054,0.7987336862914056,Four-patch Nicholson,$\tau_0$
nicholson,tau0,232,908,0.380252729096078,0.8299050144039912,0.4581882534703832,Four-patch Nicholson,$\tau_0$
nicholson,tau0,233,913,0.226896799361341,0.36501778399882,0.6216047801168901,Four-patch Nicholson,$\tau_0$
nicholson,tau0,234,915,0.3253930946822389,0.5014182817447217,0.6489454144950794,Four-patch Nicholson,$\tau_0$
nicholson,tau0,235,925,0.339566189503019,0.5656172787400905,0.6003462098247792,Four-patch Nicholson,$\tau_0$
nicholson,tau0,236,932,0.7089597925347209,0.8775183069377107,0.8079145323005156,Four-patch Nicholson,$\tau_0$
nicholson,tau0,237,940,0.1524121507039863,0.2098389298987339,0.726329241087623,Four-patch Nicholson,$\tau_0$
nicholson,tau0,238,943,0.1614643064168775,0.2770187520009792,0.5828641752609829,Four-patch Nicholson,$\tau_0$
nicholson,tau0,239,945,0.4338278384161799,0.7584754382184847,0.5719734833275015,Four-patch Nicholson,$\tau_0$
nicholson,tau0,240,947,0.1875534188998994,0.2261496036365653,0.82933339649495,Four-patch Nicholson,$\tau_0$
nicholson,tau0,241,948,0.0615804792413387,0.0970683244773249,0.6344034428628039,Four-patch Nicholson,$\tau_0$
nicholson,tau0,242,953,0.2976896238619198,0.3323366685520876,0.8957471504991708,Four-patch Nicholson,$\tau_0$
nicholson,tau0,243,957,0.0483015689954279,0.0739486894363031,0.6531768089958273,Four-patch Nicholson,$\tau_0$
nicholson,tau0,244,961,0.3436948141621861,0.5430642372253376,0.6328805887093875,Four-patch Nicholson,$\tau_0$
nicholson,tau0,245,963,0.0898960997624549,0.1407468723155958,0.6387076194551695,Four-patch Nicholson,$\tau_0$
nicholson,tau0,246,965,0.1262014580275987,0.1891357331119338,0.6672533843877639,Four-patch Nicholson,$\tau_0$
nicholson,tau0,247,968,0.1354507313112178,0.2176177232657061,0.6224250914795006,Four-patch Nicholson,$\tau_0$
nicholson,tau0,248,973,0.1054018896476138,0.2075704013737743,0.5077886295446115,Four-patch Nicholson,$\tau_0$
nicholson,tau0,249,977,0.2560181398334779,0.3336457508645729,0.7673352325634618,Four-patch Nicholson,$\tau_0$
nicholson,tau0,250,979,0.0602674523816505,0.1151007210491749,0.5236062105632007,Four-patch Nicholson,$\tau_0$
nicholson,tau0,251,985,0.3815955986254679,0.6466506760789507,0.5901108786266517,Four-patch Nicholson,$\tau_0$
nicholson,tau0,252,986,0.3049408358382839,0.3715443441833769,0.8207387371446014,Four-patch Nicholson,$\tau_0$
nicholson,tau0,253,987,0.2806850988801924,0.4972739999582644,0.5644475659369884,Four-patch Nicholson,$\tau_0$
nicholson,tau0,254,990,0.1233988278754514,0.173427567345092,0.7115294861393533,Four-patch Nicholson,$\tau_0$
nicholson,tau0,255,1002,0.0612537983164226,0.0739333221911533,0.8285005529448817,Four-patch Nicholson,$\tau_0$
nicholson,tau0,256,1007,0.0312040901023555,0.0387197446416925,0.8058960716583776,Four-patch Nicholson,$\tau_0$
nicholson,tau0,257,1011,0.3889546300058519,0.547277553927965,0.7107081721408363,Four-patch Nicholson,$\tau_0$
nicholson,tau0,258,1013,0.0718137218349811,0.096734336718069,0.7423808780979321,Four-patch Nicholson,$\tau_0$
nicholson,tau0,259,1014,0.1894638457450205,0.2839306962769142,0.667289054087476,Four-patch Nicholson,$\tau_0$
nicholson,tau0,260,1017,0.1423261099096281,0.2916665851115871,0.48797537042227973,Four-patch Nicholson,$\tau_0$
nicholson,tau0,261,1018,0.1404686580897958,0.1450902825147018,0.9681465612665157,Four-patch Nicholson,$\tau_0$
nicholson,tau0,262,1019,0.2495280324543318,0.3583396878223717,0.6963449512687592,Four-patch Nicholson,$\tau_0$
nicholson,tau0,263,1026,0.1115296875635372,0.1428819198133997,0.7805724314818295,Four-patch Nicholson,$\tau_0$
nicholson,tau0,264,1027,0.4326777743426721,0.5239324535918184,0.825827396979229,Four-patch Nicholson,$\tau_0$
nicholson,tau0,265,1032,0.0880130878546287,0.0965302904715766,0.9117665286684723,Four-patch Nicholson,$\tau_0$
nicholson,tau0,266,1034,0.2205683740150585,0.2186472035814989,1.0087866224771702,Four-patch Nicholson,$\tau_0$
nicholson,tau0,267,1035,0.0906229725770598,0.1318181445825232,0.6874848137490386,Four-patch Nicholson,$\tau_0$
nicholson,tau0,268,1037,0.0944650797548649,0.1124532382857509,0.8400387680684043,Four-patch Nicholson,$\tau_0$
nicholson,tau0,269,1038,0.0446320794136581,0.0763651074351481,0.5844564476198925,Four-patch Nicholson,$\tau_0$
nicholson,tau0,270,1040,0.3759486143274534,0.5321121416742878,0.7065213981859787,Four-patch Nicholson,$\tau_0$
nicholson,tau0,271,1043,0.4563369896712851,0.8357127441992753,0.5460452683517673,Four-patch Nicholson,$\tau_0$
nicholson,tau0,272,1045,0.2470817733011935,0.3286647369224509,0.7517745153155658,Four-patch Nicholson,$\tau_0$
nicholson,tau0,273,1054,0.0546560325195436,0.0752153334591981,0.726660775215372,Four-patch Nicholson,$\tau_0$
nicholson,tau0,274,1055,0.2268512658311913,0.2272962747514651,0.9980421636000837,Four-patch Nicholson,$\tau_0$
nicholson,tau0,275,1057,0.3550329404378524,0.3483343740024383,1.01923027681261,Four-patch Nicholson,$\tau_0$
nicholson,tau0,276,1059,0.1770421325886463,0.3556166089391863,0.4978455115377418,Four-patch Nicholson,$\tau_0$
nicholson,tau0,277,1070,0.2274836432507957,0.2885509163223089,0.7883656934802398,Four-patch Nicholson,$\tau_0$
nicholson,tau0,278,1076,0.5067561609146252,0.7617398550137515,0.6652614505846971,Four-patch Nicholson,$\tau_0$
nicholson,tau0,279,1078,0.2740938196936855,0.6013384037631092,0.4558062780930616,Four-patch Nicholson,$\tau_0$
nicholson,tau0,280,1079,0.0949234009617104,0.097971608967702,0.9688868230489457,Four-patch Nicholson,$\tau_0$
nicholson,tau0,281,1080,0.1062898869650108,0.1203662904157188,0.8830536074336828,Four-patch Nicholson,$\tau_0$
nicholson,tau0,282,1082,0.0765729887772131,0.0770949535987656,0.9932295851130668,Four-patch Nicholson,$\tau_0$
nicholson,tau0,283,1086,0.3636532300765612,0.5524075013291803,0.6583061041016889,Four-patch Nicholson,$\tau_0$
nicholson,tau0,284,1091,0.0620319451127944,0.1094987565298844,0.5665082150578088,Four-patch Nicholson,$\tau_0$
nicholson,tau0,285,1095,0.5222435040356664,0.6181101086945554,0.8449036776613174,Four-patch Nicholson,$\tau_0$
nicholson,tau0,286,1096,0.1947461061327958,0.437211269237251,0.44542791971612605,Four-patch Nicholson,$\tau_0$
nicholson,tau0,287,1101,0.0974835747105593,0.1151667301737599,0.846456043021098,Four-patch Nicholson,$\tau_0$
nicholson,tau0,288,1103,0.4153751278518011,0.7334674512037853,0.5663170562921053,Four-patch Nicholson,$\tau_0$
nicholson,tau0,289,1105,0.1473857682354865,0.2549764964833031,0.5780366828639749,Four-patch Nicholson,$\tau_0$
nicholson,tau0,290,1107,0.6326834488729908,1.1190886737271468,0.5653559576881662,Four-patch Nicholson,$\tau_0$
nicholson,tau0,291,1119,0.1326210986566498,0.3064767549580841,0.4327280829986209,Four-patch Nicholson,$\tau_0$
nicholson,tau0,292,1121,0.2836647980622638,0.4423429813775025,0.6412779449532618,Four-patch Nicholson,$\tau_0$
nicholson,tau0,293,1123,0.089973806657882,0.1850652714626292,0.4861733697888893,Four-patch Nicholson,$\tau_0$
nicholson,tau0,294,1125,0.359832664091651,0.5725669886369817,0.6284551349148626,Four-patch Nicholson,$\tau_0$
nicholson,tau0,295,1127,0.0461804651825486,0.0585301027929676,0.7890036575862154,Four-patch Nicholson,$\tau_0$
nicholson,tau0,296,1141,0.0855912576329203,0.1107764754162596,0.7726483200634252,Four-patch Nicholson,$\tau_0$
nicholson,tau0,297,1151,0.0436158701963808,0.0563020529076705,0.7746763740197233,Four-patch Nicholson,$\tau_0$
nicholson,tau0,298,1154,0.0635384905896256,0.0806880336868966,0.7874586563378354,Four-patch Nicholson,$\tau_0$
nicholson,tau0,299,1155,0.1045290616127524,0.1455851013733323,0.7179928483526791,Four-patch Nicholson,$\tau_0$
nicholson,tau0,300,1156,0.0505394946141845,0.0631889272166451,0.7998156772136414,Four-patch Nicholson,$\tau_0$
nicholson,tau0,301,1158,0.2479379349876261,0.2593049747631422,0.9561634334786707,Four-patch Nicholson,$\tau_0$
nicholson,tau0,302,1159,0.1193712283598094,0.1292612192568586,0.9234883366108707,Four-patch Nicholson,$\tau_0$
nicholson,tau0,303,1161,0.1739598677506152,0.2554723656991829,0.6809341874394815,Four-patch Nicholson,$\tau_0$
nicholson,tau0,304,1162,0.0700129023694947,0.0952013065235792,0.7354195538498633,Four-patch Nicholson,$\tau_0$
nicholson,tau0,305,1164,0.0463635643049899,0.0573604894254823,0.8082839733301327,Four-patch Nicholson,$\tau_0$
nicholson,tau0,306,1165,0.0457905073999707,0.0571333675268466,0.8014669777421055,Four-patch Nicholson,$\tau_0$
nicholson,tau0,307,1167,0.2169050370344223,0.2582595136785281,0.8398723979029004,Four-patch Nicholson,$\tau_0$
nicholson,tau0,308,1174,0.0476991291712554,0.0485000207186401,0.9834867792731294,Four-patch Nicholson,$\tau_0$
nicholson,tau0,309,1175,0.0625941058699606,0.1198572708753334,0.5222387045260385,Four-patch Nicholson,$\tau_0$
nicholson,tau0,310,1180,0.190956306632624,0.328198889516429,0.581831056509608,Four-patch Nicholson,$\tau_0$
nicholson,tau0,311,1185,0.0408965885084125,0.0546556670073165,0.7482588859987357,Four-patch Nicholson,$\tau_0$
nicholson,tau0,312,1186,0.074607075563279,0.0950824366494662,0.7846567483154404,Four-patch Nicholson,$\tau_0$
nicholson,tau0,313,1192,0.0655700548029666,0.0800810776804339,0.8187958591744481,Four-patch Nicholson,$\tau_0$
nicholson,tau0,314,1196,0.0763844666095213,0.1545095632863752,0.4943672416441097,Four-patch Nicholson,$\tau_0$
nicholson,tau0,315,1198,0.0433752840830483,0.0827044395997235,0.5244613746611169,Four-patch Nicholson,$\tau_0$
nicholson,tau0,316,1200,0.0831161881961621,0.103440637909431,0.8035158123148439,Four-patch Nicholson,$\tau_0$
nicholson,tau0,317,1206,0.1605041046334693,0.187830632085247,0.854515064191577,Four-patch Nicholson,$\tau_0$
nicholson,tau0,318,1207,0.0810696361350216,0.0898461344653366,0.9023163502520963,Four-patch Nicholson,$\tau_0$
nicholson,tau0,319,1208,0.2889116445516096,0.62803236262598,0.460026682930142,Four-patch Nicholson,$\tau_0$
nicholson,tau0,320,1209,0.9889385623817616,1.3553990184886495,0.7296290973299412,Four-patch Nicholson,$\tau_0$
nicholson,tau0,321,1214,0.3560685117811377,0.5454489265819541,0.6527989962551299,Four-patch Nicholson,$\tau_0$
nicholson,tau0,322,1229,0.0508662225840413,0.0665201549946124,0.7646738434112346,Four-patch Nicholson,$\tau_0$
nicholson,tau0,323,1233,0.3686942457464373,0.6468662261050286,0.5699698498195732,Four-patch Nicholson,$\tau_0$
nicholson,tau0,324,1238,0.3626183117227885,0.5950690375206347,0.6093718356338013,Four-patch Nicholson,$\tau_0$
nicholson,tau0,325,1239,0.0803713749790681,0.1517423465720065,0.5296568610854411,Four-patch Nicholson,$\tau_0$
nicholson,tau0,326,1243,0.1969714997667823,0.2579841539921454,0.7635023187229526,Four-patch Nicholson,$\tau_0$
nicholson,tau0,327,1244,0.4889837456381889,0.9255463413005226,0.528319030412997,Four-patch Nicholson,$\tau_0$
nicholson,tau0,328,1245,0.2443756766780088,0.3747702711050616,0.6520679347308781,Four-patch Nicholson,$\tau_0$
nicholson,tau0,329,1247,0.132866547535503,0.1334305956624011,0.995772722709526,Four-patch Nicholson,$\tau_0$
nicholson,tau0,330,1249,0.099635859722123,0.1358938211681745,0.7331890358636637,Four-patch Nicholson,$\tau_0$
nicholson,tau0,331,1254,0.1925451320870995,0.2178725782611116,0.8837511063753137,Four-patch Nicholson,$\tau_0$
nicholson,tau0,332,1256,0.0896566235822143,0.1195814290394076,0.7497537393759385,Four-patch Nicholson,$\tau_0$
nicholson,tau0,333,1260,0.1922498618730887,0.3821055211374065,0.5031329076345772,Four-patch Nicholson,$\tau_0$
nicholson,tau0,334,1261,0.0738897120099686,0.0909653094507218,0.8122845121523664,Four-patch Nicholson,$\tau_0$
nicholson,tau0,335,1268,0.3708744866673163,0.7199775151119836,0.5151195403784677,Four-patch Nicholson,$\tau_0$
nicholson,tau0,336,1271,0.2699649677141049,0.3503547719385063,0.7705474260287476,Four-patch Nicholson,$\tau_0$
nicholson,tau0,337,1272,0.1240288143605794,0.2469362828465184,0.5022705166322954,Four-patch Nicholson,$\tau_0$
nicholson,tau0,338,1277,0.0730477413255748,0.1239156964414682,0.5894954668642728,Four-patch Nicholson,$\tau_0$
nicholson,tau0,339,1279,0.3067072560263931,0.3840972939392671,0.7985144932442279,Four-patch Nicholson,$\tau_0$
nicholson,tau0,340,1282,0.0654559562416354,0.0803341315879707,0.8147963380914524,Four-patch Nicholson,$\tau_0$
nicholson,tau0,341,1286,0.2577229212305438,0.3498935545953965,0.7365752179361084,Four-patch Nicholson,$\tau_0$
nicholson,tau0,342,1288,0.329044234627857,0.6524498824851808,0.5043210880420852,Four-patch Nicholson,$\tau_0$
nicholson,tau0,343,1291,0.348912413742304,0.5273530783608497,0.6616296141226944,Four-patch Nicholson,$\tau_0$
nicholson,tau0,344,1292,0.0702035317412867,0.082437217151034,0.851599971074547,Four-patch Nicholson,$\tau_0$
nicholson,tau0,345,1300,0.0815352348832305,0.1372351085021453,0.5941281044854198,Four-patch Nicholson,$\tau_0$
nicholson,tau0,346,1302,0.6669892959016298,0.8922908227009076,0.7475021359994442,Four-patch Nicholson,$\tau_0$
nicholson,tau0,347,1308,0.3242627970454468,0.7175851925737876,0.4518805577389386,Four-patch Nicholson,$\tau_0$
nicholson,tau0,348,1311,0.1293869295537477,0.2634377636600204,0.49114799547390625,Four-patch Nicholson,$\tau_0$
nicholson,tau0,349,1319,0.0613796306543482,0.1140578238993692,0.5381448510581979,Four-patch Nicholson,$\tau_0$
nicholson,tau0,350,1321,0.3613454189985031,0.5491725548889937,0.657981568418952,Four-patch Nicholson,$\tau_0$
nicholson,tau0,351,1325,0.0953890408468872,0.1069478272851748,0.8919212598170295,Four-patch Nicholson,$\tau_0$
nicholson,tau0,352,1333,0.1408396157345608,0.1564212923249146,0.9003864732303328,Four-patch Nicholson,$\tau_0$
nicholson,tau0,353,1335,0.0867662313265149,0.1428968664996474,0.6071947793671809,Four-patch Nicholson,$\tau_0$
nicholson,tau0,354,1336,0.4574154946842247,0.5848485910927016,0.7821092529771042,Four-patch Nicholson,$\tau_0$
nicholson,tau0,355,1341,0.0766802319073208,0.1237472608785594,0.6196519532062347,Four-patch Nicholson,$\tau_0$
nicholson,tau0,356,1343,0.2121572159151705,0.2991777538884431,0.7091343295340046,Four-patch Nicholson,$\tau_0$
nicholson,tau0,357,1359,0.2527965030543242,0.3454967398838303,0.7316899810380973,Four-patch Nicholson,$\tau_0$
nicholson,tau0,358,1360,0.3448305576691356,0.3478235922940419,0.9913949637367437,Four-patch Nicholson,$\tau_0$
nicholson,tau0,359,1365,0.3247108451639474,0.6475072810921051,0.501478291666899,Four-patch Nicholson,$\tau_0$
nicholson,tau0,360,1371,0.113292350717655,0.1345116211157038,0.8422495378314081,Four-patch Nicholson,$\tau_0$
nicholson,tau0,361,1374,0.1976554912481364,0.4285605937768394,0.46120780612661694,Four-patch Nicholson,$\tau_0$
nicholson,tau0,362,1377,0.1796847785637847,0.301146956313587,0.5966680877779729,Four-patch Nicholson,$\tau_0$
nicholson,tau0,363,1378,0.1209970476601531,0.2239701929037361,0.5402372793068873,Four-patch Nicholson,$\tau_0$
nicholson,tau0,364,1383,0.0541451313904396,0.0538534916802889,1.0054154280632737,Four-patch Nicholson,$\tau_0$
nicholson,tau0,365,1385,0.3263128330332816,0.3064929042446553,1.0646668438783993,Four-patch Nicholson,$\tau_0$
nicholson,tau0,366,1390,0.1186411561508107,0.1647796537555144,0.7199988193132147,Four-patch Nicholson,$\tau_0$
nicholson,tau0,367,1393,0.3536711380032774,0.511506915021341,0.691429827470703,Four-patch Nicholson,$\tau_0$
nicholson,tau0,368,1394,0.3298583684614591,0.4359557027059907,0.7566327643244896,Four-patch Nicholson,$\tau_0$
nicholson,tau0,369,1395,0.067922041689109,0.1784205777090034,0.3806850227774009,Four-patch Nicholson,$\tau_0$
nicholson,tau0,370,1402,0.3153755819184152,0.4655579422449061,0.6774142449330449,Four-patch Nicholson,$\tau_0$
nicholson,tau0,371,1403,0.1064750229605406,0.1126734202362461,0.944987937148716,Four-patch Nicholson,$\tau_0$
nicholson,tau0,372,1404,0.1273836106392999,0.1681325432951413,0.7576380404576979,Four-patch Nicholson,$\tau_0$
nicholson,tau0,373,1407,0.0920794949511529,0.0999700170524415,0.9210711137805503,Four-patch Nicholson,$\tau_0$
nicholson,tau0,374,1414,0.0927873541421358,0.0940059527809173,0.9870370056072783,Four-patch Nicholson,$\tau_0$
nicholson,tau0,375,1416,0.3169910338708892,0.4665294377682751,0.679466306322,Four-patch Nicholson,$\tau_0$
nicholson,tau0,376,1421,0.2525076137859752,0.3916925743381717,0.6446576481890878,Four-patch Nicholson,$\tau_0$
nicholson,tau0,377,1423,0.3951368555278672,0.5298104878429001,0.7458079154617142,Four-patch Nicholson,$\tau_0$
nicholson,tau0,378,1428,0.1481622955793802,0.2808576762606876,0.5275351471677717,Four-patch Nicholson,$\tau_0$
nicholson,tau0,379,1431,0.0634842466750613,0.093173854237835,0.6813525875296713,Four-patch Nicholson,$\tau_0$
nicholson,tau0,380,1432,0.339774225638547,0.4662626062943576,0.7287185827294139,Four-patch Nicholson,$\tau_0$
nicholson,tau0,381,1435,0.0940503060879051,0.123347241126421,0.7624840671670241,Four-patch Nicholson,$\tau_0$
nicholson,tau0,382,1440,0.0495181459466879,0.0608094867048222,0.8143161310842163,Four-patch Nicholson,$\tau_0$
nicholson,tau0,383,1443,0.0371079743608778,0.0429272047847815,0.8644395680296723,Four-patch Nicholson,$\tau_0$
nicholson,tau0,384,1461,0.2483236427198134,0.5082917946758091,0.48854544834467645,Four-patch Nicholson,$\tau_0$
nicholson,tau0,385,1474,0.0676573932018263,0.0624902160250683,1.0826877790706493,Four-patch Nicholson,$\tau_0$
nicholson,tau0,386,1475,0.1462931636057731,0.2258410717932906,0.6477704097139307,Four-patch Nicholson,$\tau_0$
nicholson,tau0,387,1479,0.053848543261615,0.0780673253759348,0.6897705666526455,Four-patch Nicholson,$\tau_0$
nicholson,tau0,388,1483,0.2485742019045301,0.4296902854120039,0.5784962107444143,Four-patch Nicholson,$\tau_0$
nicholson,tau0,389,1487,0.0344881786351786,0.0572811078373706,0.6020864459028193,Four-patch Nicholson,$\tau_0$
nicholson,tau0,390,1488,0.0574549441885111,0.0589199496592604,0.9751356632308485,Four-patch Nicholson,$\tau_0$
nicholson,tau0,391,1493,0.4844974559475905,0.6844646143059627,0.7078488001003003,Four-patch Nicholson,$\tau_0$
nicholson,tau0,392,1494,0.1948355785380456,0.3083897685067827,0.6317835364040633,Four-patch Nicholson,$\tau_0$
nicholson,tau0,393,1498,0.0663937105509994,0.1201955756436583,0.5523806529105169,Four-patch Nicholson,$\tau_0$
nicholson,tau0,394,1503,0.1928286194791567,0.2490412046794526,0.7742839974105948,Four-patch Nicholson,$\tau_0$
nicholson,tau0,395,1514,0.0623258016951904,0.0849217250175012,0.7339205801854108,Four-patch Nicholson,$\tau_0$
nicholson,tau0,396,1518,0.0883881338414926,0.169562027006487,0.5212731612256033,Four-patch Nicholson,$\tau_0$
nicholson,tau0,397,1523,0.1720701458000283,0.3823508378360747,0.4500320877387483,Four-patch Nicholson,$\tau_0$
nicholson,tau0,398,1539,0.3508474202511205,0.5342111596119448,0.6567579391377351,Four-patch Nicholson,$\tau_0$
nicholson,tau0,399,1558,0.3542498720522557,0.5737633898106521,0.6174145620708945,Four-patch Nicholson,$\tau_0$
nicholson,tau0,400,1559,0.1261669300109185,0.1700463173425263,0.7419562621681419,Four-patch Nicholson,$\tau_0$
nicholson,tau0,401,1562,0.2652059485546774,0.5512839612641953,0.48106958879505846,Four-patch Nicholson,$\tau_0$
nicholson,tau0,402,1567,0.0862208723700063,0.1419136079637449,0.6075588775956807,Four-patch Nicholson,$\tau_0$
nicholson,tau0,403,1571,0.1135274956986799,0.1799697397623918,0.6308143571723033,Four-patch Nicholson,$\tau_0$
nicholson,tau0,404,1573,0.0580780932050935,0.0758049264087773,0.7661519634213213,Four-patch Nicholson,$\tau_0$
nicholson,tau0,405,1574,0.1341085845477695,0.2027638215011195,0.6614029246190207,Four-patch Nicholson,$\tau_0$
nicholson,tau0,406,1576,0.0597684923316155,0.0781917062334766,0.7643840403373436,Four-patch Nicholson,$\tau_0$
nicholson,tau0,407,1579,0.0503948045224023,0.0864634041217767,0.5828454828290742,Four-patch Nicholson,$\tau_0$
nicholson,tau0,408,1584,0.0627257820603767,0.1312081745427968,0.4780630648886677,Four-patch Nicholson,$\tau_0$
nicholson,tau0,409,1586,0.0348982470621276,0.0459400530066394,0.7596475140567208,Four-patch Nicholson,$\tau_0$
nicholson,tau0,410,1589,0.0609236682428814,0.0627967705595821,0.9701719961072921,Four-patch Nicholson,$\tau_0$
nicholson,tau0,411,1591,0.1936683667878066,0.2331291459010515,0.8307342526361183,Four-patch Nicholson,$\tau_0$
nicholson,tau0,412,1594,0.0801145507936871,0.1049611979430656,0.7632777861123865,Four-patch Nicholson,$\tau_0$
nicholson,tau0,413,1597,0.2772861182400772,0.5571706125077851,0.49766824023979334,Four-patch Nicholson,$\tau_0$
nicholson,tau0,414,1613,0.3521159186339612,0.3364775754781413,1.04647662814854,Four-patch Nicholson,$\tau_0$
nicholson,tau0,415,1615,0.1041411572972503,0.1417018839901875,0.7349313528143481,Four-patch Nicholson,$\tau_0$
nicholson,tau0,416,1616,0.3495220270369378,0.3234472299565473,1.0806153049568348,Four-patch Nicholson,$\tau_0$
nicholson,tau0,417,1618,0.0586904498638157,0.0770383299905803,0.7618343994605277,Four-patch Nicholson,$\tau_0$
nicholson,tau0,418,1619,0.1228471594798012,0.1795213710579753,0.684303817176889,Four-patch Nicholson,$\tau_0$
nicholson,tau0,419,1622,0.4705953622734161,0.7114488612623224,0.6614605601285798,Four-patch Nicholson,$\tau_0$
nicholson,tau0,420,1625,0.2390436450101643,0.2772071516743626,0.8623285639144359,Four-patch Nicholson,$\tau_0$
nicholson,tau0,421,1627,0.117378188636981,0.2130853259296256,0.5508506422246401,Four-patch Nicholson,$\tau_0$
nicholson,tau0,422,1631,0.1978663323050383,0.2803363709764183,0.7058175563016141,Four-patch Nicholson,$\tau_0$
nicholson,tau0,423,1634,0.0745820157289416,0.1111540579217245,0.6709787939677632,Four-patch Nicholson,$\tau_0$
nicholson,tau0,424,1638,0.3506844590753131,0.3114462063129993,1.125987255477692,Four-patch Nicholson,$\tau_0$
nicholson,tau0,425,1648,0.1770127129088264,0.1986552763953055,0.8910546758223908,Four-patch Nicholson,$\tau_0$
nicholson,tau0,426,1668,0.0496493574602179,0.0612436688249218,0.8106855518755949,Four-patch Nicholson,$\tau_0$
nicholson,tau0,427,1676,0.5321464388522397,0.822061448467882,0.6473317047576288,Four-patch Nicholson,$\tau_0$
nicholson,tau0,428,1689,0.0655218938283393,0.0850884989213924,0.7700440677519839,Four-patch Nicholson,$\tau_0$
nicholson,tau0,429,1698,0.1038256245671799,0.2203900068475534,0.47109951150823925,Four-patch Nicholson,$\tau_0$
nicholson,tau0,430,1709,0.0729196331373702,0.0796687951752222,0.9152847482755575,Four-patch Nicholson,$\tau_0$
nicholson,tau0,431,1711,0.0587222075385911,0.1000956975165884,0.5866606557075976,Four-patch Nicholson,$\tau_0$
nicholson,tau0,432,1712,0.1291209574830902,0.1673006598921352,0.771789887537438,Four-patch Nicholson,$\tau_0$
nicholson,tau0,433,1713,0.0533954599279641,0.0560297744008292,0.9529836680401462,Four-patch Nicholson,$\tau_0$
nicholson,tau0,434,1714,0.088656992842794,0.1670503215184041,0.53072027660256,Four-patch Nicholson,$\tau_0$
nicholson,tau0,435,1715,0.1883132703197192,0.229797638426236,0.8194743497338721,Four-patch Nicholson,$\tau_0$
nicholson,tau0,436,1717,0.0699961920675063,0.0985644943461973,0.710156253849912,Four-patch Nicholson,$\tau_0$
nicholson,tau0,437,1718,0.1390733771387011,0.2001920199079475,0.69469990463481,Four-patch Nicholson,$\tau_0$
nicholson,tau0,438,1723,0.3087936506152152,0.4258820458747052,0.7250684869351419,Four-patch Nicholson,$\tau_0$
nicholson,tau0,439,1729,0.2837141524435576,0.3951884973934984,0.7179210789656583,Four-patch Nicholson,$\tau_0$
nicholson,tau0,440,1730,0.091909063000173,0.1174228711286965,0.7827185804325961,Four-patch Nicholson,$\tau_0$
nicholson,tau0,441,1733,0.3914458243028243,0.6710653753178675,0.5833199546577796,Four-patch Nicholson,$\tau_0$
nicholson,tau0,442,1734,0.3138288910324506,0.5011787441711305,0.6261815663221579,Four-patch Nicholson,$\tau_0$
nicholson,tau0,443,1736,0.0791471484231154,0.2101975951004919,0.37653688847047223,Four-patch Nicholson,$\tau_0$
nicholson,tau0,444,1737,0.1975579019520656,0.3412280167236831,0.5789615514251354,Four-patch Nicholson,$\tau_0$
nicholson,tau0,445,1739,0.4603105628793448,0.701449159757604,0.656227976719527,Four-patch Nicholson,$\tau_0$
nicholson,tau0,446,1748,0.0964378291545357,0.1183156911981584,0.815089090702424,Four-patch Nicholson,$\tau_0$
nicholson,tau0,447,1762,0.2216750199540451,0.2545338098233569,0.8709059912625543,Four-patch Nicholson,$\tau_0$
nicholson,tau0,448,1764,0.4883145757165607,0.7195821176750259,0.6786085475474404,Four-patch Nicholson,$\tau_0$
nicholson,tau0,449,1765,0.1147877846979781,0.2316250965350832,0.4955757662494561,Four-patch Nicholson,$\tau_0$
nicholson,tau0,450,1767,0.0535173952680586,0.0758246274379998,0.70580492217807,Four-patch Nicholson,$\tau_0$
nicholson,tau0,451,1771,0.1395676158636106,0.1561085350823359,0.8940421853936354,Four-patch Nicholson,$\tau_0$
nicholson,tau0,452,1780,0.2396918049037384,0.4228743593709942,0.566815650067478,Four-patch Nicholson,$\tau_0$
nicholson,tau0,453,1783,0.0603487808807625,0.0663421813784757,0.9096592790110197,Four-patch Nicholson,$\tau_0$
nicholson,tau0,454,1788,0.1478473428160189,0.268759978623952,0.5501092222621672,Four-patch Nicholson,$\tau_0$
nicholson,tau0,455,1790,0.0827003533689961,0.1101598821498733,0.7507302273297796,Four-patch Nicholson,$\tau_0$
nicholson,tau0,456,1793,0.1434842073501909,0.2452866664037916,0.5849653772618313,Four-patch Nicholson,$\tau_0$
nicholson,tau0,457,1797,0.0620233218019441,0.0746659934007761,0.8306769785949089,Four-patch Nicholson,$\tau_0$
nicholson,tau0,458,1803,0.1922300082561601,0.3033302153147007,0.6337318161882562,Four-patch Nicholson,$\tau_0$
nicholson,tau0,459,1817,0.0845507856498814,0.0902724898949933,0.9366174096696847,Four-patch Nicholson,$\tau_0$
nicholson,tau0,460,1820,0.3305082459433814,0.3961052851002426,0.8343949408797701,Four-patch Nicholson,$\tau_0$
nicholson,tau0,461,1824,0.1363994444295764,0.1372908641990768,0.9935070714668399,Four-patch Nicholson,$\tau_0$
nicholson,tau0,462,1829,0.3165701425234578,0.3805513131446063,0.8318724219016524,Four-patch Nicholson,$\tau_0$
nicholson,tau0,463,1830,0.044232023517567,0.0462966535552198,0.9554043353222013,Four-patch Nicholson,$\tau_0$
nicholson,tau0,464,1835,0.0928447448820617,0.1486685734517789,0.6245082112944077,Four-patch Nicholson,$\tau_0$
nicholson,tau0,465,1838,0.4028028031245398,0.7010047907861645,0.5746077750378904,Four-patch Nicholson,$\tau_0$
nicholson,tau0,466,1839,0.2084368507498923,0.327574400093828,0.6363038463634191,Four-patch Nicholson,$\tau_0$
nicholson,tau0,467,1845,0.0789368014933356,0.1362028074493734,0.5795534098860363,Four-patch Nicholson,$\tau_0$
nicholson,tau0,468,1849,0.0657502297040312,0.0750004957990383,0.8766639340652771,Four-patch Nicholson,$\tau_0$
nicholson,tau0,469,1853,0.0353551137303394,0.0618157074925705,0.571943849944428,Four-patch Nicholson,$\tau_0$
nicholson,tau0,470,1855,0.133564511954187,0.243349743314674,0.5488582405508257,Four-patch Nicholson,$\tau_0$
nicholson,tau0,471,1857,0.1137853713247837,0.1350809417950738,0.8423495558492863,Four-patch Nicholson,$\tau_0$
nicholson,tau0,472,1863,0.3306369979551969,0.4288917164271496,0.7709101978222934,Four-patch Nicholson,$\tau_0$
nicholson,tau0,473,1864,0.7021399275918221,0.95896213327256,0.7321873338165034,Four-patch Nicholson,$\tau_0$
nicholson,tau0,474,1865,0.0657268716024611,0.1074213361186684,0.6118604923127431,Four-patch Nicholson,$\tau_0$
nicholson,tau0,475,1867,0.0722382707431622,0.0996315453869215,0.7250542030902276,Four-patch Nicholson,$\tau_0$
nicholson,tau0,476,1878,0.0660280845625055,0.0730864891005632,0.9034239484626809,Four-patch Nicholson,$\tau_0$
nicholson,tau0,477,1884,0.3700527694237882,0.600033757004519,0.6167199180112148,Four-patch Nicholson,$\tau_0$
nicholson,tau0,478,1885,0.3408762620118133,0.3393140354725594,1.0046040728526842,Four-patch Nicholson,$\tau_0$
nicholson,tau0,479,1889,0.399420079820371,0.4815168468655436,0.8295038531266655,Four-patch Nicholson,$\tau_0$
nicholson,tau0,480,1895,0.1585140534415233,0.1867986247447362,0.8485825506378095,Four-patch Nicholson,$\tau_0$
nicholson,tau0,481,1897,0.2048925157405755,0.2286284282944447,0.8961812722462478,Four-patch Nicholson,$\tau_0$
nicholson,tau0,482,1899,0.2746750914658781,0.5267670871340296,0.5214355607528499,Four-patch Nicholson,$\tau_0$
nicholson,tau0,483,1900,0.211054003148352,0.3127354496875624,0.6748643409604027,Four-patch Nicholson,$\tau_0$
nicholson,tau0,484,1907,0.4095990616080121,0.4285806065150895,0.9557106770149455,Four-patch Nicholson,$\tau_0$
nicholson,tau0,485,1912,0.5616464128025878,0.8380544840037142,0.6701788768188234,Four-patch Nicholson,$\tau_0$
nicholson,tau0,486,1913,0.0624132312583634,0.078262670838596,0.7974840443035801,Four-patch Nicholson,$\tau_0$
nicholson,tau0,487,1916,0.1561573135633201,0.2518714328030741,0.6199881893132828,Four-patch Nicholson,$\tau_0$
nicholson,tau0,488,1917,0.1805681879574397,0.3020549272976897,0.5977991803440473,Four-patch Nicholson,$\tau_0$
nicholson,tau0,489,1922,0.2200103530811475,0.3152604705894963,0.6978685043188465,Four-patch Nicholson,$\tau_0$
nicholson,tau0,490,1931,0.0635382050820793,0.1045437194510637,0.6077668310990328,Four-patch Nicholson,$\tau_0$
nicholson,tau0,491,1949,0.265068333461452,0.240519487493369,1.1020659333009755,Four-patch Nicholson,$\tau_0$
nicholson,tau0,492,1951,0.7654644297671003,0.8985241346123047,0.8519130430451742,Four-patch Nicholson,$\tau_0$
nicholson,tau0,493,1954,0.2982478696053999,0.2968402383743246,1.0047420499282185,Four-patch Nicholson,$\tau_0$
nicholson,tau0,494,1955,0.2694767406427014,0.3689269696534848,0.7304338332754794,Four-patch Nicholson,$\tau_0$
nicholson,tau0,495,1959,0.0481378905696039,0.0560184844470335,0.8593215443934252,Four-patch Nicholson,$\tau_0$
nicholson,tau0,496,1960,0.2923776025908958,0.3877239620136256,0.7540870083769053,Four-patch Nicholson,$\tau_0$
nicholson,tau0,497,1961,0.3846508287494938,0.4256021933053413,0.9037801844069266,Four-patch Nicholson,$\tau_0$
nicholson,tau0,498,1966,0.0834012881373859,0.1705854122160142,0.48891219392062624,Four-patch Nicholson,$\tau_0$
nicholson,tau0,499,1974,0.2910657526211635,0.2891473799913467,1.0066345841690636,Four-patch Nicholson,$\tau_0$
nicholson,tau0,500,1976,0.0654779123901513,0.1108348583260669,0.5907700283021137,Four-patch Nicholson,$\tau_0$
nicholson,tau0,501,1980,0.0799983801656557,0.1216419264282465,0.657654663278,Four-patch Nicholson,$\tau_0$
nicholson,tau0,502,1990,0.07248962747553,0.0975869935327907,0.7428205834742967,Four-patch Nicholson,$\tau_0$
nicholson,tau0,503,1991,0.1545353692901652,0.2564393385524298,0.6026195909040297,Four-patch Nicholson,$\tau_0$
nicholson,tau0,504,2009,0.2567490576557347,0.2528592084277242,1.0153834588512618,Four-patch Nicholson,$\tau_0$
nicholson,tau0,505,2012,0.1802516835155836,0.2351737579215614,0.7664617222118115,Four-patch Nicholson,$\tau_0$
nicholson,tau0,506,2015,0.3420470123025109,0.5777917640086074,0.5919901141017568,Four-patch Nicholson,$\tau_0$
nicholson,tau0,507,2021,0.0838417478561735,0.0845855293866996,0.9912067520778199,Four-patch Nicholson,$\tau_0$
nicholson,tau0,508,2022,0.1631763305929702,0.2909283321078438,0.5608815387993309,Four-patch Nicholson,$\tau_0$
nicholson,tau0,509,2025,0.2440260406641657,0.4811107325272287,0.5072138785645464,Four-patch Nicholson,$\tau_0$
nicholson,tau0,510,2032,0.3642335190097805,0.5496862807891284,0.6626207197437922,Four-patch Nicholson,$\tau_0$
nicholson,tau0,511,2037,0.23663242010799,0.4713499314306211,0.5020313027091643,Four-patch Nicholson,$\tau_0$
