system,variant,parameter,selected_position,test_index,relative_error
nicholson,without_sensitivity,overall,0,0,0.0059867347204150346
nicholson,without_sensitivity,overall,1,7,0.004198562113121068
nicholson,without_sensitivity,overall,2,9,0.009199165761973806
nicholson,without_sensitivity,overall,3,11,0.004955005570245016
nicholson,without_sensitivity,overall,4,14,0.0032902153472587022
nicholson,without_sensitivity,overall,5,26,0.003428858123116056
nicholson,without_sensitivity,overall,6,30,0.0104077869337512
nicholson,without_sensitivity,overall,7,31,0.004472071423446565
nicholson,without_sensitivity,overall,8,35,0.003925980651290014
nicholson,without_sensitivity,overall,9,40,0.005355777535692729
nicholson,without_sensitivity,overall,10,41,0.008937858778699554
nicholson,without_sensitivity,overall,11,44,0.009486424479477007
nicholson,without_sensitivity,overall,12,56,0.014130337049787348
nicholson,without_sensitivity,overall,13,57,0.0067324063057165335
nicholson,without_sensitivity,overall,14,59,0.0034920492145732247
nicholson,without_sensitivity,overall,15,61,0.008735584364319534
nicholson,without_sensitivity,overall,16,65,0.005135915655844926
nicholson,without_sensitivity,overall,17,71,0.004004329238569425
nicholson,without_sensitivity,overall,18,80,0.004091145492153719
nicholson,without_sensitivity,overall,19,83,0.01537980684124611
nicholson,without_sensitivity,overall,20,85,0.002910094996792123
nicholson,without_sensitivity,overall,21,86,0.008354469252932538
nicholson,without_sensitivity,overall,22,87,0.004887635070495613
nicholson,without_sensitivity,overall,23,88,0.0031058208334219482
nicholson,without_sensitivity,overall,24,90,0.005597055604785342
nicholson,without_sensitivity,overall,25,96,0.01625789925157024
nicholson,without_sensitivity,overall,26,102,0.003652531707554495
nicholson,without_sensitivity,overall,27,103,0.00874227921858519
nicholson,without_sensitivity,overall,28,104,0.006596126072709221
nicholson,without_sensitivity,overall,29,107,0.0036909264548596254
nicholson,without_sensitivity,overall,30,108,0.013662134033098985
nicholson,without_sensitivity,overall,31,111,0.009430012659056916
nicholson,without_sensitivity,overall,32,112,0.00420291629582561
nicholson,without_sensitivity,overall,33,115,0.004709323192251399
nicholson,without_sensitivity,overall,34,121,0.022497873824583754
nicholson,without_sensitivity,overall,35,122,0.0053551104371239834
nicholson,without_sensitivity,overall,36,123,0.008386387076076769
nicholson,without_sensitivity,overall,37,127,0.0022415527057356834
nicholson,without_sensitivity,overall,38,135,0.0037354295087484546
nicholson,without_sensitivity,overall,39,136,0.004801857260665014
nicholson,without_sensitivity,overall,40,138,0.00690138256297359
nicholson,without_sensitivity,overall,41,142,0.004882424801833778
nicholson,without_sensitivity,overall,42,153,0.004757122059878853
nicholson,without_sensitivity,overall,43,154,0.016025664247240258
nicholson,without_sensitivity,overall,44,158,0.00506655283191205
nicholson,without_sensitivity,overall,45,163,0.006244926278765121
nicholson,without_sensitivity,overall,46,164,0.006748583601208213
nicholson,without_sensitivity,overall,47,166,0.009387428673861633
nicholson,without_sensitivity,overall,48,170,0.0073711018280733995
nicholson,without_sensitivity,overall,49,178,0.005977487498844161
nicholson,without_sensitivity,overall,50,180,0.003872321781742936
nicholson,without_sensitivity,overall,51,183,0.008997481336150444
nicholson,without_sensitivity,overall,52,184,0.03100188686980323
nicholson,without_sensitivity,overall,53,186,0.004155449738919947
nicholson,without_sensitivity,overall,54,188,0.004855547270778765
nicholson,without_sensitivity,overall,55,189,0.002448859535138168
nicholson,without_sensitivity,overall,56,191,0.027586278795320666
nicholson,without_sensitivity,overall,57,192,0.0036455932114182726
nicholson,without_sensitivity,overall,58,195,0.0036726686460734266
nicholson,without_sensitivity,overall,59,196,0.003526453679496697
nicholson,without_sensitivity,overall,60,203,0.0041707453654579165
nicholson,without_sensitivity,overall,61,207,0.006738858300180929
nicholson,without_sensitivity,overall,62,210,0.004532608816996229
nicholson,without_sensitivity,overall,63,211,0.0022312941111962735
nicholson,without_sensitivity,overall,64,212,0.008465896376333753
nicholson,without_sensitivity,overall,65,213,0.009015214771167842
nicholson,without_sensitivity,overall,66,214,0.004087270323570706
nicholson,without_sensitivity,overall,67,215,0.00573001561934437
nicholson,without_sensitivity,overall,68,223,0.003951703210426256
nicholson,without_sensitivity,overall,69,228,0.00551243814799133
nicholson,without_sensitivity,overall,70,235,0.004565908180306026
nicholson,without_sensitivity,overall,71,241,0.015437969039235675
nicholson,without_sensitivity,overall,72,242,0.00551859798101409
nicholson,without_sensitivity,overall,73,245,0.0038225572735111337
nicholson,without_sensitivity,overall,74,247,0.009103752726267561
nicholson,without_sensitivity,overall,75,251,0.0029424840600962288
nicholson,without_sensitivity,overall,76,259,0.007881767004194205
nicholson,without_sensitivity,overall,77,263,0.005609103058053176
nicholson,without_sensitivity,overall,78,264,0.005788831617688375
nicholson,without_sensitivity,overall,79,267,0.004244002801824899
nicholson,without_sensitivity,overall,80,278,0.004643773919770854
nicholson,without_sensitivity,overall,81,279,0.005511255145273913
nicholson,without_sensitivity,overall,82,282,0.0060910838960588085
nicholson,without_sensitivity,overall,83,283,0.003943104936734043
nicholson,without_sensitivity,overall,84,292,0.0054778340881000784
nicholson,without_sensitivity,overall,85,298,0.009010961390687933
nicholson,without_sensitivity,overall,86,299,0.002967709468982233
nicholson,without_sensitivity,overall,87,303,0.008561358073263853
nicholson,without_sensitivity,overall,88,304,0.0037556852976024764
nicholson,without_sensitivity,overall,89,311,0.002660483179549524
nicholson,without_sensitivity,overall,90,318,0.005757986872524898
nicholson,without_sensitivity,overall,91,319,0.006212950230884736
nicholson,without_sensitivity,overall,92,326,0.0062220873117513065
nicholson,without_sensitivity,overall,93,327,0.010952482422981833
nicholson,without_sensitivity,overall,94,328,0.003404988072187949
nicholson,without_sensitivity,overall,95,331,0.0027272766383813424
nicholson,without_sensitivity,overall,96,332,0.007035125569114508
nicholson,without_sensitivity,overall,97,333,0.0036108764385212773
nicholson,without_sensitivity,overall,98,336,0.006264198097856984
nicholson,without_sensitivity,overall,99,338,0.014735150242760328
nicholson,without_sensitivity,overall,100,352,0.01083863552824419
nicholson,without_sensitivity,overall,101,367,0.005860625437116432
nicholson,without_sensitivity,overall,102,375,0.01236675788819371
nicholson,without_sensitivity,overall,103,385,0.004260886415927082
nicholson,without_sensitivity,overall,104,388,0.0038403451428053294
nicholson,without_sensitivity,overall,105,389,0.003527042742626101
nicholson,without_sensitivity,overall,106,407,0.0036961294491580634
nicholson,without_sensitivity,overall,107,410,0.01206034322967084
nicholson,without_sensitivity,overall,108,411,0.007953626162976953
nicholson,without_sensitivity,overall,109,415,0.005038626054953195
nicholson,without_sensitivity,overall,110,418,0.0044094899900929034
nicholson,without_sensitivity,overall,111,420,0.011026622517802375
nicholson,without_sensitivity,overall,112,428,0.004940062615850049
nicholson,without_sensitivity,overall,113,429,0.0038955906678408586
nicholson,without_sensitivity,overall,114,444,0.005476470152558839
nicholson,without_sensitivity,overall,115,448,0.005846696925476862
nicholson,without_sensitivity,overall,116,453,0.0048975704145009765
nicholson,without_sensitivity,overall,117,457,0.0033794859879824122
nicholson,without_sensitivity,overall,118,462,0.004989777858006099
nicholson,without_sensitivity,overall,119,464,0.005057109494130356
nicholson,without_sensitivity,overall,120,467,0.008322685076438685
nicholson,without_sensitivity,overall,121,475,0.003872170929485193
nicholson,without_sensitivity,overall,122,477,0.004356859891723997
nicholson,without_sensitivity,overall,123,479,0.013471283003917202
nicholson,without_sensitivity,overall,124,484,0.0042496728705023745
nicholson,without_sensitivity,overall,125,486,0.002816298350603831
nicholson,without_sensitivity,overall,126,487,0.005761647290627947
nicholson,without_sensitivity,overall,127,494,0.003572787450872497
nicholson,without_sensitivity,overall,128,505,0.005102905554584723
nicholson,without_sensitivity,overall,129,509,0.0041105011555215626
nicholson,without_sensitivity,overall,130,510,0.00617312673807385
nicholson,without_sensitivity,overall,131,511,0.003513160164759228
nicholson,without_sensitivity,overall,132,526,0.0056338316953294595
nicholson,without_sensitivity,overall,133,527,0.00648686860707867
nicholson,without_sensitivity,overall,134,530,0.004265605021299507
nicholson,without_sensitivity,overall,135,531,0.017333941731704265
nicholson,without_sensitivity,overall,136,532,0.021804011653604766
nicholson,without_sensitivity,overall,137,535,0.0044921655407709
nicholson,without_sensitivity,overall,138,551,0.007752721696187176
nicholson,without_sensitivity,overall,139,558,0.004849511589835208
nicholson,without_sensitivity,overall,140,560,0.0037097651704395534
nicholson,without_sensitivity,overall,141,564,0.004651672950721327
nicholson,without_sensitivity,overall,142,567,0.0022251059241348787
nicholson,without_sensitivity,overall,143,568,0.006465217104676861
nicholson,without_sensitivity,overall,144,570,0.004334527576114344
nicholson,without_sensitivity,overall,145,573,0.0027985357331552097
nicholson,without_sensitivity,overall,146,580,0.005224580310391252
nicholson,without_sensitivity,overall,147,589,0.005475270628025022
nicholson,without_sensitivity,overall,148,596,0.002582353447815476
nicholson,without_sensitivity,overall,149,597,0.01720395060068107
nicholson,without_sensitivity,overall,150,599,0.024711302274875998
nicholson,without_sensitivity,overall,151,605,0.0032352073303628867
nicholson,without_sensitivity,overall,152,610,0.012515953352124347
nicholson,without_sensitivity,overall,153,614,0.0024833546335936395
nicholson,without_sensitivity,overall,154,615,0.0158125043960762
nicholson,without_sensitivity,overall,155,616,0.004160091580667559
nicholson,without_sensitivity,overall,156,618,0.008679042152808476
nicholson,without_sensitivity,overall,157,621,0.007178868699953566
nicholson,without_sensitivity,overall,158,624,0.003703832118105628
nicholson,without_sensitivity,overall,159,631,0.01004938946824227
nicholson,without_sensitivity,overall,160,637,0.00521446785143542
nicholson,without_sensitivity,overall,161,640,0.013381585026059736
nicholson,without_sensitivity,overall,162,646,0.00909070493953475
nicholson,without_sensitivity,overall,163,654,0.01408785441311024
nicholson,without_sensitivity,overall,164,661,0.0023980855653761403
nicholson,without_sensitivity,overall,165,664,0.011726179668889695
nicholson,without_sensitivity,overall,166,667,0.004072274096353565
nicholson,without_sensitivity,overall,167,674,0.003552332512368508
nicholson,without_sensitivity,overall,168,688,0.013498028282002857
nicholson,without_sensitivity,overall,169,696,0.006314069131340469
nicholson,without_sensitivity,overall,170,702,0.008036374299727186
nicholson,without_sensitivity,overall,171,707,0.0037572054053624827
nicholson,without_sensitivity,overall,172,709,0.00579919564055072
nicholson,without_sensitivity,overall,173,710,0.021456466840136745
nicholson,without_sensitivity,overall,174,718,0.009221155005108794
nicholson,without_sensitivity,overall,175,721,0.005741339419912581
nicholson,without_sensitivity,overall,176,724,0.008018465740794829
nicholson,without_sensitivity,overall,177,733,0.004880663601505246
nicholson,without_sensitivity,overall,178,735,0.004936477558946218
nicholson,without_sensitivity,overall,179,746,0.03051685318692219
nicholson,without_sensitivity,overall,180,748,0.008142364499142709
nicholson,without_sensitivity,overall,181,751,0.003398025901396071
nicholson,without_sensitivity,overall,182,752,0.004195457401691567
nicholson,without_sensitivity,overall,183,759,0.006051477361838807
nicholson,without_sensitivity,overall,184,760,0.006542295938497993
nicholson,without_sensitivity,overall,185,769,0.01087134366034674
nicholson,without_sensitivity,overall,186,773,0.0065195004548483015
nicholson,without_sensitivity,overall,187,774,0.007593849304950407
nicholson,without_sensitivity,overall,188,775,0.002710870803206205
nicholson,without_sensitivity,overall,189,776,0.007746996449385344
nicholson,without_sensitivity,overall,190,777,0.005292445791896292
nicholson,without_sensitivity,overall,191,778,0.005221479016803998
nicholson,without_sensitivity,overall,192,779,0.008172980061781524
nicholson,without_sensitivity,overall,193,780,0.004366710393785142
nicholson,without_sensitivity,overall,194,782,0.0022397779367499676
nicholson,without_sensitivity,overall,195,789,0.0026011619859256903
nicholson,without_sensitivity,overall,196,795,0.01116353269312963
nicholson,without_sensitivity,overall,197,799,0.006361366639403372
nicholson,without_sensitivity,overall,198,801,0.006389989864686937
nicholson,without_sensitivity,overall,199,802,0.004325378872388007
nicholson,without_sensitivity,overall,200,805,0.009496920890297307
nicholson,without_sensitivity,overall,201,807,0.0065168276408386775
nicholson,without_sensitivity,overall,202,808,0.005296561913546821
nicholson,without_sensitivity,overall,203,811,0.00428794021726686
nicholson,without_sensitivity,overall,204,813,0.003911062540868313
nicholson,without_sensitivity,overall,205,814,0.011903057275150982
nicholson,without_sensitivity,overall,206,829,0.0028000665092839405
nicholson,without_sensitivity,overall,207,834,0.0069907592221679455
nicholson,without_sensitivity,overall,208,836,0.007184309503639857
nicholson,without_sensitivity,overall,209,837,0.0059896812752458
nicholson,without_sensitivity,overall,210,838,0.004415550065902215
nicholson,without_sensitivity,overall,211,840,0.005626979216259737
nicholson,without_sensitivity,overall,212,842,0.007560250578997025
nicholson,without_sensitivity,overall,213,843,0.0033601682295213886
nicholson,without_sensitivity,overall,214,844,0.008294069023922875
nicholson,without_sensitivity,overall,215,852,0.0046714676405623734
nicholson,without_sensitivity,overall,216,857,0.006304767411925082
nicholson,without_sensitivity,overall,217,858,0.0037003277810690443
nicholson,without_sensitivity,overall,218,860,0.005453779307931939
nicholson,without_sensitivity,overall,219,865,0.0040339886427277856
nicholson,without_sensitivity,overall,220,866,0.0054326661606555054
nicholson,without_sensitivity,overall,221,876,0.008676551654593783
nicholson,without_sensitivity,overall,222,882,0.0034221957463294638
nicholson,without_sensitivity,overall,223,883,0.019786073569494054
nicholson,without_sensitivity,overall,224,885,0.003790697267251152
nicholson,without_sensitivity,overall,225,886,0.004646823170286664
nicholson,without_sensitivity,overall,226,888,0.009833706961152341
nicholson,without_sensitivity,overall,227,889,0.0036979275280644985
nicholson,without_sensitivity,overall,228,891,0.008798148247737605
nicholson,without_sensitivity,overall,229,901,0.0065651062657907005
nicholson,without_sensitivity,overall,230,904,0.006150033404998626
nicholson,without_sensitivity,overall,231,907,0.010405929524696303
nicholson,without_sensitivity,overall,232,908,0.005634335667497739
nicholson,without_sensitivity,overall,233,913,0.005006747238788545
nicholson,without_sensitivity,overall,234,915,0.004395933438669361
nicholson,without_sensitivity,overall,235,925,0.005604608881831373
nicholson,without_sensitivity,overall,236,932,0.005780591520166928
nicholson,without_sensitivity,overall,237,940,0.007405541600289057
nicholson,without_sensitivity,overall,238,943,0.00379019192429906
nicholson,without_sensitivity,overall,239,945,0.005394337012505257
nicholson,without_sensitivity,overall,240,947,0.0038319490568095313
nicholson,without_sensitivity,overall,241,948,0.010435710954940322
nicholson,without_sensitivity,overall,242,953,0.002765722891450051
nicholson,without_sensitivity,overall,243,957,0.008406692043662777
nicholson,without_sensitivity,overall,244,961,0.0055230822586424845
nicholson,without_sensitivity,overall,245,963,0.017395392755517564
nicholson,without_sensitivity,overall,246,965,0.006295937451531151
nicholson,without_sensitivity,overall,247,968,0.0030622317402783598
nicholson,without_sensitivity,overall,248,973,0.011887033317031821
nicholson,without_sensitivity,overall,249,977,0.003991823681523511
nicholson,without_sensitivity,overall,250,979,0.010116698481670777
nicholson,without_sensitivity,overall,251,985,0.005840843158786078
nicholson,without_sensitivity,overall,252,986,0.004103566386646111
nicholson,without_sensitivity,overall,253,987,0.0033868518112015558
nicholson,without_sensitivity,overall,254,990,0.005567329926806726
nicholson,without_sensitivity,overall,255,1002,0.01424816341513399
nicholson,without_sensitivity,overall,256,1007,0.005725348965155177
nicholson,without_sensitivity,overall,257,1011,0.005817931000229671
nicholson,without_sensitivity,overall,258,1013,0.0057920234844289955
nicholson,without_sensitivity,overall,259,1014,0.006554693348815089
nicholson,without_sensitivity,overall,260,1017,0.005809000135152846
nicholson,without_sensitivity,overall,261,1018,0.0031261899142860116
nicholson,without_sensitivity,overall,262,1019,0.0030729113338487843
nicholson,without_sensitivity,overall,263,1026,0.006098205215424145
nicholson,without_sensitivity,overall,264,1027,0.0053792028069273475
nicholson,without_sensitivity,overall,265,1032,0.010229301313355947
nicholson,without_sensitivity,overall,266,1034,0.003207258696740901
nicholson,without_sensitivity,overall,267,1035,0.008852818428090643
nicholson,without_sensitivity,overall,268,1037,0.015243157879440762
nicholson,without_sensitivity,overall,269,1038,0.004147443586759444
nicholson,without_sensitivity,overall,270,1040,0.013347062525754289
nicholson,without_sensitivity,overall,271,1043,0.013602929123383702
nicholson,without_sensitivity,overall,272,1045,0.011433471804090796
nicholson,without_sensitivity,overall,273,1054,0.005669425962452973
nicholson,without_sensitivity,overall,274,1055,0.003441522187836676
nicholson,without_sensitivity,overall,275,1057,0.0024346365913572184
nicholson,without_sensitivity,overall,276,1059,0.009780601838921852
nicholson,without_sensitivity,overall,277,1070,0.0033713236638003054
nicholson,without_sensitivity,overall,278,1076,0.011108092557220743
nicholson,without_sensitivity,overall,279,1078,0.004422216477158965
nicholson,without_sensitivity,overall,280,1079,0.0078312664288567
nicholson,without_sensitivity,overall,281,1080,0.0035799820771702227
nicholson,without_sensitivity,overall,282,1082,0.0043348079662530025
nicholson,without_sensitivity,overall,283,1086,0.0038456023832034824
nicholson,without_sensitivity,overall,284,1091,0.020126772070752686
nicholson,without_sensitivity,overall,285,1095,0.004865719246541352
nicholson,without_sensitivity,overall,286,1096,0.007724315505679187
nicholson,without_sensitivity,overall,287,1101,0.0032900450050968597
nicholson,without_sensitivity,overall,288,1103,0.006757908022240553
nicholson,without_sensitivity,overall,289,1105,0.0035007140857436195
nicholson,without_sensitivity,overall,290,1107,0.005615142978255285
nicholson,without_sensitivity,overall,291,1119,0.005393910825319961
nicholson,without_sensitivity,overall,292,1121,0.007309569585173909
nicholson,without_sensitivity,overall,293,1123,0.01176857138636105
nicholson,without_sensitivity,overall,294,1125,0.00843902302647432
nicholson,without_sensitivity,overall,295,1127,0.007666566833522905
nicholson,without_sensitivity,overall,296,1141,0.0068724031137458695
nicholson,without_sensitivity,overall,297,1151,0.006555806496549375
nicholson,without_sensitivity,overall,298,1154,0.0038453994396879044
nicholson,without_sensitivity,overall,299,1155,0.005739083638417805
nicholson,without_sensitivity,overall,300,1156,0.0159758639698544
nicholson,without_sensitivity,overall,301,1158,0.002444666804971032
nicholson,without_sensitivity,overall,302,1159,0.005505629518681076
nicholson,without_sensitivity,overall,303,1161,0.004446098612847935
nicholson,without_sensitivity,overall,304,1162,0.014998122551775062
nicholson,without_sensitivity,overall,305,1164,0.010561778729144329
nicholson,without_sensitivity,overall,306,1165,0.009598879341891443
nicholson,without_sensitivity,overall,307,1167,0.0031884967524454734
nicholson,without_sensitivity,overall,308,1174,0.005500169060561452
nicholson,without_sensitivity,overall,309,1175,0.008365628753451362
nicholson,without_sensitivity,overall,310,1180,0.011708806951205002
nicholson,without_sensitivity,overall,311,1185,0.013840408066518036
nicholson,without_sensitivity,overall,312,1186,0.002645124862995496
nicholson,without_sensitivity,overall,313,1192,0.005283397474231632
nicholson,without_sensitivity,overall,314,1196,0.019694847363448786
nicholson,without_sensitivity,overall,315,1198,0.012921219567320752
nicholson,without_sensitivity,overall,316,1200,0.016237127735586557
nicholson,without_sensitivity,overall,317,1206,0.0027346916864990365
nicholson,without_sensitivity,overall,318,1207,0.012220741593985566
nicholson,without_sensitivity,overall,319,1208,0.004619881045338777
nicholson,without_sensitivity,overall,320,1209,0.005634758743401021
nicholson,without_sensitivity,overall,321,1214,0.004886028648615756
nicholson,without_sensitivity,overall,322,1229,0.011937394657903184
nicholson,without_sensitivity,overall,323,1233,0.004060662798028012
nicholson,without_sensitivity,overall,324,1238,0.0037384114273511775
nicholson,without_sensitivity,overall,325,1239,0.012377192007648865
nicholson,without_sensitivity,overall,326,1243,0.007938244004173992
nicholson,without_sensitivity,overall,327,1244,0.0064282613106692674
nicholson,without_sensitivity,overall,328,1245,0.003659339410534337
nicholson,without_sensitivity,overall,329,1247,0.003318923811076041
nicholson,without_sensitivity,overall,330,1249,0.004776135058278972
nicholson,without_sensitivity,overall,331,1254,0.003552849207706101
nicholson,without_sensitivity,overall,332,1256,0.002935321968205511
nicholson,without_sensitivity,overall,333,1260,0.018370405025177516
nicholson,without_sensitivity,overall,334,1261,0.016189053013165845
nicholson,without_sensitivity,overall,335,1268,0.005674611763249631
nicholson,without_sensitivity,overall,336,1271,0.003716369639519043
nicholson,without_sensitivity,overall,337,1272,0.009593464213894926
nicholson,without_sensitivity,overall,338,1277,0.0037780422014708813
nicholson,without_sensitivity,overall,339,1279,0.004191752956446326
nicholson,without_sensitivity,overall,340,1282,0.011562539379689816
nicholson,without_sensitivity,overall,341,1286,0.0032005535498802955
nicholson,without_sensitivity,overall,342,1288,0.00427413690482144
nicholson,without_sensitivity,overall,343,1291,0.0134079463829904
nicholson,without_sensitivity,overall,344,1292,0.0078608615535704
nicholson,without_sensitivity,overall,345,1300,0.010617710525331992
nicholson,without_sensitivity,overall,346,1302,0.005413019729903757
nicholson,without_sensitivity,overall,347,1308,0.010965806949519465
nicholson,without_sensitivity,overall,348,1311,0.00970279548250216
nicholson,without_sensitivity,overall,349,1319,0.005122641901072258
nicholson,without_sensitivity,overall,350,1321,0.007180567977905405
nicholson,without_sensitivity,overall,351,1325,0.0027571015510658233
nicholson,without_sensitivity,overall,352,1333,0.002502631102857637
nicholson,without_sensitivity,overall,353,1335,0.013724477079820215
nicholson,without_sensitivity,overall,354,1336,0.005046034617360576
nicholson,without_sensitivity,overall,355,1341,0.011711174849508522
nicholson,without_sensitivity,overall,356,1343,0.0033907131564906855
nicholson,without_sensitivity,overall,357,1359,0.003824115430733923
nicholson,without_sensitivity,overall,358,1360,0.003173588590963946
nicholson,without_sensitivity,overall,359,1365,0.00646714561575664
nicholson,without_sensitivity,overall,360,1371,0.0025432727287438045
nicholson,without_sensitivity,overall,361,1374,0.003353106133462506
nicholson,without_sensitivity,overall,362,1377,0.005162050626626628
nicholson,without_sensitivity,overall,363,1378,0.005580497973120958
nicholson,without_sensitivity,overall,364,1383,0.0113877948781494
nicholson,without_sensitivity,overall,365,1385,0.0030782767393543694
nicholson,without_sensitivity,overall,366,1390,0.005762304354815272
nicholson,without_sensitivity,overall,367,1393,0.00777103400836418
nicholson,without_sensitivity,overall,368,1394,0.002964365762502591
nicholson,without_sensitivity,overall,369,1395,0.02825435927642418
nicholson,without_sensitivity,overall,370,1402,0.004805082553393886
nicholson,without_sensitivity,overall,371,1403,0.004635802993865856
nicholson,without_sensitivity,overall,372,1404,0.0027039182202451837
nicholson,without_sensitivity,overall,373,1407,0.002409748058342423
nicholson,without_sensitivity,overall,374,1414,0.006078445451510794
nicholson,without_sensitivity,overall,375,1416,0.005248362037770701
nicholson,without_sensitivity,overall,376,1421,0.004437532484946706
nicholson,without_sensitivity,overall,377,1423,0.00689492585193007
nicholson,without_sensitivity,overall,378,1428,0.003928549582836846
nicholson,without_sensitivity,overall,379,1431,0.002719142198783832
nicholson,without_sensitivity,overall,380,1432,0.003601161702752098
nicholson,without_sensitivity,overall,381,1435,0.00919598989059016
nicholson,without_sensitivity,overall,382,1440,0.007705177077219557
nicholson,without_sensitivity,overall,383,1443,0.005914340122508756
nicholson,without_sensitivity,overall,384,1461,0.004660997908003108
nicholson,without_sensitivity,overall,385,1474,0.006309533975045716
nicholson,without_sensitivity,overall,386,1475,0.013458315012155752
nicholson,without_sensitivity,overall,387,1479,0.005629076992121101
nicholson,without_sensitivity,overall,388,1483,0.003443501465954118
nicholson,without_sensitivity,overall,389,1487,0.006943041439822977
nicholson,without_sensitivity,overall,390,1488,0.013374242626294136
nicholson,without_sensitivity,overall,391,1493,0.004135290440964806
nicholson,without_sensitivity,overall,392,1494,0.006803396187868123
nicholson,without_sensitivity,overall,393,1498,0.008714898765562275
nicholson,without_sensitivity,overall,394,1503,0.004618488492190277
nicholson,without_sensitivity,overall,395,1514,0.006749967531970285
nicholson,without_sensitivity,overall,396,1518,0.006449371926619357
nicholson,without_sensitivity,overall,397,1523,0.005648539104744183
nicholson,without_sensitivity,overall,398,1539,0.006419734667576757
nicholson,without_sensitivity,overall,399,1558,0.004660636894148624
nicholson,without_sensitivity,overall,400,1559,0.013008831632831057
nicholson,without_sensitivity,overall,401,1562,0.007465039523494734
nicholson,without_sensitivity,overall,402,1567,0.019517394432264426
nicholson,without_sensitivity,overall,403,1571,0.0039005041367195397
nicholson,without_sensitivity,overall,404,1573,0.0055565795426444865
nicholson,without_sensitivity,overall,405,1574,0.007885606574782553
nicholson,without_sensitivity,overall,406,1576,0.012652806662735744
nicholson,without_sensitivity,overall,407,1579,0.011099290745696431
nicholson,without_sensitivity,overall,408,1584,0.019642918958895295
nicholson,without_sensitivity,overall,409,1586,0.006900804195297193
nicholson,without_sensitivity,overall,410,1589,0.007391757493067043
nicholson,without_sensitivity,overall,411,1591,0.0034074773779563367
nicholson,without_sensitivity,overall,412,1594,0.0027018454488198186
nicholson,without_sensitivity,overall,413,1597,0.003924387285113888
nicholson,without_sensitivity,overall,414,1613,0.002465578161621791
nicholson,without_sensitivity,overall,415,1615,0.004874900488574908
nicholson,without_sensitivity,overall,416,1616,0.0047250291158657046
nicholson,without_sensitivity,overall,417,1618,0.003908258058514396
nicholson,without_sensitivity,overall,418,1619,0.0031133811732991182
nicholson,without_sensitivity,overall,419,1622,0.0032766682309332824
nicholson,without_sensitivity,overall,420,1625,0.003352316062295763
nicholson,without_sensitivity,overall,421,1627,0.007023671910907846
nicholson,without_sensitivity,overall,422,1631,0.0022288128260316326
nicholson,without_sensitivity,overall,423,1634,0.005462851825054964
nicholson,without_sensitivity,overall,424,1638,0.0024690855204873826
nicholson,without_sensitivity,overall,425,1648,0.002928387568239741
nicholson,without_sensitivity,overall,426,1668,0.005554562941986616
nicholson,without_sensitivity,overall,427,1676,0.011870525731334961
nicholson,without_sensitivity,overall,428,1689,0.0036506842540838104
nicholson,without_sensitivity,overall,429,1698,0.00635716888726383
nicholson,without_sensitivity,overall,430,1709,0.008700706647074926
nicholson,without_sensitivity,overall,431,1711,0.0062139899632142614
nicholson,without_sensitivity,overall,432,1712,0.005760090774958023
nicholson,without_sensitivity,overall,433,1713,0.004898576353413341
nicholson,without_sensitivity,overall,434,1714,0.008719152203848331
nicholson,without_sensitivity,overall,435,1715,0.0066842141156417826
nicholson,without_sensitivity,overall,436,1717,0.005495480660644571
nicholson,without_sensitivity,overall,437,1718,0.004995561552202946
nicholson,without_sensitivity,overall,438,1723,0.00419339091002712
nicholson,without_sensitivity,overall,439,1729,0.007470907143792539
nicholson,without_sensitivity,overall,440,1730,0.0026699626439488193
nicholson,without_sensitivity,overall,441,1733,0.005058941240964746
nicholson,without_sensitivity,overall,442,1734,0.0051385572000245405
nicholson,without_sensitivity,overall,443,1736,0.01856748279114055
nicholson,without_sensitivity,overall,444,1737,0.009979451269985704
nicholson,without_sensitivity,overall,445,1739,0.005953392449169993
nicholson,without_sensitivity,overall,446,1748,0.003937982185164334
nicholson,without_sensitivity,overall,447,1762,0.003072410366786378
nicholson,without_sensitivity,overall,448,1764,0.005264776199194367
nicholson,without_sensitivity,overall,449,1765,0.018304753645561705
nicholson,without_sensitivity,overall,450,1767,0.0037948148398762338
nicholson,without_sensitivity,overall,451,1771,0.0026408204760237884
nicholson,without_sensitivity,overall,452,1780,0.008092677981587248
nicholson,without_sensitivity,overall,453,1783,0.0054387285233315165
nicholson,without_sensitivity,overall,454,1788,0.0070187896658913665
nicholson,without_sensitivity,overall,455,1790,0.007399673217443602
nicholson,without_sensitivity,overall,456,1793,0.005422672072742934
nicholson,without_sensitivity,overall,457,1797,0.003890316250239297
nicholson,without_sensitivity,overall,458,1803,0.004543813445830274
nicholson,without_sensitivity,overall,459,1817,0.004573241430823222
nicholson,without_sensitivity,overall,460,1820,0.008440573577919361
nicholson,without_sensitivity,overall,461,1824,0.002467410319626074
nicholson,without_sensitivity,overall,462,1829,0.0031521264117612517
nicholson,without_sensitivity,overall,463,1830,0.005303432791044273
nicholson,without_sensitivity,overall,464,1835,0.021760172321500442
nicholson,without_sensitivity,overall,465,1838,0.008560978136117671
nicholson,without_sensitivity,overall,466,1839,0.003872858343108804
nicholson,without_sensitivity,overall,467,1845,0.012462185121759716
nicholson,without_sensitivity,overall,468,1849,0.0040917292371593205
nicholson,without_sensitivity,overall,469,1853,0.0032400708740910416
nicholson,without_sensitivity,overall,470,1855,0.004256898507063785
nicholson,without_sensitivity,overall,471,1857,0.004508763535271161
nicholson,without_sensitivity,overall,472,1863,0.0031361585422916673
nicholson,without_sensitivity,overall,473,1864,0.006732890987631541
nicholson,without_sensitivity,overall,474,1865,0.021149353003256006
nicholson,without_sensitivity,overall,475,1867,0.004483759906898849
nicholson,without_sensitivity,overall,476,1878,0.007190788587819354
nicholson,without_sensitivity,overall,477,1884,0.004539591973569489
nicholson,without_sensitivity,overall,478,1885,0.0027188215302377653
nicholson,without_sensitivity,overall,479,1889,0.005505745356617557
nicholson,without_sensitivity,overall,480,1895,0.002707389175525652
nicholson,without_sensitivity,overall,481,1897,0.003674161794702196
nicholson,without_sensitivity,overall,482,1899,0.0035673586483875343
nicholson,without_sensitivity,overall,483,1900,0.004807146969199788
nicholson,without_sensitivity,overall,484,1907,0.0037168159480861288
nicholson,without_sensitivity,overall,485,1912,0.010064841096086187
nicholson,without_sensitivity,overall,486,1913,0.007294235425992873
nicholson,without_sensitivity,overall,487,1916,0.00405334685713381
nicholson,without_sensitivity,overall,488,1917,0.012078524356644733
nicholson,without_sensitivity,overall,489,1922,0.004042721843193892
nicholson,without_sensitivity,overall,490,1931,0.01572240259215219
nicholson,without_sensitivity,overall,491,1949,0.0040161572898931895
nicholson,without_sensitivity,overall,492,1951,0.006875309225976114
nicholson,without_sensitivity,overall,493,1954,0.003711187210893483
nicholson,without_sensitivity,overall,494,1955,0.005641341610740711
nicholson,without_sensitivity,overall,495,1959,0.006306120907570234
nicholson,without_sensitivity,overall,496,1960,0.010717954605358425
nicholson,without_sensitivity,overall,497,1961,0.01226844784786572
nicholson,without_sensitivity,overall,498,1966,0.016784936451464488
nicholson,without_sensitivity,overall,499,1974,0.003754214736695974
nicholson,without_sensitivity,overall,500,1976,0.004425802178151641
nicholson,without_sensitivity,overall,501,1980,0.0041797410826189185
nicholson,without_sensitivity,overall,502,1990,0.004619551582321667
nicholson,without_sensitivity,overall,503,1991,0.004112609123166916
nicholson,without_sensitivity,overall,504,2009,0.003324869384252757
nicholson,without_sensitivity,overall,505,2012,0.005000256579058356
nicholson,without_sensitivity,overall,506,2015,0.005130287697745854
nicholson,without_sensitivity,overall,507,2021,0.0035138085425344833
nicholson,without_sensitivity,overall,508,2022,0.006725687681328478
nicholson,without_sensitivity,overall,509,2025,0.008459703622170894
nicholson,without_sensitivity,overall,510,2032,0.004313998293867762
nicholson,without_sensitivity,overall,511,2037,0.004609372609667565
nicholson,without_sensitivity,beta,0,0,0.002954753543556611
nicholson,without_sensitivity,beta,1,7,0.0020798751764068437
nicholson,without_sensitivity,beta,2,9,0.005350863677757431
nicholson,without_sensitivity,beta,3,11,0.0020997245049006385
nicholson,without_sensitivity,beta,4,14,0.0025893609594250405
nicholson,without_sensitivity,beta,5,26,0.0022551624313089406
nicholson,without_sensitivity,beta,6,30,0.005688385793689218
nicholson,without_sensitivity,beta,7,31,0.0024330960220572653
nicholson,without_sensitivity,beta,8,35,0.0026711042787172087
nicholson,without_sensitivity,beta,9,40,0.0024182676318720234
nicholson,without_sensitivity,beta,10,41,0.0037143239965117176
nicholson,without_sensitivity,beta,11,44,0.007223009813392109
nicholson,without_sensitivity,beta,12,56,0.005828753903678404
nicholson,without_sensitivity,beta,13,57,0.0045735280101082175
nicholson,without_sensitivity,beta,14,59,0.001765064903232916
nicholson,without_sensitivity,beta,15,61,0.008586440683314796
nicholson,without_sensitivity,beta,16,65,0.002247432415405175
nicholson,without_sensitivity,beta,17,71,0.0033037440857898634
nicholson,without_sensitivity,beta,18,80,0.003419861747706364
nicholson,without_sensitivity,beta,19,83,0.007396770692185126
nicholson,without_sensitivity,beta,20,85,0.002710151562083899
nicholson,without_sensitivity,beta,21,86,0.0076467408728568215
nicholson,without_sensitivity,beta,22,87,0.0017703460607920644
nicholson,without_sensitivity,beta,23,88,0.001811166817842654
nicholson,without_sensitivity,beta,24,90,0.003641361017117609
nicholson,without_sensitivity,beta,25,96,0.009499930725248878
nicholson,without_sensitivity,beta,26,102,0.0032262421720476286
nicholson,without_sensitivity,beta,27,103,0.0060986321445855255
nicholson,without_sensitivity,beta,28,104,0.0036056890415337556
nicholson,without_sensitivity,beta,29,107,0.0017765131951467624
nicholson,without_sensitivity,beta,30,108,0.004331350477788352
nicholson,without_sensitivity,beta,31,111,0.009312232118757117
nicholson,without_sensitivity,beta,32,112,0.0027706265855472908
nicholson,without_sensitivity,beta,33,115,0.002372852417071253
nicholson,without_sensitivity,beta,34,121,0.013213948896395104
nicholson,without_sensitivity,beta,35,122,0.0027393132052779597
nicholson,without_sensitivity,beta,36,123,0.005597646153865842
nicholson,without_sensitivity,beta,37,127,0.0015270916195916097
nicholson,without_sensitivity,beta,38,135,0.003111485669964305
nicholson,without_sensitivity,beta,39,136,0.0038001344415894175
nicholson,without_sensitivity,beta,40,138,0.0025888117722310954
nicholson,without_sensitivity,beta,41,142,0.0019874192773515487
nicholson,without_sensitivity,beta,42,153,0.004076751167708302
nicholson,without_sensitivity,beta,43,154,0.015950626439830768
nicholson,without_sensitivity,beta,44,158,0.0024883896600397166
nicholson,without_sensitivity,beta,45,163,0.0029816419611128904
nicholson,without_sensitivity,beta,46,164,0.003099751787156583
nicholson,without_sensitivity,beta,47,166,0.0036513922266748194
nicholson,without_sensitivity,beta,48,170,0.003271374591497985
nicholson,without_sensitivity,beta,49,178,0.004403737352904691
nicholson,without_sensitivity,beta,50,180,0.0022316561634858605
nicholson,without_sensitivity,beta,51,183,0.002394261358629256
nicholson,without_sensitivity,beta,52,184,0.021934986894839224
nicholson,without_sensitivity,beta,53,186,0.0025078030807230973
nicholson,without_sensitivity,beta,54,188,0.002419672005757505
nicholson,without_sensitivity,beta,55,189,0.001523065197276786
nicholson,without_sensitivity,beta,56,191,0.009980136715363047
nicholson,without_sensitivity,beta,57,192,0.001791339873917586
nicholson,without_sensitivity,beta,58,195,0.002671047181599993
nicholson,without_sensitivity,beta,59,196,0.003033892561003389
nicholson,without_sensitivity,beta,60,203,0.0031983919386022776
nicholson,without_sensitivity,beta,61,207,0.0020408931853548437
nicholson,without_sensitivity,beta,62,210,0.0032739920099068226
nicholson,without_sensitivity,beta,63,211,0.001944728077963798
nicholson,without_sensitivity,beta,64,212,0.002971561891460346
nicholson,without_sensitivity,beta,65,213,0.0030247091714297194
nicholson,without_sensitivity,beta,66,214,0.0026986256181159496
nicholson,without_sensitivity,beta,67,215,0.003395343398275688
nicholson,without_sensitivity,beta,68,223,0.00353775362033819
nicholson,without_sensitivity,beta,69,228,0.004198287125703641
nicholson,without_sensitivity,beta,70,235,0.004000651881816521
nicholson,without_sensitivity,beta,71,241,0.011225871349354493
nicholson,without_sensitivity,beta,72,242,0.002676181347468376
nicholson,without_sensitivity,beta,73,245,0.0022701639070116207
nicholson,without_sensitivity,beta,74,247,0.003204233663404417
nicholson,without_sensitivity,beta,75,251,0.0019786885730161204
nicholson,without_sensitivity,beta,76,259,0.0041055860014640125
nicholson,without_sensitivity,beta,77,263,0.0023044183351892443
nicholson,without_sensitivity,beta,78,264,0.004227978843059559
nicholson,without_sensitivity,beta,79,267,0.0023838317433327893
nicholson,without_sensitivity,beta,80,278,0.0036880161144991668
nicholson,without_sensitivity,beta,81,279,0.002471255249511449
nicholson,without_sensitivity,beta,82,282,0.004231347083130939
nicholson,without_sensitivity,beta,83,283,0.0031798352769978003
nicholson,without_sensitivity,beta,84,292,0.0021022360598894024
nicholson,without_sensitivity,beta,85,298,0.008883166387799202
nicholson,without_sensitivity,beta,86,299,0.002199580490404319
nicholson,without_sensitivity,beta,87,303,0.003465705186232627
nicholson,without_sensitivity,beta,88,304,0.0021168016535596064
nicholson,without_sensitivity,beta,89,311,0.00178061606390397
nicholson,without_sensitivity,beta,90,318,0.0023757569061944473
nicholson,without_sensitivity,beta,91,319,0.0038317344054038163
nicholson,without_sensitivity,beta,92,326,0.005327691095326192
nicholson,without_sensitivity,beta,93,327,0.008631692694839361
nicholson,without_sensitivity,beta,94,328,0.001992463427194401
nicholson,without_sensitivity,beta,95,331,0.0024258950501293845
nicholson,without_sensitivity,beta,96,332,0.006931401052227253
nicholson,without_sensitivity,beta,97,333,0.001849969257826952
nicholson,without_sensitivity,beta,98,336,0.0030610978931826034
nicholson,without_sensitivity,beta,99,338,0.005709744482878292
nicholson,without_sensitivity,beta,100,352,0.004450009222192289
nicholson,without_sensitivity,beta,101,367,0.005082523704358057
nicholson,without_sensitivity,beta,102,375,0.004445742144110796
nicholson,without_sensitivity,beta,103,385,0.0025392251136329837
nicholson,without_sensitivity,beta,104,388,0.003024032594605219
nicholson,without_sensitivity,beta,105,389,0.0026861760091629523
nicholson,without_sensitivity,beta,106,407,0.0022182466140850143
nicholson,without_sensitivity,beta,107,410,0.004237384751734957
nicholson,without_sensitivity,beta,108,411,0.005271315348701049
nicholson,without_sensitivity,beta,109,415,0.0016644945535851095
nicholson,without_sensitivity,beta,110,418,0.001700596331716695
nicholson,without_sensitivity,beta,111,420,0.003341069469161462
nicholson,without_sensitivity,beta,112,428,0.0028452148829483555
nicholson,without_sensitivity,beta,113,429,0.003295654137209224
nicholson,without_sensitivity,beta,114,444,0.0031507917098775448
nicholson,without_sensitivity,beta,115,448,0.002030224135508882
nicholson,without_sensitivity,beta,116,453,0.0029905440534886457
nicholson,without_sensitivity,beta,117,457,0.0021599256779582243
nicholson,without_sensitivity,beta,118,462,0.002643402703329666
nicholson,without_sensitivity,beta,119,464,0.003311737990681193
nicholson,without_sensitivity,beta,120,467,0.002455867325281661
nicholson,without_sensitivity,beta,121,475,0.0035543855011107126
nicholson,without_sensitivity,beta,122,477,0.0022146736522419895
nicholson,without_sensitivity,beta,123,479,0.013349514848937517
nicholson,without_sensitivity,beta,124,484,0.0027926711830267175
nicholson,without_sensitivity,beta,125,486,0.0018880373004098935
nicholson,without_sensitivity,beta,126,487,0.003978498324226416
nicholson,without_sensitivity,beta,127,494,0.0022422725077151876
nicholson,without_sensitivity,beta,128,505,0.0037664030809692675
nicholson,without_sensitivity,beta,129,509,0.0020513992728187834
nicholson,without_sensitivity,beta,130,510,0.002714145334567016
nicholson,without_sensitivity,beta,131,511,0.0021510487466628782
nicholson,without_sensitivity,beta,132,526,0.0030580364696014594
nicholson,without_sensitivity,beta,133,527,0.004405153416603388
nicholson,without_sensitivity,beta,134,530,0.0020808287920667376
nicholson,without_sensitivity,beta,135,531,0.017256148592129514
nicholson,without_sensitivity,beta,136,532,0.016602616872373563
nicholson,without_sensitivity,beta,137,535,0.0025687181616431457
nicholson,without_sensitivity,beta,138,551,0.003682080634541768
nicholson,without_sensitivity,beta,139,558,0.0040990540629365965
nicholson,without_sensitivity,beta,140,560,0.0030389574421709757
nicholson,without_sensitivity,beta,141,564,0.002085132789379872
nicholson,without_sensitivity,beta,142,567,0.0013946184278654163
nicholson,without_sensitivity,beta,143,568,0.00251887716422753
nicholson,without_sensitivity,beta,144,570,0.0023310073897000855
nicholson,without_sensitivity,beta,145,573,0.0022054383071119796
nicholson,without_sensitivity,beta,146,580,0.0033349293511378522
nicholson,without_sensitivity,beta,147,589,0.0019820537322800236
nicholson,without_sensitivity,beta,148,596,0.001682117949185925
nicholson,without_sensitivity,beta,149,597,0.016933752749561888
nicholson,without_sensitivity,beta,150,599,0.015281977887634647
nicholson,without_sensitivity,beta,151,605,0.001879445660135174
nicholson,without_sensitivity,beta,152,610,0.0068451728286917065
nicholson,without_sensitivity,beta,153,614,0.0017184400964158153
nicholson,without_sensitivity,beta,154,615,0.005512181570622412
nicholson,without_sensitivity,beta,155,616,0.002842077143401462
nicholson,without_sensitivity,beta,156,618,0.002788338298846597
nicholson,without_sensitivity,beta,157,621,0.002636833956374858
nicholson,without_sensitivity,beta,158,624,0.0027280238843679677
nicholson,without_sensitivity,beta,159,631,0.007377443475378381
nicholson,without_sensitivity,beta,160,637,0.0030324518350851545
nicholson,without_sensitivity,beta,161,640,0.004495288198140944
nicholson,without_sensitivity,beta,162,646,0.0033638846375900608
nicholson,without_sensitivity,beta,163,654,0.003940735997644179
nicholson,without_sensitivity,beta,164,661,0.0019608927980057055
nicholson,without_sensitivity,beta,165,664,0.006286061437414381
nicholson,without_sensitivity,beta,166,667,0.0019170604116741765
nicholson,without_sensitivity,beta,167,674,0.002112637892570199
nicholson,without_sensitivity,beta,168,688,0.010856210505686529
nicholson,without_sensitivity,beta,169,696,0.0037966836780471435
nicholson,without_sensitivity,beta,170,702,0.005208808297927445
nicholson,without_sensitivity,beta,171,707,0.003304157538041823
nicholson,without_sensitivity,beta,172,709,0.002590941787320487
nicholson,without_sensitivity,beta,173,710,0.012555753760036533
nicholson,without_sensitivity,beta,174,718,0.00905935794613348
nicholson,without_sensitivity,beta,175,721,0.0033397314027339693
nicholson,without_sensitivity,beta,176,724,0.0031293158397925603
nicholson,without_sensitivity,beta,177,733,0.002199258390208405
nicholson,without_sensitivity,beta,178,735,0.0025558338930678002
nicholson,without_sensitivity,beta,179,746,0.025233234987238704
nicholson,without_sensitivity,beta,180,748,0.003238595150222383
nicholson,without_sensitivity,beta,181,751,0.0021768751476045913
nicholson,without_sensitivity,beta,182,752,0.0018205164309282778
nicholson,without_sensitivity,beta,183,759,0.004574351657984102
nicholson,without_sensitivity,beta,184,760,0.00384715654241234
nicholson,without_sensitivity,beta,185,769,0.007752477626857162
nicholson,without_sensitivity,beta,186,773,0.0020936802744910862
nicholson,without_sensitivity,beta,187,774,0.004566642310270544
nicholson,without_sensitivity,beta,188,775,0.002203485679382917
nicholson,without_sensitivity,beta,189,776,0.0032536236604479235
nicholson,without_sensitivity,beta,190,777,0.0037095149052014803
nicholson,without_sensitivity,beta,191,778,0.003220634263838629
nicholson,without_sensitivity,beta,192,779,0.004001019756158648
nicholson,without_sensitivity,beta,193,780,0.001868518511320031
nicholson,without_sensitivity,beta,194,782,0.0014428302788675807
nicholson,without_sensitivity,beta,195,789,0.002052605744881233
nicholson,without_sensitivity,beta,196,795,0.005722089073521961
nicholson,without_sensitivity,beta,197,799,0.0028838299525410257
nicholson,without_sensitivity,beta,198,801,0.002890230496808447
nicholson,without_sensitivity,beta,199,802,0.002099625815884062
nicholson,without_sensitivity,beta,200,805,0.008970582221330984
nicholson,without_sensitivity,beta,201,807,0.004154252821326627
nicholson,without_sensitivity,beta,202,808,0.0032350536046153156
nicholson,without_sensitivity,beta,203,811,0.003579684621177611
nicholson,without_sensitivity,beta,204,813,0.002602526283407735
nicholson,without_sensitivity,beta,205,814,0.007283457427892754
nicholson,without_sensitivity,beta,206,829,0.0022969615613367463
nicholson,without_sensitivity,beta,207,834,0.004254036546593568
nicholson,without_sensitivity,beta,208,836,0.004106223468968216
nicholson,without_sensitivity,beta,209,837,0.0022962530705846933
nicholson,without_sensitivity,beta,210,838,0.002961952873066338
nicholson,without_sensitivity,beta,211,840,0.0017396730555875736
nicholson,without_sensitivity,beta,212,842,0.002219198205328806
nicholson,without_sensitivity,beta,213,843,0.0018458348452587473
nicholson,without_sensitivity,beta,214,844,0.002800467178837586
nicholson,without_sensitivity,beta,215,852,0.003078310408245626
nicholson,without_sensitivity,beta,216,857,0.004902069446614536
nicholson,without_sensitivity,beta,217,858,0.0021581074618522225
nicholson,without_sensitivity,beta,218,860,0.002425390780875808
nicholson,without_sensitivity,beta,219,865,0.0028431171367864832
nicholson,without_sensitivity,beta,220,866,0.002699057275410825
nicholson,without_sensitivity,beta,221,876,0.006462597426208344
nicholson,without_sensitivity,beta,222,882,0.002093793197307449
nicholson,without_sensitivity,beta,223,883,0.016326897018153746
nicholson,without_sensitivity,beta,224,885,0.003388715816567635
nicholson,without_sensitivity,beta,225,886,0.0026449559353596075
nicholson,without_sensitivity,beta,226,888,0.004395154332915835
nicholson,without_sensitivity,beta,227,889,0.003351295329306284
nicholson,without_sensitivity,beta,228,891,0.002833831370831544
nicholson,without_sensitivity,beta,229,901,0.002426051325917434
nicholson,without_sensitivity,beta,230,904,0.003409265783291871
nicholson,without_sensitivity,beta,231,907,0.008029912178907505
nicholson,without_sensitivity,beta,232,908,0.004126905182512046
nicholson,without_sensitivity,beta,233,913,0.00297915330686442
nicholson,without_sensitivity,beta,234,915,0.003010466963511417
nicholson,without_sensitivity,beta,235,925,0.003984556667539104
nicholson,without_sensitivity,beta,236,932,0.005274399427051942
nicholson,without_sensitivity,beta,237,940,0.0032546804260278
nicholson,without_sensitivity,beta,238,943,0.0020581860835430267
nicholson,without_sensitivity,beta,239,945,0.0037186367474957146
nicholson,without_sensitivity,beta,240,947,0.0017888099035222721
nicholson,without_sensitivity,beta,241,948,0.006494025715150617
nicholson,without_sensitivity,beta,242,953,0.001572850884041919
nicholson,without_sensitivity,beta,243,957,0.00494797261518184
nicholson,without_sensitivity,beta,244,961,0.002914204929452619
nicholson,without_sensitivity,beta,245,963,0.012924824424069307
nicholson,without_sensitivity,beta,246,965,0.00236432128395304
nicholson,without_sensitivity,beta,247,968,0.0022996158242195993
nicholson,without_sensitivity,beta,248,973,0.00493030742696303
nicholson,without_sensitivity,beta,249,977,0.0033611695486672724
nicholson,without_sensitivity,beta,250,979,0.0041574690153840695
nicholson,without_sensitivity,beta,251,985,0.0045271643070195905
nicholson,without_sensitivity,beta,252,986,0.0038602188459252226
nicholson,without_sensitivity,beta,253,987,0.0016241758645901166
nicholson,without_sensitivity,beta,254,990,0.003046019239943592
nicholson,without_sensitivity,beta,255,1002,0.011324996587628049
nicholson,without_sensitivity,beta,256,1007,0.00455087567372144
nicholson,without_sensitivity,beta,257,1011,0.0029339448586599808
nicholson,without_sensitivity,beta,258,1013,0.002536483577123332
nicholson,without_sensitivity,beta,259,1014,0.0023647258344428415
nicholson,without_sensitivity,beta,260,1017,0.002274140078640807
nicholson,without_sensitivity,beta,261,1018,0.002024772163981165
nicholson,without_sensitivity,beta,262,1019,0.0015893095105750344
nicholson,without_sensitivity,beta,263,1026,0.0018709922876901104
nicholson,without_sensitivity,beta,264,1027,0.0027574141933813224
nicholson,without_sensitivity,beta,265,1032,0.005748213073602525
nicholson,without_sensitivity,beta,266,1034,0.0017777535981408276
nicholson,without_sensitivity,beta,267,1035,0.004245478758344844
nicholson,without_sensitivity,beta,268,1037,0.008913742106366447
nicholson,without_sensitivity,beta,269,1038,0.0030138119572373995
nicholson,without_sensitivity,beta,270,1040,0.012774142747364804
nicholson,without_sensitivity,beta,271,1043,0.013341554254755002
nicholson,without_sensitivity,beta,272,1045,0.011324422515177601
nicholson,without_sensitivity,beta,273,1054,0.003228280191468917
nicholson,without_sensitivity,beta,274,1055,0.0022433843588291827
nicholson,without_sensitivity,beta,275,1057,0.0019942821637958684
nicholson,without_sensitivity,beta,276,1059,0.0030797362391658725
nicholson,without_sensitivity,beta,277,1070,0.002722370636323295
nicholson,without_sensitivity,beta,278,1076,0.01084271247536193
nicholson,without_sensitivity,beta,279,1078,0.0022421015638955126
nicholson,without_sensitivity,beta,280,1079,0.005080121529150677
nicholson,without_sensitivity,beta,281,1080,0.0020491723787921245
nicholson,without_sensitivity,beta,282,1082,0.0022108602915535914
nicholson,without_sensitivity,beta,283,1086,0.0016915083031321513
nicholson,without_sensitivity,beta,284,1091,0.016918938510998204
nicholson,without_sensitivity,beta,285,1095,0.0024420371588360764
nicholson,without_sensitivity,beta,286,1096,0.002880327399044344
nicholson,without_sensitivity,beta,287,1101,0.0021691000565214956
nicholson,without_sensitivity,beta,288,1103,0.006259467879401135
nicholson,without_sensitivity,beta,289,1105,0.002308090945113126
nicholson,without_sensitivity,beta,290,1107,0.0041575184890461124
nicholson,without_sensitivity,beta,291,1119,0.00219294308550582
nicholson,without_sensitivity,beta,292,1121,0.00656492554649743
nicholson,without_sensitivity,beta,293,1123,0.004407823049981964
nicholson,without_sensitivity,beta,294,1125,0.0034501198833723147
nicholson,without_sensitivity,beta,295,1127,0.005174147491741096
nicholson,without_sensitivity,beta,296,1141,0.003099701612456215
nicholson,without_sensitivity,beta,297,1151,0.004400150462202724
nicholson,without_sensitivity,beta,298,1154,0.0013625261928882498
nicholson,without_sensitivity,beta,299,1155,0.0020596015907865858
nicholson,without_sensitivity,beta,300,1156,0.014260422427970904
nicholson,without_sensitivity,beta,301,1158,0.0018651944178962334
nicholson,without_sensitivity,beta,302,1159,0.002589953566368199
nicholson,without_sensitivity,beta,303,1161,0.0015743208028450475
nicholson,without_sensitivity,beta,304,1162,0.010378220281417626
nicholson,without_sensitivity,beta,305,1164,0.008300827382872088
nicholson,without_sensitivity,beta,306,1165,0.007714374996784437
nicholson,without_sensitivity,beta,307,1167,0.002561582094926966
nicholson,without_sensitivity,beta,308,1174,0.003933917229788045
nicholson,without_sensitivity,beta,309,1175,0.0037062679506453975
nicholson,without_sensitivity,beta,310,1180,0.004101664222175425
nicholson,without_sensitivity,beta,311,1185,0.012199339301854992
nicholson,without_sensitivity,beta,312,1186,0.002006051773729887
nicholson,without_sensitivity,beta,313,1192,0.0026735475504135174
nicholson,without_sensitivity,beta,314,1196,0.014379690545369837
nicholson,without_sensitivity,beta,315,1198,0.009097835114710823
nicholson,without_sensitivity,beta,316,1200,0.011265910930243823
nicholson,without_sensitivity,beta,317,1206,0.0021183890188792337
nicholson,without_sensitivity,beta,318,1207,0.007632963010729616
nicholson,without_sensitivity,beta,319,1208,0.0019989067405854237
nicholson,without_sensitivity,beta,320,1209,0.005232064037927304
nicholson,without_sensitivity,beta,321,1214,0.002165089368379508
nicholson,without_sensitivity,beta,322,1229,0.009483024563133442
nicholson,without_sensitivity,beta,323,1233,0.003297065785571612
nicholson,without_sensitivity,beta,324,1238,0.002347990605876553
nicholson,without_sensitivity,beta,325,1239,0.0045195991995887015
nicholson,without_sensitivity,beta,326,1243,0.007811352851417629
nicholson,without_sensitivity,beta,327,1244,0.004165306819677112
nicholson,without_sensitivity,beta,328,1245,0.002362007224418554
nicholson,without_sensitivity,beta,329,1247,0.0023678474559618856
nicholson,without_sensitivity,beta,330,1249,0.0033771571426552747
nicholson,without_sensitivity,beta,331,1254,0.0019921865224817536
nicholson,without_sensitivity,beta,332,1256,0.0017153514957239718
nicholson,without_sensitivity,beta,333,1260,0.006156059968303661
nicholson,without_sensitivity,beta,334,1261,0.012635786664722301
nicholson,without_sensitivity,beta,335,1268,0.0033124679851730533
nicholson,without_sensitivity,beta,336,1271,0.0024777507805772117
nicholson,without_sensitivity,beta,337,1272,0.0032172501367988392
nicholson,without_sensitivity,beta,338,1277,0.0017987574652427204
nicholson,without_sensitivity,beta,339,1279,0.0030292171951129612
nicholson,without_sensitivity,beta,340,1282,0.0077694625456195925
nicholson,without_sensitivity,beta,341,1286,0.0021707489572622756
nicholson,without_sensitivity,beta,342,1288,0.0017616440144705462
nicholson,without_sensitivity,beta,343,1291,0.013301090523887948
nicholson,without_sensitivity,beta,344,1292,0.004567759875336636
nicholson,without_sensitivity,beta,345,1300,0.004689620056379164
nicholson,without_sensitivity,beta,346,1302,0.004209441251590389
nicholson,without_sensitivity,beta,347,1308,0.010145790449157687
nicholson,without_sensitivity,beta,348,1311,0.002905071372979242
nicholson,without_sensitivity,beta,349,1319,0.0022171007056584068
nicholson,without_sensitivity,beta,350,1321,0.0026908886294400762
nicholson,without_sensitivity,beta,351,1325,0.0020391005526499764
nicholson,without_sensitivity,beta,352,1333,0.0017249070805549704
nicholson,without_sensitivity,beta,353,1335,0.008674735360767332
nicholson,without_sensitivity,beta,354,1336,0.0036218416210159806
nicholson,without_sensitivity,beta,355,1341,0.006538890590516073
nicholson,without_sensitivity,beta,356,1343,0.0032625283960521128
nicholson,without_sensitivity,beta,357,1359,0.002955080564387375
nicholson,without_sensitivity,beta,358,1360,0.00294074823393237
nicholson,without_sensitivity,beta,359,1365,0.002665098965161351
nicholson,without_sensitivity,beta,360,1371,0.0021889203643926016
nicholson,without_sensitivity,beta,361,1374,0.0016327824426459361
nicholson,without_sensitivity,beta,362,1377,0.001914998829906986
nicholson,without_sensitivity,beta,363,1378,0.0016898556700023902
nicholson,without_sensitivity,beta,364,1383,0.009470403713705604
nicholson,without_sensitivity,beta,365,1385,0.0026730235236875305
nicholson,without_sensitivity,beta,366,1390,0.0022292932016646353
nicholson,without_sensitivity,beta,367,1393,0.002739037260331193
nicholson,without_sensitivity,beta,368,1394,0.002063886394596015
nicholson,without_sensitivity,beta,369,1395,0.016936681056917206
nicholson,without_sensitivity,beta,370,1402,0.0021288354476673922
nicholson,without_sensitivity,beta,371,1403,0.0027806741159447125
nicholson,without_sensitivity,beta,372,1404,0.001668650201916565
nicholson,without_sensitivity,beta,373,1407,0.0018651318066956297
nicholson,without_sensitivity,beta,374,1414,0.0028744093268251924
nicholson,without_sensitivity,beta,375,1416,0.0040825522622319945
nicholson,without_sensitivity,beta,376,1421,0.003559681660647133
nicholson,without_sensitivity,beta,377,1423,0.006488746168792758
nicholson,without_sensitivity,beta,378,1428,0.00229748213200921
nicholson,without_sensitivity,beta,379,1431,0.001965805675500379
nicholson,without_sensitivity,beta,380,1432,0.0026160908384737715
nicholson,without_sensitivity,beta,381,1435,0.0030118614895202215
nicholson,without_sensitivity,beta,382,1440,0.004958513037392658
nicholson,without_sensitivity,beta,383,1443,0.00458447452882512
nicholson,without_sensitivity,beta,384,1461,0.0020195927333685
nicholson,without_sensitivity,beta,385,1474,0.004250717294816774
nicholson,without_sensitivity,beta,386,1475,0.00557631676934033
nicholson,without_sensitivity,beta,387,1479,0.002979924720655965
nicholson,without_sensitivity,beta,388,1483,0.0021560124524499643
nicholson,without_sensitivity,beta,389,1487,0.004495601649478388
nicholson,without_sensitivity,beta,390,1488,0.011494491775963522
nicholson,without_sensitivity,beta,391,1493,0.0030896103238923635
nicholson,without_sensitivity,beta,392,1494,0.002188683841067806
nicholson,without_sensitivity,beta,393,1498,0.0035773801845920008
nicholson,without_sensitivity,beta,394,1503,0.002093892390546484
nicholson,without_sensitivity,beta,395,1514,0.0032480992093664503
nicholson,without_sensitivity,beta,396,1518,0.002423751041912019
nicholson,without_sensitivity,beta,397,1523,0.002098303968866991
nicholson,without_sensitivity,beta,398,1539,0.003826893299745343
nicholson,without_sensitivity,beta,399,1558,0.0033043527294187138
nicholson,without_sensitivity,beta,400,1559,0.004828637054739824
nicholson,without_sensitivity,beta,401,1562,0.0034570686393058706
nicholson,without_sensitivity,beta,402,1567,0.014947888830407192
nicholson,without_sensitivity,beta,403,1571,0.002078528126758056
nicholson,without_sensitivity,beta,404,1573,0.0026823430001455496
nicholson,without_sensitivity,beta,405,1574,0.00317352518471295
nicholson,without_sensitivity,beta,406,1576,0.009477229865831004
nicholson,without_sensitivity,beta,407,1579,0.006656175116517964
nicholson,without_sensitivity,beta,408,1584,0.012193201000916382
nicholson,without_sensitivity,beta,409,1586,0.0053524963742290444
nicholson,without_sensitivity,beta,410,1589,0.004822140541755823
nicholson,without_sensitivity,beta,411,1591,0.0022458575722572854
nicholson,without_sensitivity,beta,412,1594,0.0018147040043254453
nicholson,without_sensitivity,beta,413,1597,0.002418625741842706
nicholson,without_sensitivity,beta,414,1613,0.00218069634975975
nicholson,without_sensitivity,beta,415,1615,0.0020928117941521446
nicholson,without_sensitivity,beta,416,1616,0.004113626160709986
nicholson,without_sensitivity,beta,417,1618,0.002276749441460261
nicholson,without_sensitivity,beta,418,1619,0.0024033842490270197
nicholson,without_sensitivity,beta,419,1622,0.002930879956497697
nicholson,without_sensitivity,beta,420,1625,0.002303139980602573
nicholson,without_sensitivity,beta,421,1627,0.002881990992856116
nicholson,without_sensitivity,beta,422,1631,0.0018339454475178475
nicholson,without_sensitivity,beta,423,1634,0.00279118876679336
nicholson,without_sensitivity,beta,424,1638,0.0021573404974493064
nicholson,without_sensitivity,beta,425,1648,0.002299336855521593
nicholson,without_sensitivity,beta,426,1668,0.0036164762423401007
nicholson,without_sensitivity,beta,427,1676,0.011337207338933253
nicholson,without_sensitivity,beta,428,1689,0.002243279308354071
nicholson,without_sensitivity,beta,429,1698,0.002141257969580152
nicholson,without_sensitivity,beta,430,1709,0.004913820747607196
nicholson,without_sensitivity,beta,431,1711,0.0026833945584406054
nicholson,without_sensitivity,beta,432,1712,0.0034159873731761524
nicholson,without_sensitivity,beta,433,1713,0.0034203693419433377
nicholson,without_sensitivity,beta,434,1714,0.002921566483387575
nicholson,without_sensitivity,beta,435,1715,0.006531942218087327
nicholson,without_sensitivity,beta,436,1717,0.0025629350654897804
nicholson,without_sensitivity,beta,437,1718,0.0022841551811758906
nicholson,without_sensitivity,beta,438,1723,0.002286154863520385
nicholson,without_sensitivity,beta,439,1729,0.0025958330686678627
nicholson,without_sensitivity,beta,440,1730,0.0014522887661122298
nicholson,without_sensitivity,beta,441,1733,0.0029776568537964294
nicholson,without_sensitivity,beta,442,1734,0.004048295197873229
nicholson,without_sensitivity,beta,443,1736,0.006309815587159426
nicholson,without_sensitivity,beta,444,1737,0.004863560708545461
nicholson,without_sensitivity,beta,445,1739,0.004029603416515239
nicholson,without_sensitivity,beta,446,1748,0.0021041247379941608
nicholson,without_sensitivity,beta,447,1762,0.0020551458730057167
nicholson,without_sensitivity,beta,448,1764,0.0039931690634612315
nicholson,without_sensitivity,beta,449,1765,0.007070174591902793
nicholson,without_sensitivity,beta,450,1767,0.0032668513828489863
nicholson,without_sensitivity,beta,451,1771,0.002355010058575118
nicholson,without_sensitivity,beta,452,1780,0.0028363129972951073
nicholson,without_sensitivity,beta,453,1783,0.003719869555868827
nicholson,without_sensitivity,beta,454,1788,0.0028254653559100433
nicholson,without_sensitivity,beta,455,1790,0.0036614732510626084
nicholson,without_sensitivity,beta,456,1793,0.0021434101316138115
nicholson,without_sensitivity,beta,457,1797,0.0017349556136405627
nicholson,without_sensitivity,beta,458,1803,0.002385367376650628
nicholson,without_sensitivity,beta,459,1817,0.002329750668502822
nicholson,without_sensitivity,beta,460,1820,0.0028194851418752043
nicholson,without_sensitivity,beta,461,1824,0.002197151891304255
nicholson,without_sensitivity,beta,462,1829,0.00260342093735635
nicholson,without_sensitivity,beta,463,1830,0.0042595691950279325
nicholson,without_sensitivity,beta,464,1835,0.013011526671021813
nicholson,without_sensitivity,beta,465,1838,0.004854960661827355
nicholson,without_sensitivity,beta,466,1839,0.0034119096045419376
nicholson,without_sensitivity,beta,467,1845,0.004666720510086165
nicholson,without_sensitivity,beta,468,1849,0.001904995598892825
nicholson,without_sensitivity,beta,469,1853,0.0017661341301573135
nicholson,without_sensitivity,beta,470,1855,0.0019850561422862603
nicholson,without_sensitivity,beta,471,1857,0.0033110677163768953
nicholson,without_sensitivity,beta,472,1863,0.0025234195857314476
nicholson,without_sensitivity,beta,473,1864,0.005901737351841502
nicholson,without_sensitivity,beta,474,1865,0.017876069225375504
nicholson,without_sensitivity,beta,475,1867,0.0023977406266724546
nicholson,without_sensitivity,beta,476,1878,0.004212529168971267
nicholson,without_sensitivity,beta,477,1884,0.004087486318989378
nicholson,without_sensitivity,beta,478,1885,0.0023307593740287138
nicholson,without_sensitivity,beta,479,1889,0.004114054687898747
nicholson,without_sensitivity,beta,480,1895,0.002245558199109835
nicholson,without_sensitivity,beta,481,1897,0.002161061239987454
nicholson,without_sensitivity,beta,482,1899,0.001731437306567949
nicholson,without_sensitivity,beta,483,1900,0.0028581212327589162
nicholson,without_sensitivity,beta,484,1907,0.003398774478861258
nicholson,without_sensitivity,beta,485,1912,0.009725847447759171
nicholson,without_sensitivity,beta,486,1913,0.0043534423578744106
nicholson,without_sensitivity,beta,487,1916,0.0015062332334459087
nicholson,without_sensitivity,beta,488,1917,0.0034544700663385174
nicholson,without_sensitivity,beta,489,1922,0.0023490237481426832
nicholson,without_sensitivity,beta,490,1931,0.01054150302133165
nicholson,without_sensitivity,beta,491,1949,0.0035573222717548707
nicholson,without_sensitivity,beta,492,1951,0.005034043516359002
nicholson,without_sensitivity,beta,493,1954,0.0033958665958412617
nicholson,without_sensitivity,beta,494,1955,0.003572172514276077
nicholson,without_sensitivity,beta,495,1959,0.004719427744512363
nicholson,without_sensitivity,beta,496,1960,0.010250044104370722
nicholson,without_sensitivity,beta,497,1961,0.012178777962875387
nicholson,without_sensitivity,beta,498,1966,0.005542497692048929
nicholson,without_sensitivity,beta,499,1974,0.0032620507837358777
nicholson,without_sensitivity,beta,500,1976,0.0031017083812266938
nicholson,without_sensitivity,beta,501,1980,0.0032661991629028943
nicholson,without_sensitivity,beta,502,1990,0.0029929896536494286
nicholson,without_sensitivity,beta,503,1991,0.0013241664800374814
nicholson,without_sensitivity,beta,504,2009,0.0029193058941280286
nicholson,without_sensitivity,beta,505,2012,0.0025764091015135814
nicholson,without_sensitivity,beta,506,2015,0.002817539140737296
nicholson,without_sensitivity,beta,507,2021,0.0016925022143548512
nicholson,without_sensitivity,beta,508,2022,0.0020896814176924344
nicholson,without_sensitivity,beta,509,2025,0.0024054014741707675
nicholson,without_sensitivity,beta,510,2032,0.0017729755416000953
nicholson,without_sensitivity,beta,511,2037,0.001835586999147689
nicholson,without_sensitivity,tau0,0,0,0.2059373780408197
nicholson,without_sensitivity,tau0,1,7,0.46078446891253927
nicholson,without_sensitivity,tau0,2,9,0.09868255441041471
nicholson,without_sensitivity,tau0,3,11,0.10371667301523187
nicholson,without_sensitivity,tau0,4,14,0.4836167557891207
nicholson,without_sensitivity,tau0,5,26,0.22126851991629568
nicholson,without_sensitivity,tau0,6,30,0.08790092193532642
nicholson,without_sensitivity,tau0,7,31,0.34668989288517005
nicholson,without_sensitivity,tau0,8,35,0.13703821054684695
nicholson,without_sensitivity,tau0,9,40,0.37594098408698384
nicholson,without_sensitivity,tau0,10,41,0.14403755548382735
nicholson,without_sensitivity,tau0,11,44,0.05829403417737739
nicholson,without_sensitivity,tau0,12,56,0.4927766616002321
nicholson,without_sensitivity,tau0,13,57,0.05797819254838876
nicholson,without_sensitivity,tau0,14,59,0.38392248899090814
nicholson,without_sensitivity,tau0,15,61,0.44378417244874274
nicholson,without_sensitivity,tau0,16,65,0.12336313424884418
nicholson,without_sensitivity,tau0,17,71,0.7043717808767552
nicholson,without_sensitivity,tau0,18,80,0.36529466725629106
nicholson,without_sensitivity,tau0,19,83,0.13451471739843918
nicholson,without_sensitivity,tau0,20,85,0.16994261287590418
nicholson,without_sensitivity,tau0,21,86,0.6809807019477407
nicholson,without_sensitivity,tau0,22,87,0.09802819986439133
nicholson,without_sensitivity,tau0,23,88,0.15373981533290665
nicholson,without_sensitivity,tau0,24,90,0.05760332243380806
nicholson,without_sensitivity,tau0,25,96,0.20256755911573565
nicholson,without_sensitivity,tau0,26,102,0.26329532269124967
nicholson,without_sensitivity,tau0,27,103,0.06662344959356374
nicholson,without_sensitivity,tau0,28,104,0.1979926346078885
nicholson,without_sensitivity,tau0,29,107,0.23313248693410205
nicholson,without_sensitivity,tau0,30,108,0.24653895769451534
nicholson,without_sensitivity,tau0,31,111,0.3498428597177161
nicholson,without_sensitivity,tau0,32,112,0.3202167651920527
nicholson,without_sensitivity,tau0,33,115,0.21667513876660674
nicholson,without_sensitivity,tau0,34,121,0.15015882235702332
nicholson,without_sensitivity,tau0,35,122,0.13098747567657262
nicholson,without_sensitivity,tau0,36,123,0.06443215564911499
nicholson,without_sensitivity,tau0,37,127,0.13792017345521335
nicholson,without_sensitivity,tau0,38,135,0.4089135317752372
nicholson,without_sensitivity,tau0,39,136,0.6158514925988929
nicholson,without_sensitivity,tau0,40,138,0.44422281113330364
nicholson,without_sensitivity,tau0,41,142,0.13363628266941407
nicholson,without_sensitivity,tau0,42,153,0.41396678633146844
nicholson,without_sensitivity,tau0,43,154,0.58198910557719
nicholson,without_sensitivity,tau0,44,158,0.1898175722639539
nicholson,without_sensitivity,tau0,45,163,0.08336659806917252
nicholson,without_sensitivity,tau0,46,164,0.0946751512195311
nicholson,without_sensitivity,tau0,47,166,0.36586047489555307
nicholson,without_sensitivity,tau0,48,170,0.08097199980372559
nicholson,without_sensitivity,tau0,49,178,0.5709032600312471
nicholson,without_sensitivity,tau0,50,180,0.48410324373206776
nicholson,without_sensitivity,tau0,51,183,0.1676439006911855
nicholson,without_sensitivity,tau0,52,184,0.252823023894751
nicholson,without_sensitivity,tau0,53,186,0.5976778879711748
nicholson,without_sensitivity,tau0,54,188,0.15477522016287915
nicholson,without_sensitivity,tau0,55,189,0.15546053013204178
nicholson,without_sensitivity,tau0,56,191,0.26289023522091165
nicholson,without_sensitivity,tau0,57,192,0.09449365560914838
nicholson,without_sensitivity,tau0,58,195,0.6411739823225993
nicholson,without_sensitivity,tau0,59,196,0.35077106083625353
nicholson,without_sensitivity,tau0,60,203,0.1129972720767192
nicholson,without_sensitivity,tau0,61,207,0.25556879254297776
nicholson,without_sensitivity,tau0,62,210,0.12165097202858154
nicholson,without_sensitivity,tau0,63,211,0.2960058252705556
nicholson,without_sensitivity,tau0,64,212,0.6290631028971528
nicholson,without_sensitivity,tau0,65,213,0.19200472783757133
nicholson,without_sensitivity,tau0,66,214,0.08076277099929514
nicholson,without_sensitivity,tau0,67,215,0.07260791163992421
nicholson,without_sensitivity,tau0,68,223,0.29900806943317326
nicholson,without_sensitivity,tau0,69,228,0.04573886560720262
nicholson,without_sensitivity,tau0,70,235,0.375274124993741
nicholson,without_sensitivity,tau0,71,241,0.1155999274634949
nicholson,without_sensitivity,tau0,72,242,0.16186104104037943
nicholson,without_sensitivity,tau0,73,245,0.2750185526661979
nicholson,without_sensitivity,tau0,74,247,0.13685170486587728
nicholson,without_sensitivity,tau0,75,251,0.28116574378282244
nicholson,without_sensitivity,tau0,76,259,0.09355324587429098
nicholson,without_sensitivity,tau0,77,263,0.24836475861814278
nicholson,without_sensitivity,tau0,78,264,1.0491920043698042
nicholson,without_sensitivity,tau0,79,267,0.15918252642329292
nicholson,without_sensitivity,tau0,80,278,0.6368886079153442
nicholson,without_sensitivity,tau0,81,279,0.09687466015362378
nicholson,without_sensitivity,tau0,82,282,0.058446781409696356
nicholson,without_sensitivity,tau0,83,283,0.3546677573629266
nicholson,without_sensitivity,tau0,84,292,0.3125976180782024
nicholson,without_sensitivity,tau0,85,298,0.3441219343886783
nicholson,without_sensitivity,tau0,86,299,0.3872525561507719
nicholson,without_sensitivity,tau0,87,303,0.11452657564999895
nicholson,without_sensitivity,tau0,88,304,0.15191724828076048
nicholson,without_sensitivity,tau0,89,311,0.3196285532151092
nicholson,without_sensitivity,tau0,90,318,0.1161261774951474
nicholson,without_sensitivity,tau0,91,319,0.07324561180109383
nicholson,without_sensitivity,tau0,92,326,0.7538729063641526
nicholson,without_sensitivity,tau0,93,327,0.07742764859299751
nicholson,without_sensitivity,tau0,94,328,0.18066941071591786
nicholson,without_sensitivity,tau0,95,331,0.16419473167984922
nicholson,without_sensitivity,tau0,96,332,0.4173879155122837
nicholson,without_sensitivity,tau0,97,333,0.19149018116217037
nicholson,without_sensitivity,tau0,98,336,0.11702880086450279
nicholson,without_sensitivity,tau0,99,338,0.26900975373821856
nicholson,without_sensitivity,tau0,100,352,0.11665752599281841
nicholson,without_sensitivity,tau0,101,367,0.46288849787491126
nicholson,without_sensitivity,tau0,102,375,0.14542405910090314
nicholson,without_sensitivity,tau0,103,385,0.18864262417245048
nicholson,without_sensitivity,tau0,104,388,0.398599196967055
nicholson,without_sensitivity,tau0,105,389,0.25056794317873576
nicholson,without_sensitivity,tau0,106,407,0.08323520869251388
nicholson,without_sensitivity,tau0,107,410,0.21415354874656245
nicholson,without_sensitivity,tau0,108,411,0.06317482659333357
nicholson,without_sensitivity,tau0,109,415,0.2219895093887633
nicholson,without_sensitivity,tau0,110,418,0.355789075790159
nicholson,without_sensitivity,tau0,111,420,0.2680504125792882
nicholson,without_sensitivity,tau0,112,428,0.09134442362858258
nicholson,without_sensitivity,tau0,113,429,0.5188993100141834
nicholson,without_sensitivity,tau0,114,444,0.15699684153967328
nicholson,without_sensitivity,tau0,115,448,0.4458669097006221
nicholson,without_sensitivity,tau0,116,453,0.49621762307137024
nicholson,without_sensitivity,tau0,117,457,0.3491285316034134
nicholson,without_sensitivity,tau0,118,462,0.6492052902658335
nicholson,without_sensitivity,tau0,119,464,0.17451768501293427
nicholson,without_sensitivity,tau0,120,467,0.17480730822421198
nicholson,without_sensitivity,tau0,121,475,0.43982337550443873
nicholson,without_sensitivity,tau0,122,477,0.1329371891030513
nicholson,without_sensitivity,tau0,123,479,0.7120189047315311
nicholson,without_sensitivity,tau0,124,484,0.12964206525387093
nicholson,without_sensitivity,tau0,125,486,0.10294223455513997
nicholson,without_sensitivity,tau0,126,487,0.04685896845050625
nicholson,without_sensitivity,tau0,127,494,0.1805398554222902
nicholson,without_sensitivity,tau0,128,505,0.5023505442271501
nicholson,without_sensitivity,tau0,129,509,0.09313943111628513
nicholson,without_sensitivity,tau0,130,510,0.15375111784735046
nicholson,without_sensitivity,tau0,131,511,0.19277186183072367
nicholson,without_sensitivity,tau0,132,526,0.2397318548684487
nicholson,without_sensitivity,tau0,133,527,0.8345215173177237
nicholson,without_sensitivity,tau0,134,530,0.09979655261209167
nicholson,without_sensitivity,tau0,135,531,0.37514859820487345
nicholson,without_sensitivity,tau0,136,532,0.11245318330263653
nicholson,without_sensitivity,tau0,137,535,0.12182351999095567
nicholson,without_sensitivity,tau0,138,551,0.11754428842552068
nicholson,without_sensitivity,tau0,139,558,0.34752594941065457
nicholson,without_sensitivity,tau0,140,560,0.37893259154319664
nicholson,without_sensitivity,tau0,141,564,0.11818891846578357
nicholson,without_sensitivity,tau0,142,567,0.22171100944035185
nicholson,without_sensitivity,tau0,143,568,0.1676077072533687
nicholson,without_sensitivity,tau0,144,570,0.33793215270783594
nicholson,without_sensitivity,tau0,145,573,0.24416187904608644
nicholson,without_sensitivity,tau0,146,580,0.7458815705172429
nicholson,without_sensitivity,tau0,147,589,0.1376668913816221
nicholson,without_sensitivity,tau0,148,596,0.14002283309411712
nicholson,without_sensitivity,tau0,149,597,0.4512019925392291
nicholson,without_sensitivity,tau0,150,599,0.19973583018614172
nicholson,without_sensitivity,tau0,151,605,0.1363031693242262
nicholson,without_sensitivity,tau0,152,610,0.10696675990136639
nicholson,without_sensitivity,tau0,153,614,0.1278487843390186
nicholson,without_sensitivity,tau0,154,615,0.218031890572858
nicholson,without_sensitivity,tau0,155,616,0.4754794815479827
nicholson,without_sensitivity,tau0,156,618,0.20608411177579677
nicholson,without_sensitivity,tau0,157,621,0.3580597003367267
nicholson,without_sensitivity,tau0,158,624,0.08806908208427602
nicholson,without_sensitivity,tau0,159,631,0.06483793784983255
nicholson,without_sensitivity,tau0,160,637,0.06641773122592758
nicholson,without_sensitivity,tau0,161,640,0.2219994098786723
nicholson,without_sensitivity,tau0,162,646,0.15115780393577885
nicholson,without_sensitivity,tau0,163,654,0.1920619910539319
nicholson,without_sensitivity,tau0,164,661,0.27909278553006145
nicholson,without_sensitivity,tau0,165,664,0.09919996933188424
nicholson,without_sensitivity,tau0,166,667,0.13280108104862487
nicholson,without_sensitivity,tau0,167,674,0.08295579385778237
nicholson,without_sensitivity,tau0,168,688,0.06963975381337277
nicholson,without_sensitivity,tau0,169,696,0.07648845343884783
nicholson,without_sensitivity,tau0,170,702,0.06879863520171065
nicholson,without_sensitivity,tau0,171,707,0.41193590756422754
nicholson,without_sensitivity,tau0,172,709,0.5157542484188967
nicholson,without_sensitivity,tau0,173,710,0.1425115562670586
nicholson,without_sensitivity,tau0,174,718,0.32348588629570063
nicholson,without_sensitivity,tau0,175,721,0.08746133239109266
nicholson,without_sensitivity,tau0,176,724,0.32523781928126216
nicholson,without_sensitivity,tau0,177,733,0.3329208581746902
nicholson,without_sensitivity,tau0,178,735,0.4111457732672012
nicholson,without_sensitivity,tau0,179,746,0.18715825167329705
nicholson,without_sensitivity,tau0,180,748,0.18885467199622266
nicholson,without_sensitivity,tau0,181,751,0.2694792997584517
nicholson,without_sensitivity,tau0,182,752,0.17458292063406622
nicholson,without_sensitivity,tau0,183,759,0.047546287499807466
nicholson,without_sensitivity,tau0,184,760,0.5791789626467948
nicholson,without_sensitivity,tau0,185,769,0.09296453076146846
nicholson,without_sensitivity,tau0,186,773,0.324204269268505
nicholson,without_sensitivity,tau0,187,774,0.5320651239632245
nicholson,without_sensitivity,tau0,188,775,0.34239901131613104
nicholson,without_sensitivity,tau0,189,776,0.16988737136477117
nicholson,without_sensitivity,tau0,190,777,0.0681556694970111
nicholson,without_sensitivity,tau0,191,778,0.061074433047512824
nicholson,without_sensitivity,tau0,192,779,0.1159521417473333
nicholson,without_sensitivity,tau0,193,780,0.23399490349439434
nicholson,without_sensitivity,tau0,194,782,0.27857924286747326
nicholson,without_sensitivity,tau0,195,789,0.24157552812627395
nicholson,without_sensitivity,tau0,196,795,0.10253657432423137
nicholson,without_sensitivity,tau0,197,799,0.17213252283875144
nicholson,without_sensitivity,tau0,198,801,0.09005706112953303
nicholson,without_sensitivity,tau0,199,802,0.07890664625072949
nicholson,without_sensitivity,tau0,200,805,0.6204718292400652
nicholson,without_sensitivity,tau0,201,807,0.7952449060398293
nicholson,without_sensitivity,tau0,202,808,0.19573737481807676
nicholson,without_sensitivity,tau0,203,811,0.504698221494597
nicholson,without_sensitivity,tau0,204,813,0.7504073353558035
nicholson,without_sensitivity,tau0,205,814,0.09555339512113561
nicholson,without_sensitivity,tau0,206,829,0.4250262975305528
nicholson,without_sensitivity,tau0,207,834,0.09084244020066837
nicholson,without_sensitivity,tau0,208,836,0.8156941812349732
nicholson,without_sensitivity,tau0,209,837,0.32578186065999765
nicholson,without_sensitivity,tau0,210,838,0.16032108387432076
nicholson,without_sensitivity,tau0,211,840,0.5639740003913114
nicholson,without_sensitivity,tau0,212,842,0.45620337841237857
nicholson,without_sensitivity,tau0,213,843,0.1885556366755858
nicholson,without_sensitivity,tau0,214,844,0.23546413759973514
nicholson,without_sensitivity,tau0,215,852,0.16043222391248213
nicholson,without_sensitivity,tau0,216,857,0.04594352522943246
nicholson,without_sensitivity,tau0,217,858,0.17222455792489957
nicholson,without_sensitivity,tau0,218,860,0.09465551484360535
nicholson,without_sensitivity,tau0,219,865,0.11175432756331927
nicholson,without_sensitivity,tau0,220,866,0.09526222751125432
nicholson,without_sensitivity,tau0,221,876,0.05776283456827615
nicholson,without_sensitivity,tau0,222,882,0.22676905643638579
nicholson,without_sensitivity,tau0,223,883,0.0899667752216121
nicholson,without_sensitivity,tau0,224,885,0.2902390579197221
nicholson,without_sensitivity,tau0,225,886,0.07011491922013036
nicholson,without_sensitivity,tau0,226,888,0.34434836485642084
nicholson,without_sensitivity,tau0,227,889,0.33834344972993796
nicholson,without_sensitivity,tau0,228,891,0.22719303810636574
nicholson,without_sensitivity,tau0,229,901,0.426266076784132
nicholson,without_sensitivity,tau0,230,904,0.1070884019955113
nicholson,without_sensitivity,tau0,231,907,0.06090672093310542
nicholson,without_sensitivity,tau0,232,908,0.8299050144039912
nicholson,without_sensitivity,tau0,233,913,0.36501778399882
nicholson,without_sensitivity,tau0,234,915,0.5014182817447217
nicholson,without_sensitivity,tau0,235,925,0.5656172787400905
nicholson,without_sensitivity,tau0,236,932,0.8775183069377107
nicholson,without_sensitivity,tau0,237,940,0.20983892989873396
nicholson,without_sensitivity,tau0,238,943,0.2770187520009792
nicholson,without_sensitivity,tau0,239,945,0.7584754382184847
nicholson,without_sensitivity,tau0,240,947,0.22614960363656536
nicholson,without_sensitivity,tau0,241,948,0.09706832447732495
nicholson,without_sensitivity,tau0,242,953,0.3323366685520876
nicholson,without_sensitivity,tau0,243,957,0.07394868943630317
nicholson,without_sensitivity,tau0,244,961,0.5430642372253376
nicholson,without_sensitivity,tau0,245,963,0.14074687231559585
nicholson,without_sensitivity,tau0,246,965,0.18913573311193382
nicholson,without_sensitivity,tau0,247,968,0.2176177232657061
nicholson,without_sensitivity,tau0,248,973,0.2075704013737743
nicholson,without_sensitivity,tau0,249,977,0.3336457508645729
nicholson,without_sensitivity,tau0,250,979,0.11510072104917494
nicholson,without_sensitivity,tau0,251,985,0.6466506760789507
nicholson,without_sensitivity,tau0,252,986,0.3715443441833769
nicholson,without_sensitivity,tau0,253,987,0.4972739999582644
nicholson,without_sensitivity,tau0,254,990,0.17342756734509202
nicholson,without_sensitivity,tau0,255,1002,0.07393332219115337
nicholson,without_sensitivity,tau0,256,1007,0.03871974464169254
nicholson,without_sensitivity,tau0,257,1011,0.547277553927965
nicholson,without_sensitivity,tau0,258,1013,0.09673433671806904
nicholson,without_sensitivity,tau0,259,1014,0.2839306962769142
nicholson,without_sensitivity,tau0,260,1017,0.29166658511158716
nicholson,without_sensitivity,tau0,261,1018,0.14509028251470188
nicholson,without_sensitivity,tau0,262,1019,0.3583396878223717
nicholson,without_sensitivity,tau0,263,1026,0.14288191981339973
nicholson,without_sensitivity,tau0,264,1027,0.5239324535918184
nicholson,without_sensitivity,tau0,265,1032,0.09653029047157664
nicholson,without_sensitivity,tau0,266,1034,0.21864720358149894
nicholson,without_sensitivity,tau0,267,1035,0.13181814458252328
nicholson,without_sensitivity,tau0,268,1037,0.1124532382857509
nicholson,without_sensitivity,tau0,269,1038,0.07636510743514816
nicholson,without_sensitivity,tau0,270,1040,0.5321121416742878
nicholson,without_sensitivity,tau0,271,1043,0.8357127441992753
nicholson,without_sensitivity,tau0,272,1045,0.3286647369224509
nicholson,without_sensitivity,tau0,273,1054,0.07521533345919817
nicholson,without_sensitivity,tau0,274,1055,0.22729627475146516
nicholson,without_sensitivity,tau0,275,1057,0.34833437400243833
nicholson,without_sensitivity,tau0,276,1059,0.3556166089391863
nicholson,without_sensitivity,tau0,277,1070,0.28855091632230895
nicholson,without_sensitivity,tau0,278,1076,0.7617398550137515
nicholson,without_sensitivity,tau0,279,1078,0.6013384037631092
nicholson,without_sensitivity,tau0,280,1079,0.09797160896770205
nicholson,without_sensitivity,tau0,281,1080,0.12036629041571888
nicholson,without_sensitivity,tau0,282,1082,0.07709495359876567
nicholson,without_sensitivity,tau0,283,1086,0.5524075013291803
nicholson,without_sensitivity,tau0,284,1091,0.10949875652988444
nicholson,without_sensitivity,tau0,285,1095,0.6181101086945554
nicholson,without_sensitivity,tau0,286,1096,0.43721126923725107
nicholson,without_sensitivity,tau0,287,1101,0.11516673017375999
nicholson,without_sensitivity,tau0,288,1103,0.7334674512037853
nicholson,without_sensitivity,tau0,289,1105,0.25497649648330317
nicholson,without_sensitivity,tau0,290,1107,1.1190886737271468
nicholson,without_sensitivity,tau0,291,1119,0.3064767549580841
nicholson,without_sensitivity,tau0,292,1121,0.44234298137750255
nicholson,without_sensitivity,tau0,293,1123,0.18506527146262924
nicholson,without_sensitivity,tau0,294,1125,0.5725669886369817
nicholson,without_sensitivity,tau0,295,1127,0.05853010279296768
nicholson,without_sensitivity,tau0,296,1141,0.11077647541625969
nicholson,without_sensitivity,tau0,297,1151,0.05630205290767059
nicholson,without_sensitivity,tau0,298,1154,0.08068803368689666
nicholson,without_sensitivity,tau0,299,1155,0.1455851013733323
nicholson,without_sensitivity,tau0,300,1156,0.06318892721664512
nicholson,without_sensitivity,tau0,301,1158,0.2593049747631422
nicholson,without_sensitivity,tau0,302,1159,0.12926121925685868
nicholson,without_sensitivity,tau0,303,1161,0.25547236569918297
nicholson,without_sensitivity,tau0,304,1162,0.0952013065235792
nicholson,without_sensitivity,tau0,305,1164,0.05736048942548231
nicholson,without_sensitivity,tau0,306,1165,0.057133367526846626
nicholson,without_sensitivity,tau0,307,1167,0.2582595136785281
nicholson,without_sensitivity,tau0,308,1174,0.048500020718640166
nicholson,without_sensitivity,tau0,309,1175,0.11985727087533345
nicholson,without_sensitivity,tau0,310,1180,0.32819888951642906
nicholson,without_sensitivity,tau0,311,1185,0.05465566700731651
nicholson,without_sensitivity,tau0,312,1186,0.09508243664946626
nicholson,without_sensitivity,tau0,313,1192,0.0800810776804339
nicholson,without_sensitivity,tau0,314,1196,0.15450956328637527
nicholson,without_sensitivity,tau0,315,1198,0.0827044395997235
nicholson,without_sensitivity,tau0,316,1200,0.103440637909431
nicholson,without_sensitivity,tau0,317,1206,0.18783063208524708
nicholson,without_sensitivity,tau0,318,1207,0.08984613446533665
nicholson,without_sensitivity,tau0,319,1208,0.62803236262598
nicholson,without_sensitivity,tau0,320,1209,1.3553990184886497
nicholson,without_sensitivity,tau0,321,1214,0.5454489265819541
nicholson,without_sensitivity,tau0,322,1229,0.0665201549946124
nicholson,without_sensitivity,tau0,323,1233,0.6468662261050286
nicholson,without_sensitivity,tau0,324,1238,0.5950690375206347
nicholson,without_sensitivity,tau0,325,1239,0.1517423465720065
nicholson,without_sensitivity,tau0,326,1243,0.25798415399214547
nicholson,without_sensitivity,tau0,327,1244,0.9255463413005226
nicholson,without_sensitivity,tau0,328,1245,0.37477027110506167
nicholson,without_sensitivity,tau0,329,1247,0.13343059566240115
nicholson,without_sensitivity,tau0,330,1249,0.13589382116817453
nicholson,without_sensitivity,tau0,331,1254,0.2178725782611116
nicholson,without_sensitivity,tau0,332,1256,0.11958142903940766
nicholson,without_sensitivity,tau0,333,1260,0.38210552113740653
nicholson,without_sensitivity,tau0,334,1261,0.09096530945072187
nicholson,without_sensitivity,tau0,335,1268,0.7199775151119836
nicholson,without_sensitivity,tau0,336,1271,0.3503547719385063
nicholson,without_sensitivity,tau0,337,1272,0.2469362828465184
nicholson,without_sensitivity,tau0,338,1277,0.12391569644146823
nicholson,without_sensitivity,tau0,339,1279,0.3840972939392671
nicholson,without_sensitivity,tau0,340,1282,0.08033413158797079
nicholson,without_sensitivity,tau0,341,1286,0.3498935545953965
nicholson,without_sensitivity,tau0,342,1288,0.6524498824851808
nicholson,without_sensitivity,tau0,343,1291,0.5273530783608497
nicholson,without_sensitivity,tau0,344,1292,0.082437217151034
nicholson,without_sensitivity,tau0,345,1300,0.13723510850214532
nicholson,without_sensitivity,tau0,346,1302,0.8922908227009076
nicholson,without_sensitivity,tau0,347,1308,0.7175851925737876
nicholson,without_sensitivity,tau0,348,1311,0.2634377636600204
nicholson,without_sensitivity,tau0,349,1319,0.11405782389936928
nicholson,without_sensitivity,tau0,350,1321,0.5491725548889937
nicholson,without_sensitivity,tau0,351,1325,0.10694782728517481
nicholson,without_sensitivity,tau0,352,1333,0.1564212923249146
nicholson,without_sensitivity,tau0,353,1335,0.1428968664996474
nicholson,without_sensitivity,tau0,354,1336,0.5848485910927016
nicholson,without_sensitivity,tau0,355,1341,0.1237472608785594
nicholson,without_sensitivity,tau0,356,1343,0.29917775388844314
nicholson,without_sensitivity,tau0,357,1359,0.34549673988383034
nicholson,without_sensitivity,tau0,358,1360,0.34782359229404197
nicholson,without_sensitivity,tau0,359,1365,0.6475072810921051
nicholson,without_sensitivity,tau0,360,1371,0.13451162111570386
nicholson,without_sensitivity,tau0,361,1374,0.4285605937768394
nicholson,without_sensitivity,tau0,362,1377,0.301146956313587
nicholson,without_sensitivity,tau0,363,1378,0.22397019290373613
nicholson,without_sensitivity,tau0,364,1383,0.05385349168028893
nicholson,without_sensitivity,tau0,365,1385,0.30649290424465536
nicholson,without_sensitivity,tau0,366,1390,0.16477965375551445
nicholson,without_sensitivity,tau0,367,1393,0.511506915021341
nicholson,without_sensitivity,tau0,368,1394,0.43595570270599077
nicholson,without_sensitivity,tau0,369,1395,0.17842057770900344
nicholson,without_sensitivity,tau0,370,1402,0.46555794224490615
nicholson,without_sensitivity,tau0,371,1403,0.11267342023624616
nicholson,without_sensitivity,tau0,372,1404,0.16813254329514135
nicholson,without_sensitivity,tau0,373,1407,0.09997001705244157
nicholson,without_sensitivity,tau0,374,1414,0.09400595278091735
nicholson,without_sensitivity,tau0,375,1416,0.4665294377682751
nicholson,without_sensitivity,tau0,376,1421,0.39169257433817173
nicholson,without_sensitivity,tau0,377,1423,0.5298104878429001
nicholson,without_sensitivity,tau0,378,1428,0.2808576762606876
nicholson,without_sensitivity,tau0,379,1431,0.09317385423783504
nicholson,without_sensitivity,tau0,380,1432,0.4662626062943576
nicholson,without_sensitivity,tau0,381,1435,0.12334724112642101
nicholson,without_sensitivity,tau0,382,1440,0.06080948670482222
nicholson,without_sensitivity,tau0,383,1443,0.04292720478478159
nicholson,without_sensitivity,tau0,384,1461,0.5082917946758091
nicholson,without_sensitivity,tau0,385,1474,0.06249021602506834
nicholson,without_sensitivity,tau0,386,1475,0.22584107179329066
nicholson,without_sensitivity,tau0,387,1479,0.07806732537593487
nicholson,without_sensitivity,tau0,388,1483,0.42969028541200394
nicholson,without_sensitivity,tau0,389,1487,0.057281107837370664
nicholson,without_sensitivity,tau0,390,1488,0.05891994965926044
nicholson,without_sensitivity,tau0,391,1493,0.6844646143059627
nicholson,without_sensitivity,tau0,392,1494,0.30838976850678274
nicholson,without_sensitivity,tau0,393,1498,0.12019557564365838
nicholson,without_sensitivity,tau0,394,1503,0.24904120467945265
nicholson,without_sensitivity,tau0,395,1514,0.08492172501750128
nicholson,without_sensitivity,tau0,396,1518,0.16956202700648704
nicholson,without_sensitivity,tau0,397,1523,0.38235083783607476
nicholson,without_sensitivity,tau0,398,1539,0.5342111596119448
nicholson,without_sensitivity,tau0,399,1558,0.5737633898106521
nicholson,without_sensitivity,tau0,400,1559,0.17004631734252634
nicholson,without_sensitivity,tau0,401,1562,0.5512839612641953
nicholson,without_sensitivity,tau0,402,1567,0.1419136079637449
nicholson,without_sensitivity,tau0,403,1571,0.1799697397623918
nicholson,without_sensitivity,tau0,404,1573,0.07580492640877738
nicholson,without_sensitivity,tau0,405,1574,0.2027638215011195
nicholson,without_sensitivity,tau0,406,1576,0.07819170623347663
nicholson,without_sensitivity,tau0,407,1579,0.08646340412177676
nicholson,without_sensitivity,tau0,408,1584,0.13120817454279685
nicholson,without_sensitivity,tau0,409,1586,0.04594005300663945
nicholson,without_sensitivity,tau0,410,1589,0.06279677055958216
nicholson,without_sensitivity,tau0,411,1591,0.23312914590105155
nicholson,without_sensitivity,tau0,412,1594,0.1049611979430656
nicholson,without_sensitivity,tau0,413,1597,0.5571706125077851
nicholson,without_sensitivity,tau0,414,1613,0.3364775754781413
nicholson,without_sensitivity,tau0,415,1615,0.1417018839901875
nicholson,without_sensitivity,tau0,416,1616,0.32344722995654734
nicholson,without_sensitivity,tau0,417,1618,0.07703832999058038
nicholson,without_sensitivity,tau0,418,1619,0.17952137105797533
nicholson,without_sensitivity,tau0,419,1622,0.7114488612623224
nicholson,without_sensitivity,tau0,420,1625,0.2772071516743626
nicholson,without_sensitivity,tau0,421,1627,0.21308532592962562
nicholson,without_sensitivity,tau0,422,1631,0.2803363709764183
nicholson,without_sensitivity,tau0,423,1634,0.1111540579217245
nicholson,without_sensitivity,tau0,424,1638,0.31144620631299935
nicholson,without_sensitivity,tau0,425,1648,0.1986552763953055
nicholson,without_sensitivity,tau0,426,1668,0.061243668824921806
nicholson,without_sensitivity,tau0,427,1676,0.822061448467882
nicholson,without_sensitivity,tau0,428,1689,0.08508849892139249
nicholson,without_sensitivity,tau0,429,1698,0.22039000684755347
nicholson,without_sensitivity,tau0,430,1709,0.0796687951752222
nicholson,without_sensitivity,tau0,431,1711,0.10009569751658848
nicholson,without_sensitivity,tau0,432,1712,0.16730065989213525
nicholson,without_sensitivity,tau0,433,1713,0.056029774400829215
nicholson,without_sensitivity,tau0,434,1714,0.1670503215184041
nicholson,without_sensitivity,tau0,435,1715,0.22979763842623604
nicholson,without_sensitivity,tau0,436,1717,0.09856449434619735
nicholson,without_sensitivity,tau0,437,1718,0.20019201990794752
nicholson,without_sensitivity,tau0,438,1723,0.4258820458747052
nicholson,without_sensitivity,tau0,439,1729,0.39518849739349843
nicholson,without_sensitivity,tau0,440,1730,0.11742287112869651
nicholson,without_sensitivity,tau0,441,1733,0.6710653753178675
nicholson,without_sensitivity,tau0,442,1734,0.5011787441711305
nicholson,without_sensitivity,tau0,443,1736,0.2101975951004919
nicholson,without_sensitivity,tau0,444,1737,0.34122801672368314
nicholson,without_sensitivity,tau0,445,1739,0.701449159757604
nicholson,without_sensitivity,tau0,446,1748,0.11831569119815849
nicholson,without_sensitivity,tau0,447,1762,0.25453380982335694
nicholson,without_sensitivity,tau0,448,1764,0.7195821176750259
nicholson,without_sensitivity,tau0,449,1765,0.23162509653508329
nicholson,without_sensitivity,tau0,450,1767,0.0758246274379998
nicholson,without_sensitivity,tau0,451,1771,0.1561085350823359
nicholson,without_sensitivity,tau0,452,1780,0.42287435937099427
nicholson,without_sensitivity,tau0,453,1783,0.06634218137847571
nicholson,without_sensitivity,tau0,454,1788,0.268759978623952
nicholson,without_sensitivity,tau0,455,1790,0.11015988214987339
nicholson,without_sensitivity,tau0,456,1793,0.24528666640379165
nicholson,without_sensitivity,tau0,457,1797,0.07466599340077616
nicholson,without_sensitivity,tau0,458,1803,0.3033302153147007
nicholson,without_sensitivity,tau0,459,1817,0.09027248989499334
nicholson,without_sensitivity,tau0,460,1820,0.3961052851002426
nicholson,without_sensitivity,tau0,461,1824,0.13729086419907685
nicholson,without_sensitivity,tau0,462,1829,0.38055131314460633
nicholson,without_sensitivity,tau0,463,1830,0.046296653555219884
nicholson,without_sensitivity,tau0,464,1835,0.14866857345177895
nicholson,without_sensitivity,tau0,465,1838,0.7010047907861645
nicholson,without_sensitivity,tau0,466,1839,0.327574400093828
nicholson,without_sensitivity,tau0,467,1845,0.13620280744937346
nicholson,without_sensitivity,tau0,468,1849,0.07500049579903831
nicholson,without_sensitivity,tau0,469,1853,0.061815707492570544
nicholson,without_sensitivity,tau0,470,1855,0.24334974331467402
nicholson,without_sensitivity,tau0,471,1857,0.13508094179507382
nicholson,without_sensitivity,tau0,472,1863,0.4288917164271496
nicholson,without_sensitivity,tau0,473,1864,0.9589621332725599
nicholson,without_sensitivity,tau0,474,1865,0.10742133611866841
nicholson,without_sensitivity,tau0,475,1867,0.09963154538692155
nicholson,without_sensitivity,tau0,476,1878,0.07308648910056322
nicholson,without_sensitivity,tau0,477,1884,0.600033757004519
nicholson,without_sensitivity,tau0,478,1885,0.33931403547255945
nicholson,without_sensitivity,tau0,479,1889,0.48151684686554364
nicholson,without_sensitivity,tau0,480,1895,0.18679862474473624
nicholson,without_sensitivity,tau0,481,1897,0.2286284282944447
nicholson,without_sensitivity,tau0,482,1899,0.5267670871340296
nicholson,without_sensitivity,tau0,483,1900,0.31273544968756245
nicholson,without_sensitivity,tau0,484,1907,0.4285806065150895
nicholson,without_sensitivity,tau0,485,1912,0.8380544840037142
nicholson,without_sensitivity,tau0,486,1913,0.078262670838596
nicholson,without_sensitivity,tau0,487,1916,0.2518714328030741
nicholson,without_sensitivity,tau0,488,1917,0.3020549272976897
nicholson,without_sensitivity,tau0,489,1922,0.3152604705894963
nicholson,without_sensitivity,tau0,490,1931,0.10454371945106378
nicholson,without_sensitivity,tau0,491,1949,0.24051948749336907
nicholson,without_sensitivity,tau0,492,1951,0.8985241346123047
nicholson,without_sensitivity,tau0,493,1954,0.2968402383743246
nicholson,without_sensitivity,tau0,494,1955,0.36892696965348487
nicholson,without_sensitivity,tau0,495,1959,0.0560184844470335
nicholson,without_sensitivity,tau0,496,1960,0.3877239620136256
nicholson,without_sensitivity,tau0,497,1961,0.4256021933053413
nicholson,without_sensitivity,tau0,498,1966,0.17058541221601428
nicholson,without_sensitivity,tau0,499,1974,0.2891473799913467
nicholson,without_sensitivity,tau0,500,1976,0.11083485832606695
nicholson,without_sensitivity,tau0,501,1980,0.12164192642824652
nicholson,without_sensitivity,tau0,502,1990,0.0975869935327907
nicholson,without_sensitivity,tau0,503,1991,0.2564393385524298
nicholson,without_sensitivity,tau0,504,2009,0.25285920842772425
nicholson,without_sensitivity,tau0,505,2012,0.2351737579215614
nicholson,without_sensitivity,tau0,506,2015,0.5777917640086074
nicholson,without_sensitivity,tau0,507,2021,0.08458552938669961
nicholson,without_sensitivity,tau0,508,2022,0.29092833210784386
nicholson,without_sensitivity,tau0,509,2025,0.4811107325272287
nicholson,without_sensitivity,tau0,510,2032,0.5496862807891284
nicholson,without_sensitivity,tau0,511,2037,0.47134993143062115
nicholson,with_sensitivity,overall,0,0,0.00363733666090173
nicholson,with_sensitivity,overall,1,7,0.002313641692156461
nicholson,with_sensitivity,overall,2,9,0.005401116769009573
nicholson,with_sensitivity,overall,3,11,0.0030873789652097203
nicholson,with_sensitivity,overall,4,14,0.0023837003187997165
nicholson,with_sensitivity,overall,5,26,0.0017280464820137455
nicholson,with_sensitivity,overall,6,30,0.007747995891500778
nicholson,with_sensitivity,overall,7,31,0.003101680840804671
nicholson,with_sensitivity,overall,8,35,0.0028383918204867194
nicholson,with_sensitivity,overall,9,40,0.0025897166510072045
nicholson,with_sensitivity,overall,10,41,0.005332035281202488
nicholson,with_sensitivity,overall,11,44,0.005695321449172102
nicholson,with_sensitivity,overall,12,56,0.009988566415689345
nicholson,with_sensitivity,overall,13,57,0.004810249290406363
nicholson,with_sensitivity,overall,14,59,0.002039378981683251
nicholson,with_sensitivity,overall,15,61,0.002415067818279056
nicholson,with_sensitivity,overall,16,65,0.0038209351298752877
nicholson,with_sensitivity,overall,17,71,0.001537234393994839
nicholson,with_sensitivity,overall,18,80,0.001988074370424194
nicholson,with_sensitivity,overall,19,83,0.008181917408994283
nicholson,with_sensitivity,overall,20,85,0.001805483343593832
nicholson,with_sensitivity,overall,21,86,0.0025746780495061058
nicholson,with_sensitivity,overall,22,87,0.0038250614069908913
nicholson,with_sensitivity,overall,23,88,0.002538844312387683
nicholson,with_sensitivity,overall,24,90,0.004812363439289863
nicholson,with_sensitivity,overall,25,96,0.010744310478633442
nicholson,with_sensitivity,overall,26,102,0.0022364901170599458
nicholson,with_sensitivity,overall,27,103,0.005265484656412408
nicholson,with_sensitivity,overall,28,104,0.0058965110405449685
nicholson,with_sensitivity,overall,29,107,0.003301666035966922
nicholson,with_sensitivity,overall,30,108,0.008149092442871469
nicholson,with_sensitivity,overall,31,111,0.0023469826049560254
nicholson,with_sensitivity,overall,32,112,0.0028980741667368214
nicholson,with_sensitivity,overall,33,115,0.0038900871313260876
nicholson,with_sensitivity,overall,34,121,0.01130779693324815
nicholson,with_sensitivity,overall,35,122,0.003147862638373179
nicholson,with_sensitivity,overall,36,123,0.005557646377290913
nicholson,with_sensitivity,overall,37,127,0.0015877252236938444
nicholson,with_sensitivity,overall,38,135,0.002517681774602918
nicholson,with_sensitivity,overall,39,136,0.0015920935530066493
nicholson,with_sensitivity,overall,40,138,0.005435210640945796
nicholson,with_sensitivity,overall,41,142,0.0037547707563182053
nicholson,with_sensitivity,overall,42,153,0.0029807741000396895
nicholson,with_sensitivity,overall,43,154,0.0032274384972832337
nicholson,with_sensitivity,overall,44,158,0.003795656707961824
nicholson,with_sensitivity,overall,45,163,0.004182486210165811
nicholson,with_sensitivity,overall,46,164,0.005004572569109218
nicholson,with_sensitivity,overall,47,166,0.006244897414113414
nicholson,with_sensitivity,overall,48,170,0.005314629140709038
nicholson,with_sensitivity,overall,49,178,0.0033462800108686923
nicholson,with_sensitivity,overall,50,180,0.002213953441856017
nicholson,with_sensitivity,overall,51,183,0.0044069060460943735
nicholson,with_sensitivity,overall,52,184,0.016166206679155137
nicholson,with_sensitivity,overall,53,186,0.002048879807044547
nicholson,with_sensitivity,overall,54,188,0.0031595377169064062
nicholson,with_sensitivity,overall,55,189,0.0020662885387401587
nicholson,with_sensitivity,overall,56,191,0.012807394286977686
nicholson,with_sensitivity,overall,57,192,0.00274235284806448
nicholson,with_sensitivity,overall,58,195,0.0020515930670044324
nicholson,with_sensitivity,overall,59,196,0.0022550194747122483
nicholson,with_sensitivity,overall,60,203,0.0027297949840868786
nicholson,with_sensitivity,overall,61,207,0.004097462731242052
nicholson,with_sensitivity,overall,62,210,0.0027367661524192633
nicholson,with_sensitivity,overall,63,211,0.0013603117431946244
nicholson,with_sensitivity,overall,64,212,0.004663380719312245
nicholson,with_sensitivity,overall,65,213,0.005263275560965813
nicholson,with_sensitivity,overall,66,214,0.0027369284486587903
nicholson,with_sensitivity,overall,67,215,0.0038111572586990894
nicholson,with_sensitivity,overall,68,223,0.0018277016058874337
nicholson,with_sensitivity,overall,69,228,0.0038565899802655815
nicholson,with_sensitivity,overall,70,235,0.002571102196781255
nicholson,with_sensitivity,overall,71,241,0.00748224324216973
nicholson,with_sensitivity,overall,72,242,0.0042694474406743815
nicholson,with_sensitivity,overall,73,245,0.0032942464222517637
nicholson,with_sensitivity,overall,74,247,0.005403933331183836
nicholson,with_sensitivity,overall,75,251,0.0024259053364273685
nicholson,with_sensitivity,overall,76,259,0.00731735845250765
nicholson,with_sensitivity,overall,77,263,0.0034758750453307047
nicholson,with_sensitivity,overall,78,264,0.001977025422957497
nicholson,with_sensitivity,overall,79,267,0.003336306445512255
nicholson,with_sensitivity,overall,80,278,0.0024727519715838516
nicholson,with_sensitivity,overall,81,279,0.003743834018587458
nicholson,with_sensitivity,overall,82,282,0.004283734953333844
nicholson,with_sensitivity,overall,83,283,0.0029657855433792065
nicholson,with_sensitivity,overall,84,292,0.004650718922810735
nicholson,with_sensitivity,overall,85,298,0.0023859659494549776
nicholson,with_sensitivity,overall,86,299,0.002248710666394286
nicholson,with_sensitivity,overall,87,303,0.004840780338922772
nicholson,with_sensitivity,overall,88,304,0.003002449978039848
nicholson,with_sensitivity,overall,89,311,0.0022248127688368263
nicholson,with_sensitivity,overall,90,318,0.003132671222612491
nicholson,with_sensitivity,overall,91,319,0.004816932684523681
nicholson,with_sensitivity,overall,92,326,0.0034062625321304987
nicholson,with_sensitivity,overall,93,327,0.005133693612199954
nicholson,with_sensitivity,overall,94,328,0.002722004523622814
nicholson,with_sensitivity,overall,95,331,0.0015786289059072148
nicholson,with_sensitivity,overall,96,332,0.001861704146055599
nicholson,with_sensitivity,overall,97,333,0.0024950225035387905
nicholson,with_sensitivity,overall,98,336,0.005318208075851536
nicholson,with_sensitivity,overall,99,338,0.007315336520619289
nicholson,with_sensitivity,overall,100,352,0.005548200899110062
nicholson,with_sensitivity,overall,101,367,0.002880958134769959
nicholson,with_sensitivity,overall,102,375,0.007700063452927938
nicholson,with_sensitivity,overall,103,385,0.002624549271979267
nicholson,with_sensitivity,overall,104,388,0.0024094012010755796
nicholson,with_sensitivity,overall,105,389,0.0022556635621569844
nicholson,with_sensitivity,overall,106,407,0.0025336746092822666
nicholson,with_sensitivity,overall,107,410,0.006390794260782314
nicholson,with_sensitivity,overall,108,411,0.006188797203372786
nicholson,with_sensitivity,overall,109,415,0.002671171915676913
nicholson,with_sensitivity,overall,110,418,0.002921805764151509
nicholson,with_sensitivity,overall,111,420,0.0062137593436642335
nicholson,with_sensitivity,overall,112,428,0.00386670579790266
nicholson,with_sensitivity,overall,113,429,0.0019219534626966652
nicholson,with_sensitivity,overall,114,444,0.0037503982588473713
nicholson,with_sensitivity,overall,115,448,0.002426154911691964
nicholson,with_sensitivity,overall,116,453,0.002528360174856095
nicholson,with_sensitivity,overall,117,457,0.002168860381993272
nicholson,with_sensitivity,overall,118,462,0.002389316242362371
nicholson,with_sensitivity,overall,119,464,0.0031572080310669904
nicholson,with_sensitivity,overall,120,467,0.006401219295145659
nicholson,with_sensitivity,overall,121,475,0.0018949733051329438
nicholson,with_sensitivity,overall,122,477,0.0025632488094691043
nicholson,with_sensitivity,overall,123,479,0.003031338954226625
nicholson,with_sensitivity,overall,124,484,0.0034893941578104425
nicholson,with_sensitivity,overall,125,486,0.0020332824757080528
nicholson,with_sensitivity,overall,126,487,0.004568157741493513
nicholson,with_sensitivity,overall,127,494,0.0023407527359266293
nicholson,with_sensitivity,overall,128,505,0.0035632592637043787
nicholson,with_sensitivity,overall,129,509,0.0033162106948085
nicholson,with_sensitivity,overall,130,510,0.0035880512775363998
nicholson,with_sensitivity,overall,131,511,0.0028990841235473795
nicholson,with_sensitivity,overall,132,526,0.0030657698695666967
nicholson,with_sensitivity,overall,133,527,0.005153551310758934
nicholson,with_sensitivity,overall,134,530,0.002525044925031432
nicholson,with_sensitivity,overall,135,531,0.003286313929095395
nicholson,with_sensitivity,overall,136,532,0.011070826174058076
nicholson,with_sensitivity,overall,137,535,0.0034654257208514556
nicholson,with_sensitivity,overall,138,551,0.005432269799998425
nicholson,with_sensitivity,overall,139,558,0.0030714395132619924
nicholson,with_sensitivity,overall,140,560,0.00258994812423179
nicholson,with_sensitivity,overall,141,564,0.0029255020447763497
nicholson,with_sensitivity,overall,142,567,0.0017904519550460507
nicholson,with_sensitivity,overall,143,568,0.003507543401049041
nicholson,with_sensitivity,overall,144,570,0.0033202528266127814
nicholson,with_sensitivity,overall,145,573,0.0015198797029043348
nicholson,with_sensitivity,overall,146,580,0.0034310532919776347
nicholson,with_sensitivity,overall,147,589,0.003457132336146539
nicholson,with_sensitivity,overall,148,596,0.0019262300456906797
nicholson,with_sensitivity,overall,149,597,0.004069117401787473
nicholson,with_sensitivity,overall,150,599,0.015514052978560407
nicholson,with_sensitivity,overall,151,605,0.002299376717769708
nicholson,with_sensitivity,overall,152,610,0.00811311548075726
nicholson,with_sensitivity,overall,153,614,0.001979478429782281
nicholson,with_sensitivity,overall,154,615,0.007813177556981785
nicholson,with_sensitivity,overall,155,616,0.0029835946635719045
nicholson,with_sensitivity,overall,156,618,0.004726707304391558
nicholson,with_sensitivity,overall,157,621,0.005483420372573742
nicholson,with_sensitivity,overall,158,624,0.00218531965015657
nicholson,with_sensitivity,overall,159,631,0.005448185496212367
nicholson,with_sensitivity,overall,160,637,0.0035409808790113793
nicholson,with_sensitivity,overall,161,640,0.006621142787314305
nicholson,with_sensitivity,overall,162,646,0.005069418761587181
nicholson,with_sensitivity,overall,163,654,0.0062622325587272315
nicholson,with_sensitivity,overall,164,661,0.0014537460314489267
nicholson,with_sensitivity,overall,165,664,0.006933441694236021
nicholson,with_sensitivity,overall,166,667,0.0025554593210423767
nicholson,with_sensitivity,overall,167,674,0.0027003359559669036
nicholson,with_sensitivity,overall,168,688,0.0063176457828862985
nicholson,with_sensitivity,overall,169,696,0.005005759484771119
nicholson,with_sensitivity,overall,170,702,0.006084381518529994
nicholson,with_sensitivity,overall,171,707,0.0012901895476633309
nicholson,with_sensitivity,overall,172,709,0.003140348079192351
nicholson,with_sensitivity,overall,173,710,0.01095408419256253
nicholson,with_sensitivity,overall,174,718,0.0024338811383066285
nicholson,with_sensitivity,overall,175,721,0.004355802703630347
nicholson,with_sensitivity,overall,176,724,0.004748794871735149
nicholson,with_sensitivity,overall,177,733,0.003011386971825797
nicholson,with_sensitivity,overall,178,735,0.002748557868824586
nicholson,with_sensitivity,overall,179,746,0.01288257852506553
nicholson,with_sensitivity,overall,180,748,0.003946169266841726
nicholson,with_sensitivity,overall,181,751,0.0022859546928519865
nicholson,with_sensitivity,overall,182,752,0.002707817788530895
nicholson,with_sensitivity,overall,183,759,0.004513719278167063
nicholson,with_sensitivity,overall,184,760,0.0036871530461811226
nicholson,with_sensitivity,overall,185,769,0.006712725981684934
nicholson,with_sensitivity,overall,186,773,0.003619558803894872
nicholson,with_sensitivity,overall,187,774,0.005685417896387584
nicholson,with_sensitivity,overall,188,775,0.001884423052673375
nicholson,with_sensitivity,overall,189,776,0.003946300102958438
nicholson,with_sensitivity,overall,190,777,0.004133412593776278
nicholson,with_sensitivity,overall,191,778,0.003655577079902535
nicholson,with_sensitivity,overall,192,779,0.005690770712950873
nicholson,with_sensitivity,overall,193,780,0.003782243745044204
nicholson,with_sensitivity,overall,194,782,0.0015322204769535003
nicholson,with_sensitivity,overall,195,789,0.001809396603777135
nicholson,with_sensitivity,overall,196,795,0.010006657424830003
nicholson,with_sensitivity,overall,197,799,0.005323847741479624
nicholson,with_sensitivity,overall,198,801,0.005089392990218516
nicholson,with_sensitivity,overall,199,802,0.002873708531781161
nicholson,with_sensitivity,overall,200,805,0.0031368591450177427
nicholson,with_sensitivity,overall,201,807,0.003420856072723255
nicholson,with_sensitivity,overall,202,808,0.00286856066187926
nicholson,with_sensitivity,overall,203,811,0.001936929831603959
nicholson,with_sensitivity,overall,204,813,0.0026488586794147177
nicholson,with_sensitivity,overall,205,814,0.009525830033110444
nicholson,with_sensitivity,overall,206,829,0.0017562834269899273
nicholson,with_sensitivity,overall,207,834,0.0056410901335828
nicholson,with_sensitivity,overall,208,836,0.004210752027135704
nicholson,with_sensitivity,overall,209,837,0.004006182534852482
nicholson,with_sensitivity,overall,210,838,0.002688785661167594
nicholson,with_sensitivity,overall,211,840,0.0035239312697003464
nicholson,with_sensitivity,overall,212,842,0.004556726649919478
nicholson,with_sensitivity,overall,213,843,0.002966333743210145
nicholson,with_sensitivity,overall,214,844,0.005136566146546878
nicholson,with_sensitivity,overall,215,852,0.002682651345336472
nicholson,with_sensitivity,overall,216,857,0.004344731476983703
nicholson,with_sensitivity,overall,217,858,0.002846737427929427
nicholson,with_sensitivity,overall,218,860,0.004744667029277556
nicholson,with_sensitivity,overall,219,865,0.003098165364802795
nicholson,with_sensitivity,overall,220,866,0.004403610946781483
nicholson,with_sensitivity,overall,221,876,0.00610209274046413
nicholson,with_sensitivity,overall,222,882,0.0028134306809461003
nicholson,with_sensitivity,overall,223,883,0.008849495110448023
nicholson,with_sensitivity,overall,224,885,0.0014594658980291155
nicholson,with_sensitivity,overall,225,886,0.0031357496382314796
nicholson,with_sensitivity,overall,226,888,0.0073751487347377374
nicholson,with_sensitivity,overall,227,889,0.0015764829369443597
nicholson,with_sensitivity,overall,228,891,0.008286057511008567
nicholson,with_sensitivity,overall,229,901,0.004269385267537687
nicholson,with_sensitivity,overall,230,904,0.0053715221686803
nicholson,with_sensitivity,overall,231,907,0.0068291928726684215
nicholson,with_sensitivity,overall,232,908,0.0019856334446066324
nicholson,with_sensitivity,overall,233,913,0.0032169556340007075
nicholson,with_sensitivity,overall,234,915,0.0026919392711129016
nicholson,with_sensitivity,overall,235,925,0.003098152448465894
nicholson,with_sensitivity,overall,236,932,0.0031584294905573716
nicholson,with_sensitivity,overall,237,940,0.005178408231672228
nicholson,with_sensitivity,overall,238,943,0.0021622508297832782
nicholson,with_sensitivity,overall,239,945,0.00252096657464805
nicholson,with_sensitivity,overall,240,947,0.0034348825050006184
nicholson,with_sensitivity,overall,241,948,0.005971147583138812
nicholson,with_sensitivity,overall,242,953,0.0023364703671451114
nicholson,with_sensitivity,overall,243,957,0.0055701807894725725
nicholson,with_sensitivity,overall,244,961,0.0034025753663859248
nicholson,with_sensitivity,overall,245,963,0.00809597694404272
nicholson,with_sensitivity,overall,246,965,0.004266221688960849
nicholson,with_sensitivity,overall,247,968,0.001433858658539989
nicholson,with_sensitivity,overall,248,973,0.0062956473515420825
nicholson,with_sensitivity,overall,249,977,0.0020321123479645343
nicholson,with_sensitivity,overall,250,979,0.005742571556575253
nicholson,with_sensitivity,overall,251,985,0.0025350500294885384
nicholson,with_sensitivity,overall,252,986,0.001987215796880106
nicholson,with_sensitivity,overall,253,987,0.0018911545002185202
nicholson,with_sensitivity,overall,254,990,0.003574429583942465
nicholson,with_sensitivity,overall,255,1002,0.008864292871826947
nicholson,with_sensitivity,overall,256,1007,0.0034586789409910526
nicholson,with_sensitivity,overall,257,1011,0.0040537565111475014
nicholson,with_sensitivity,overall,258,1013,0.004188858844938247
nicholson,with_sensitivity,overall,259,1014,0.004385488471675063
nicholson,with_sensitivity,overall,260,1017,0.003045762775261355
nicholson,with_sensitivity,overall,261,1018,0.0028279266959110217
nicholson,with_sensitivity,overall,262,1019,0.00219503728430592
nicholson,with_sensitivity,overall,263,1026,0.0047190308007695496
nicholson,with_sensitivity,overall,264,1027,0.003943953649859774
nicholson,with_sensitivity,overall,265,1032,0.008773189974338078
nicholson,with_sensitivity,overall,266,1034,0.002882760321677228
nicholson,with_sensitivity,overall,267,1035,0.0063665220887222885
nicholson,with_sensitivity,overall,268,1037,0.01241328330697623
nicholson,with_sensitivity,overall,269,1038,0.0021856524553884207
nicholson,with_sensitivity,overall,270,1040,0.004035047763189826
nicholson,with_sensitivity,overall,271,1043,0.0035990414681122836
nicholson,with_sensitivity,overall,272,1045,0.002522554998210012
nicholson,with_sensitivity,overall,273,1054,0.003756916114882116
nicholson,with_sensitivity,overall,274,1055,0.002826535602209153
nicholson,with_sensitivity,overall,275,1057,0.0016933402848001333
nicholson,with_sensitivity,overall,276,1059,0.005164286171530715
nicholson,with_sensitivity,overall,277,1070,0.0018947168637250785
nicholson,with_sensitivity,overall,278,1076,0.003024671161310993
nicholson,with_sensitivity,overall,279,1078,0.0020701368937047133
nicholson,with_sensitivity,overall,280,1079,0.006244156888492247
nicholson,with_sensitivity,overall,281,1080,0.0027712616378414586
nicholson,with_sensitivity,overall,282,1082,0.003970742142095955
nicholson,with_sensitivity,overall,283,1086,0.0025735140589703094
nicholson,with_sensitivity,overall,284,1091,0.007977495363537515
nicholson,with_sensitivity,overall,285,1095,0.003926767214505559
nicholson,with_sensitivity,overall,286,1096,0.003737086477090786
nicholson,with_sensitivity,overall,287,1101,0.002409453235704952
nicholson,with_sensitivity,overall,288,1103,0.00262089302212327
nicholson,with_sensitivity,overall,289,1105,0.0018025520805401755
nicholson,with_sensitivity,overall,290,1107,0.0024696040102790127
nicholson,with_sensitivity,overall,291,1119,0.0026545214917253574
nicholson,with_sensitivity,overall,292,1121,0.002901697283352066
nicholson,with_sensitivity,overall,293,1123,0.006053038661191512
nicholson,with_sensitivity,overall,294,1125,0.005287395909743399
nicholson,with_sensitivity,overall,295,1127,0.005236855742557936
nicholson,with_sensitivity,overall,296,1141,0.005102997889257515
nicholson,with_sensitivity,overall,297,1151,0.004487552292839366
nicholson,with_sensitivity,overall,298,1154,0.003409867009471115
nicholson,with_sensitivity,overall,299,1155,0.004187310070239558
nicholson,with_sensitivity,overall,300,1156,0.007113963603892997
nicholson,with_sensitivity,overall,301,1158,0.0017003815303865807
nicholson,with_sensitivity,overall,302,1159,0.0048445926250292315
nicholson,with_sensitivity,overall,303,1161,0.003090938000010655
nicholson,with_sensitivity,overall,304,1162,0.009303134294001697
nicholson,with_sensitivity,overall,305,1164,0.006367266450269047
nicholson,with_sensitivity,overall,306,1165,0.0052992905302885005
nicholson,with_sensitivity,overall,307,1167,0.001898525024663081
nicholson,with_sensitivity,overall,308,1174,0.004134833168505036
nicholson,with_sensitivity,overall,309,1175,0.005104925157341899
nicholson,with_sensitivity,overall,310,1180,0.00693477104118472
nicholson,with_sensitivity,overall,311,1185,0.006518842719035551
nicholson,with_sensitivity,overall,312,1186,0.0017615766708855855
nicholson,with_sensitivity,overall,313,1192,0.004099342964011856
nicholson,with_sensitivity,overall,314,1196,0.008315833440275682
nicholson,with_sensitivity,overall,315,1198,0.006023761164445168
nicholson,with_sensitivity,overall,316,1200,0.010579155954370338
nicholson,with_sensitivity,overall,317,1206,0.0016619919503205504
nicholson,with_sensitivity,overall,318,1207,0.009820036410234951
nicholson,with_sensitivity,overall,319,1208,0.0021644969926197786
nicholson,with_sensitivity,overall,320,1209,0.0026373470902893836
nicholson,with_sensitivity,overall,321,1214,0.0031776242974342317
nicholson,with_sensitivity,overall,322,1229,0.006620223762188217
nicholson,with_sensitivity,overall,323,1233,0.001984173371170336
nicholson,with_sensitivity,overall,324,1238,0.0023778505363043077
nicholson,with_sensitivity,overall,325,1239,0.007003866207032957
nicholson,with_sensitivity,overall,326,1243,0.0023813212334526266
nicholson,with_sensitivity,overall,327,1244,0.002946187376779977
nicholson,with_sensitivity,overall,328,1245,0.0024064307540350182
nicholson,with_sensitivity,overall,329,1247,0.002516024454364272
nicholson,with_sensitivity,overall,330,1249,0.0027825985446522303
nicholson,with_sensitivity,overall,331,1254,0.0027729931009265324
nicholson,with_sensitivity,overall,332,1256,0.0020708861337340105
nicholson,with_sensitivity,overall,333,1260,0.010311240433330931
nicholson,with_sensitivity,overall,334,1261,0.009804335925944076
nicholson,with_sensitivity,overall,335,1268,0.0027219283282957124
nicholson,with_sensitivity,overall,336,1271,0.002350840922810241
nicholson,with_sensitivity,overall,337,1272,0.005120857319751629
nicholson,with_sensitivity,overall,338,1277,0.0022326946721827365
nicholson,with_sensitivity,overall,339,1279,0.002694312259100209
nicholson,with_sensitivity,overall,340,1282,0.00813580074337208
nicholson,with_sensitivity,overall,341,1286,0.0019875418850684784
nicholson,with_sensitivity,overall,342,1288,0.0022342330007963005
nicholson,with_sensitivity,overall,343,1291,0.002574775083616391
nicholson,with_sensitivity,overall,344,1292,0.0061029241805898625
nicholson,with_sensitivity,overall,345,1300,0.006389337758787841
nicholson,with_sensitivity,overall,346,1302,0.003929516848665291
nicholson,with_sensitivity,overall,347,1308,0.0034911067010033117
nicholson,with_sensitivity,overall,348,1311,0.00533754111693727
nicholson,with_sensitivity,overall,349,1319,0.0029339690628336665
nicholson,with_sensitivity,overall,350,1321,0.004873380423932806
nicholson,with_sensitivity,overall,351,1325,0.0020539803249212487
nicholson,with_sensitivity,overall,352,1333,0.0018894373331812182
nicholson,with_sensitivity,overall,353,1335,0.006933314105782343
nicholson,with_sensitivity,overall,354,1336,0.003193138396390857
nicholson,with_sensitivity,overall,355,1341,0.00696302829237157
nicholson,with_sensitivity,overall,356,1343,0.0011207489594314247
nicholson,with_sensitivity,overall,357,1359,0.0020346057968862056
nicholson,with_sensitivity,overall,358,1360,0.0018188868316357835
nicholson,with_sensitivity,overall,359,1365,0.0034045031656033454
nicholson,with_sensitivity,overall,360,1371,0.0013228580700588408
nicholson,with_sensitivity,overall,361,1374,0.001568258936430514
nicholson,with_sensitivity,overall,362,1377,0.0030426094045419012
nicholson,with_sensitivity,overall,363,1378,0.0031871328652817357
nicholson,with_sensitivity,overall,364,1383,0.007254329798693609
nicholson,with_sensitivity,overall,365,1385,0.001954426477101112
nicholson,with_sensitivity,overall,366,1390,0.0042385996551988474
nicholson,with_sensitivity,overall,367,1393,0.00548861895864434
nicholson,with_sensitivity,overall,368,1394,0.002057924069945258
nicholson,with_sensitivity,overall,369,1395,0.010798850483874304
nicholson,with_sensitivity,overall,370,1402,0.0032994061772539016
nicholson,with_sensitivity,overall,371,1403,0.003730109863822828
nicholson,with_sensitivity,overall,372,1404,0.001872292037941834
nicholson,with_sensitivity,overall,373,1407,0.001696933678895956
nicholson,with_sensitivity,overall,374,1414,0.005672444497376443
nicholson,with_sensitivity,overall,375,1416,0.0027788339952037095
nicholson,with_sensitivity,overall,376,1421,0.002336838922364122
nicholson,with_sensitivity,overall,377,1423,0.002691698774203658
nicholson,with_sensitivity,overall,378,1428,0.0020037033957698335
nicholson,with_sensitivity,overall,379,1431,0.0015495507328910818
nicholson,with_sensitivity,overall,380,1432,0.002269299626606752
nicholson,with_sensitivity,overall,381,1435,0.007233926425753933
nicholson,with_sensitivity,overall,382,1440,0.005463367744343496
nicholson,with_sensitivity,overall,383,1443,0.003680873813262233
nicholson,with_sensitivity,overall,384,1461,0.002277751662737553
nicholson,with_sensitivity,overall,385,1474,0.005376080915892083
nicholson,with_sensitivity,overall,386,1475,0.008530832348527318
nicholson,with_sensitivity,overall,387,1479,0.003833220514113864
nicholson,with_sensitivity,overall,388,1483,0.001936835425373413
nicholson,with_sensitivity,overall,389,1487,0.0038078984317519017
nicholson,with_sensitivity,overall,390,1488,0.007836488824341918
nicholson,with_sensitivity,overall,391,1493,0.0027017817798857062
nicholson,with_sensitivity,overall,392,1494,0.004294098193949758
nicholson,with_sensitivity,overall,393,1498,0.004858156345962109
nicholson,with_sensitivity,overall,394,1503,0.00340096053000361
nicholson,with_sensitivity,overall,395,1514,0.0049386484121960025
nicholson,with_sensitivity,overall,396,1518,0.003916259527419291
nicholson,with_sensitivity,overall,397,1523,0.00289331698117753
nicholson,with_sensitivity,overall,398,1539,0.004249057994243098
nicholson,with_sensitivity,overall,399,1558,0.0029203128852014026
nicholson,with_sensitivity,overall,400,1559,0.009788027076538069
nicholson,with_sensitivity,overall,401,1562,0.003948792071848049
nicholson,with_sensitivity,overall,402,1567,0.009585863546236808
nicholson,with_sensitivity,overall,403,1571,0.002327195935009996
nicholson,with_sensitivity,overall,404,1573,0.004097382130194323
nicholson,with_sensitivity,overall,405,1574,0.005308283024730512
nicholson,with_sensitivity,overall,406,1576,0.007396381408621041
nicholson,with_sensitivity,overall,407,1579,0.006773504095492557
nicholson,with_sensitivity,overall,408,1584,0.009071268357736218
nicholson,with_sensitivity,overall,409,1586,0.004228964542812814
nicholson,with_sensitivity,overall,410,1589,0.005978459981996252
nicholson,with_sensitivity,overall,411,1591,0.0023591043659733297
nicholson,with_sensitivity,overall,412,1594,0.0019640204836710983
nicholson,with_sensitivity,overall,413,1597,0.0020534812999701774
nicholson,with_sensitivity,overall,414,1613,0.0015928606875052092
nicholson,with_sensitivity,overall,415,1615,0.003492073365174632
nicholson,with_sensitivity,overall,416,1616,0.0029571016094030477
nicholson,with_sensitivity,overall,417,1618,0.003021959150908026
nicholson,with_sensitivity,overall,418,1619,0.001583617875243286
nicholson,with_sensitivity,overall,419,1622,0.001518831208722399
nicholson,with_sensitivity,overall,420,1625,0.002401276886626944
nicholson,with_sensitivity,overall,421,1627,0.003816820523043957
nicholson,with_sensitivity,overall,422,1631,0.0010979342983980778
nicholson,with_sensitivity,overall,423,1634,0.004100177779191577
nicholson,with_sensitivity,overall,424,1638,0.0017426484763271074
nicholson,with_sensitivity,overall,425,1648,0.001779159263954205
nicholson,with_sensitivity,overall,426,1668,0.00392006972116644
nicholson,with_sensitivity,overall,427,1676,0.003419951274988825
nicholson,with_sensitivity,overall,428,1689,0.0025560446851832863
nicholson,with_sensitivity,overall,429,1698,0.00323467905732293
nicholson,with_sensitivity,overall,430,1709,0.0071772631763534715
nicholson,with_sensitivity,overall,431,1711,0.003709017828851316
nicholson,with_sensitivity,overall,432,1712,0.0038941276177743753
nicholson,with_sensitivity,overall,433,1713,0.003803236895492064
nicholson,with_sensitivity,overall,434,1714,0.005061655544323573
nicholson,with_sensitivity,overall,435,1715,0.0021944469683763917
nicholson,with_sensitivity,overall,436,1717,0.003827936396983638
nicholson,with_sensitivity,overall,437,1718,0.0034240526408450297
nicholson,with_sensitivity,overall,438,1723,0.0029516865995433197
nicholson,with_sensitivity,overall,439,1729,0.005262349607899571
nicholson,with_sensitivity,overall,440,1730,0.0020101883879715577
nicholson,with_sensitivity,overall,441,1733,0.0026328468405643506
nicholson,with_sensitivity,overall,442,1734,0.002284667454350328
nicholson,with_sensitivity,overall,443,1736,0.007741428719970063
nicholson,with_sensitivity,overall,444,1737,0.005931555771991919
nicholson,with_sensitivity,overall,445,1739,0.003697232701558461
nicholson,with_sensitivity,overall,446,1748,0.0029958779767718605
nicholson,with_sensitivity,overall,447,1762,0.002162241639623816
nicholson,with_sensitivity,overall,448,1764,0.0028734038697201675
nicholson,with_sensitivity,overall,449,1765,0.010376221862448128
nicholson,with_sensitivity,overall,450,1767,0.001824400489298091
nicholson,with_sensitivity,overall,451,1771,0.0012433756770388875
nicholson,with_sensitivity,overall,452,1780,0.00478587199785965
nicholson,with_sensitivity,overall,453,1783,0.003948489504285917
nicholson,with_sensitivity,overall,454,1788,0.004063777585659149
nicholson,with_sensitivity,overall,455,1790,0.005310940165228167
nicholson,with_sensitivity,overall,456,1793,0.0033471661492266163
nicholson,with_sensitivity,overall,457,1797,0.0034960384575219642
nicholson,with_sensitivity,overall,458,1803,0.002736791183257656
nicholson,with_sensitivity,overall,459,1817,0.003972212058628192
nicholson,with_sensitivity,overall,460,1820,0.006796816188104455
nicholson,with_sensitivity,overall,461,1824,0.0013245115939537738
nicholson,with_sensitivity,overall,462,1829,0.0020774793422397623
nicholson,with_sensitivity,overall,463,1830,0.003428615682361271
nicholson,with_sensitivity,overall,464,1835,0.011763846250663616
nicholson,with_sensitivity,overall,465,1838,0.004644842756388512
nicholson,with_sensitivity,overall,466,1839,0.0015017596793402935
nicholson,with_sensitivity,overall,467,1845,0.007250843333341867
nicholson,with_sensitivity,overall,468,1849,0.0034895765139968727
nicholson,with_sensitivity,overall,469,1853,0.002069101268326192
nicholson,with_sensitivity,overall,470,1855,0.0023602661128857305
nicholson,with_sensitivity,overall,471,1857,0.0031525448039447803
nicholson,with_sensitivity,overall,472,1863,0.0020542968417095755
nicholson,with_sensitivity,overall,473,1864,0.0038251074869126867
nicholson,with_sensitivity,overall,474,1865,0.009862847342151499
nicholson,with_sensitivity,overall,475,1867,0.0031858532922688977
nicholson,with_sensitivity,overall,476,1878,0.0060024271076248486
nicholson,with_sensitivity,overall,477,1884,0.0016024556988745433
nicholson,with_sensitivity,overall,478,1885,0.0020282245082201755
nicholson,with_sensitivity,overall,479,1889,0.00405105469042737
nicholson,with_sensitivity,overall,480,1895,0.001459169869679425
nicholson,with_sensitivity,overall,481,1897,0.002858289987452001
nicholson,with_sensitivity,overall,482,1899,0.0020470927002969744
nicholson,with_sensitivity,overall,483,1900,0.003196644246897407
nicholson,with_sensitivity,overall,484,1907,0.0021018651663148777
nicholson,with_sensitivity,overall,485,1912,0.003935213010075157
nicholson,with_sensitivity,overall,486,1913,0.005562618515677946
nicholson,with_sensitivity,overall,487,1916,0.0026450568296102557
nicholson,with_sensitivity,overall,488,1917,0.007267732026409552
nicholson,with_sensitivity,overall,489,1922,0.0024898269705917906
nicholson,with_sensitivity,overall,490,1931,0.00812858450923733
nicholson,with_sensitivity,overall,491,1949,0.0027982105869019513
nicholson,with_sensitivity,overall,492,1951,0.004636172364763204
nicholson,with_sensitivity,overall,493,1954,0.0022143136012869762
nicholson,with_sensitivity,overall,494,1955,0.003605454221230418
nicholson,with_sensitivity,overall,495,1959,0.004242285191836663
nicholson,with_sensitivity,overall,496,1960,0.004623992714148498
nicholson,with_sensitivity,overall,497,1961,0.0030930334427236813
nicholson,with_sensitivity,overall,498,1966,0.008639365989100771
nicholson,with_sensitivity,overall,499,1974,0.00253968372898888
nicholson,with_sensitivity,overall,500,1976,0.0022386720149498007
nicholson,with_sensitivity,overall,501,1980,0.0021132223317910253
nicholson,with_sensitivity,overall,502,1990,0.0029496183196999395
nicholson,with_sensitivity,overall,503,1991,0.0025773814681691507
nicholson,with_sensitivity,overall,504,2009,0.001980542662972899
nicholson,with_sensitivity,overall,505,2012,0.0035234323303607548
nicholson,with_sensitivity,overall,506,2015,0.0032828579340335655
nicholson,with_sensitivity,overall,507,2021,0.003333511887495294
nicholson,with_sensitivity,overall,508,2022,0.004097681532481961
nicholson,with_sensitivity,overall,509,2025,0.0046621277549589125
nicholson,with_sensitivity,overall,510,2032,0.002871040492677013
nicholson,with_sensitivity,overall,511,2037,0.002353173744575921
nicholson,with_sensitivity,beta,0,0,0.0017253773558782816
nicholson,with_sensitivity,beta,1,7,0.0013142299865119753
nicholson,with_sensitivity,beta,2,9,0.0026093970800431577
nicholson,with_sensitivity,beta,3,11,0.0016002603663202075
nicholson,with_sensitivity,beta,4,14,0.0014689388852800011
nicholson,with_sensitivity,beta,5,26,0.0007808796834975856
nicholson,with_sensitivity,beta,6,30,0.004720545332040027
nicholson,with_sensitivity,beta,7,31,0.001097890724841148
nicholson,with_sensitivity,beta,8,35,0.001191745450735318
nicholson,with_sensitivity,beta,9,40,0.00143208664008519
nicholson,with_sensitivity,beta,10,41,0.0024300500154878775
nicholson,with_sensitivity,beta,11,44,0.003723773891996752
nicholson,with_sensitivity,beta,12,56,0.00456258477413783
nicholson,with_sensitivity,beta,13,57,0.003224562695025517
nicholson,with_sensitivity,beta,14,59,0.0008112546931839486
nicholson,with_sensitivity,beta,15,61,0.0021169276737527274
nicholson,with_sensitivity,beta,16,65,0.0018936136690358874
nicholson,with_sensitivity,beta,17,71,0.0009635242707949116
nicholson,with_sensitivity,beta,18,80,0.0010581634592687036
nicholson,with_sensitivity,beta,19,83,0.0038708151550317627
nicholson,with_sensitivity,beta,20,85,0.001316934597272824
nicholson,with_sensitivity,beta,21,86,0.001912031105940318
nicholson,with_sensitivity,beta,22,87,0.0017831278009497035
nicholson,with_sensitivity,beta,23,88,0.0009003822076886238
nicholson,with_sensitivity,beta,24,90,0.00198660485837159
nicholson,with_sensitivity,beta,25,96,0.005271646588907236
nicholson,with_sensitivity,beta,26,102,0.001428260347584275
nicholson,with_sensitivity,beta,27,103,0.0028335509618677454
nicholson,with_sensitivity,beta,28,104,0.0019347098978940273
nicholson,with_sensitivity,beta,29,107,0.0008659847599954283
nicholson,with_sensitivity,beta,30,108,0.0036025002071407193
nicholson,with_sensitivity,beta,31,111,0.0020315850209107447
nicholson,with_sensitivity,beta,32,112,0.0012892585130585149
nicholson,with_sensitivity,beta,33,115,0.001429550219666976
nicholson,with_sensitivity,beta,34,121,0.0059416987226567335
nicholson,with_sensitivity,beta,35,122,0.0017626742459477904
nicholson,with_sensitivity,beta,36,123,0.002887313080531707
nicholson,with_sensitivity,beta,37,127,0.0007077497406636039
nicholson,with_sensitivity,beta,38,135,0.0014321251984260744
nicholson,with_sensitivity,beta,39,136,0.0009989220922673003
nicholson,with_sensitivity,beta,40,138,0.001683608814863347
nicholson,with_sensitivity,beta,41,142,0.0010937719457909333
nicholson,with_sensitivity,beta,42,153,0.0022578338771163014
nicholson,with_sensitivity,beta,43,154,0.0030497674554963326
nicholson,with_sensitivity,beta,44,158,0.0018036633034769019
nicholson,with_sensitivity,beta,45,163,0.0021454948720295163
nicholson,with_sensitivity,beta,46,164,0.002560806339649748
nicholson,with_sensitivity,beta,47,166,0.0025717325680979417
nicholson,with_sensitivity,beta,48,170,0.0027407022396305435
nicholson,with_sensitivity,beta,49,178,0.0017873852904845837
nicholson,with_sensitivity,beta,50,180,0.0010939060996665742
nicholson,with_sensitivity,beta,51,183,0.0019186419409263687
nicholson,with_sensitivity,beta,52,184,0.006811381202522969
nicholson,with_sensitivity,beta,53,186,0.0011321003717443758
nicholson,with_sensitivity,beta,54,188,0.0015736587926365065
nicholson,with_sensitivity,beta,55,189,0.0008441177132216734
nicholson,with_sensitivity,beta,56,191,0.00626193210092568
nicholson,with_sensitivity,beta,57,192,0.0010332368846006981
nicholson,with_sensitivity,beta,58,195,0.0013547018853804142
nicholson,with_sensitivity,beta,59,196,0.001261012658671181
nicholson,with_sensitivity,beta,60,203,0.0011744722189526557
nicholson,with_sensitivity,beta,61,207,0.0017894838680400534
nicholson,with_sensitivity,beta,62,210,0.001311499458535247
nicholson,with_sensitivity,beta,63,211,0.0008379152012299864
nicholson,with_sensitivity,beta,64,212,0.002232269387613799
nicholson,with_sensitivity,beta,65,213,0.0020694173512105854
nicholson,with_sensitivity,beta,66,214,0.0012498023600176487
nicholson,with_sensitivity,beta,67,215,0.0021824203039501502
nicholson,with_sensitivity,beta,68,223,0.0011005223220500137
nicholson,with_sensitivity,beta,69,228,0.0018661997673463026
nicholson,with_sensitivity,beta,70,235,0.0016705826047744166
nicholson,with_sensitivity,beta,71,241,0.0045424624795820006
nicholson,with_sensitivity,beta,72,242,0.001410666779922852
nicholson,with_sensitivity,beta,73,245,0.001051375235976399
nicholson,with_sensitivity,beta,74,247,0.0015828027173614854
nicholson,with_sensitivity,beta,75,251,0.001301153056713016
nicholson,with_sensitivity,beta,76,259,0.003045251417609967
nicholson,with_sensitivity,beta,77,263,0.0013386677849269429
nicholson,with_sensitivity,beta,78,264,0.001220576053371207
nicholson,with_sensitivity,beta,79,267,0.001261089912252983
nicholson,with_sensitivity,beta,80,278,0.0017625501035802545
nicholson,with_sensitivity,beta,81,279,0.0019680103129279362
nicholson,with_sensitivity,beta,82,282,0.002095280352240261
nicholson,with_sensitivity,beta,83,283,0.001756187496487699
nicholson,with_sensitivity,beta,84,292,0.0012066288494731838
nicholson,with_sensitivity,beta,85,298,0.0021284421381081034
nicholson,with_sensitivity,beta,86,299,0.001318683004128997
nicholson,with_sensitivity,beta,87,303,0.0018229082148608629
nicholson,with_sensitivity,beta,88,304,0.0011317422181684866
nicholson,with_sensitivity,beta,89,311,0.0011467245883681283
nicholson,with_sensitivity,beta,90,318,0.0017441734174002768
nicholson,with_sensitivity,beta,91,319,0.0024627256576637705
nicholson,with_sensitivity,beta,92,326,0.0023697826235451304
nicholson,with_sensitivity,beta,93,327,0.002983827060687629
nicholson,with_sensitivity,beta,94,328,0.0012084155818373648
nicholson,with_sensitivity,beta,95,331,0.0007854589541450708
nicholson,with_sensitivity,beta,96,332,0.0015768186642813203
nicholson,with_sensitivity,beta,97,333,0.0011321744966524235
nicholson,with_sensitivity,beta,98,336,0.0019152919158579383
nicholson,with_sensitivity,beta,99,338,0.0032935950769347783
nicholson,with_sensitivity,beta,100,352,0.002806392072042379
nicholson,with_sensitivity,beta,101,367,0.0019070069770310573
nicholson,with_sensitivity,beta,102,375,0.003086293020209353
nicholson,with_sensitivity,beta,103,385,0.0012004735725131075
nicholson,with_sensitivity,beta,104,388,0.0015266892551662025
nicholson,with_sensitivity,beta,105,389,0.0012429849338239276
nicholson,with_sensitivity,beta,106,407,0.0013218797434137366
nicholson,with_sensitivity,beta,107,410,0.0030937183270166604
nicholson,with_sensitivity,beta,108,411,0.0026357022251680415
nicholson,with_sensitivity,beta,109,415,0.0010405233338967453
nicholson,with_sensitivity,beta,110,418,0.0016258517702099817
nicholson,with_sensitivity,beta,111,420,0.0028756160497589857
nicholson,with_sensitivity,beta,112,428,0.001519519693150484
nicholson,with_sensitivity,beta,113,429,0.0013877745415549053
nicholson,with_sensitivity,beta,114,444,0.0012794552371525405
nicholson,with_sensitivity,beta,115,448,0.0012358944803531854
nicholson,with_sensitivity,beta,116,453,0.0018022962382403542
nicholson,with_sensitivity,beta,117,457,0.0016291670266401625
nicholson,with_sensitivity,beta,118,462,0.0010830970052477734
nicholson,with_sensitivity,beta,119,464,0.0017867439925434373
nicholson,with_sensitivity,beta,120,467,0.002528872470772569
nicholson,with_sensitivity,beta,121,475,0.0013720297303579164
nicholson,with_sensitivity,beta,122,477,0.0013095219105523322
nicholson,with_sensitivity,beta,123,479,0.0027755257619063835
nicholson,with_sensitivity,beta,124,484,0.0012462263633560948
nicholson,with_sensitivity,beta,125,486,0.0007769030311267019
nicholson,with_sensitivity,beta,126,487,0.0024422723752441063
nicholson,with_sensitivity,beta,127,494,0.00147881415215619
nicholson,with_sensitivity,beta,128,505,0.002671676477689178
nicholson,with_sensitivity,beta,129,509,0.0015084156966127305
nicholson,with_sensitivity,beta,130,510,0.001681133771390259
nicholson,with_sensitivity,beta,131,511,0.0012000703062509364
nicholson,with_sensitivity,beta,132,526,0.00188229381977782
nicholson,with_sensitivity,beta,133,527,0.002367931684538221
nicholson,with_sensitivity,beta,134,530,0.0017560896648159071
nicholson,with_sensitivity,beta,135,531,0.003139015577510618
nicholson,with_sensitivity,beta,136,532,0.007007332917851535
nicholson,with_sensitivity,beta,137,535,0.001749072621086082
nicholson,with_sensitivity,beta,138,551,0.002049749951230927
nicholson,with_sensitivity,beta,139,558,0.002185058343687021
nicholson,with_sensitivity,beta,140,560,0.0019541896496056087
nicholson,with_sensitivity,beta,141,564,0.0015080307933381836
nicholson,with_sensitivity,beta,142,567,0.0009065898161668534
nicholson,with_sensitivity,beta,143,568,0.0018575213446680638
nicholson,with_sensitivity,beta,144,570,0.0009604166149971738
nicholson,with_sensitivity,beta,145,573,0.0010243070359228443
nicholson,with_sensitivity,beta,146,580,0.002246340513783241
nicholson,with_sensitivity,beta,147,589,0.0017030449395401262
nicholson,with_sensitivity,beta,148,596,0.0010567468381609277
nicholson,with_sensitivity,beta,149,597,0.0032662019674005063
nicholson,with_sensitivity,beta,150,599,0.007096117629576494
nicholson,with_sensitivity,beta,151,605,0.0010395057603466548
nicholson,with_sensitivity,beta,152,610,0.004908895606732842
nicholson,with_sensitivity,beta,153,614,0.0008921727885541022
nicholson,with_sensitivity,beta,154,615,0.0038428884019962046
nicholson,with_sensitivity,beta,155,616,0.0018416906058340665
nicholson,with_sensitivity,beta,156,618,0.0024432714301053037
nicholson,with_sensitivity,beta,157,621,0.001925584561433272
nicholson,with_sensitivity,beta,158,624,0.0009002293218653189
nicholson,with_sensitivity,beta,159,631,0.0033311745657210153
nicholson,with_sensitivity,beta,160,637,0.001963006858629992
nicholson,with_sensitivity,beta,161,640,0.0027119331421071266
nicholson,with_sensitivity,beta,162,646,0.0021793633368718934
nicholson,with_sensitivity,beta,163,654,0.0024664911326356376
nicholson,with_sensitivity,beta,164,661,0.0010020514920139147
nicholson,with_sensitivity,beta,165,664,0.003471532940155228
nicholson,with_sensitivity,beta,166,667,0.0012291938369327676
nicholson,with_sensitivity,beta,167,674,0.0011013481926207224
nicholson,with_sensitivity,beta,168,688,0.004230767693026142
nicholson,with_sensitivity,beta,169,696,0.0020512818744860533
nicholson,with_sensitivity,beta,170,702,0.0025576825745240715
nicholson,with_sensitivity,beta,171,707,0.0007513650362685726
nicholson,with_sensitivity,beta,172,709,0.001653499019910007
nicholson,with_sensitivity,beta,173,710,0.005085826495820844
nicholson,with_sensitivity,beta,174,718,0.002037598383124546
nicholson,with_sensitivity,beta,175,721,0.0023881385716372334
nicholson,with_sensitivity,beta,176,724,0.001931916414732275
nicholson,with_sensitivity,beta,177,733,0.001443199505358961
nicholson,with_sensitivity,beta,178,735,0.0012052851116382982
nicholson,with_sensitivity,beta,179,746,0.006150727893171244
nicholson,with_sensitivity,beta,180,748,0.0019997320311206795
nicholson,with_sensitivity,beta,181,751,0.0010997697678972517
nicholson,with_sensitivity,beta,182,752,0.0013198342526018168
nicholson,with_sensitivity,beta,183,759,0.0019752853316739884
nicholson,with_sensitivity,beta,184,760,0.0018633480401854421
nicholson,with_sensitivity,beta,185,769,0.003717263998145373
nicholson,with_sensitivity,beta,186,773,0.0014013384915614177
nicholson,with_sensitivity,beta,187,774,0.0029696901023112433
nicholson,with_sensitivity,beta,188,775,0.0011223715132556169
nicholson,with_sensitivity,beta,189,776,0.0026230027082726017
nicholson,with_sensitivity,beta,190,777,0.0020424906434987574
nicholson,with_sensitivity,beta,191,778,0.002087454469074787
nicholson,with_sensitivity,beta,192,779,0.002946577511528429
nicholson,with_sensitivity,beta,193,780,0.001201230506591358
nicholson,with_sensitivity,beta,194,782,0.0008287896911024127
nicholson,with_sensitivity,beta,195,789,0.0008934124413985235
nicholson,with_sensitivity,beta,196,795,0.0041294907833317115
nicholson,with_sensitivity,beta,197,799,0.0016911637177522319
nicholson,with_sensitivity,beta,198,801,0.0021591619123342578
nicholson,with_sensitivity,beta,199,802,0.0015653307373863293
nicholson,with_sensitivity,beta,200,805,0.002308055815716553
nicholson,with_sensitivity,beta,201,807,0.0015173483849362406
nicholson,with_sensitivity,beta,202,808,0.00177874299754982
nicholson,with_sensitivity,beta,203,811,0.0013681980768682502
nicholson,with_sensitivity,beta,204,813,0.0017980057900072103
nicholson,with_sensitivity,beta,205,814,0.0040729559597972595
nicholson,with_sensitivity,beta,206,829,0.0010402598397350215
nicholson,with_sensitivity,beta,207,834,0.002037745661522699
nicholson,with_sensitivity,beta,208,836,0.0025706012297703456
nicholson,with_sensitivity,beta,209,837,0.0012013778709852423
nicholson,with_sensitivity,beta,210,838,0.00161562518249721
nicholson,with_sensitivity,beta,211,840,0.0016698818636388837
nicholson,with_sensitivity,beta,212,842,0.0017580430129389621
nicholson,with_sensitivity,beta,213,843,0.0014063623492584336
nicholson,with_sensitivity,beta,214,844,0.00226758426974033
nicholson,with_sensitivity,beta,215,852,0.0012960930158314446
nicholson,with_sensitivity,beta,216,857,0.002758751918162148
nicholson,with_sensitivity,beta,217,858,0.0010638201518107676
nicholson,with_sensitivity,beta,218,860,0.0016665150416520843
nicholson,with_sensitivity,beta,219,865,0.0011642218526641969
nicholson,with_sensitivity,beta,220,866,0.0017700732201786017
nicholson,with_sensitivity,beta,221,876,0.0031408680733425636
nicholson,with_sensitivity,beta,222,882,0.001066359484152389
nicholson,with_sensitivity,beta,223,883,0.004734128077648859
nicholson,with_sensitivity,beta,224,885,0.0009445631071404121
nicholson,with_sensitivity,beta,225,886,0.00177366987387956
nicholson,with_sensitivity,beta,226,888,0.0030734256755533002
nicholson,with_sensitivity,beta,227,889,0.0010407932878693429
nicholson,with_sensitivity,beta,228,891,0.002913754355932066
nicholson,with_sensitivity,beta,229,901,0.0022466574586094035
nicholson,with_sensitivity,beta,230,904,0.0030915639510181265
nicholson,with_sensitivity,beta,231,907,0.004291745468256006
nicholson,with_sensitivity,beta,232,908,0.0009239017373873999
nicholson,with_sensitivity,beta,233,913,0.002022956636754746
nicholson,with_sensitivity,beta,234,915,0.001710306884499361
nicholson,with_sensitivity,beta,235,925,0.001999856858042141
nicholson,with_sensitivity,beta,236,932,0.0025145516559165466
nicholson,with_sensitivity,beta,237,940,0.0018627894497539581
nicholson,with_sensitivity,beta,238,943,0.001110867009148319
nicholson,with_sensitivity,beta,239,945,0.0011659123445594798
nicholson,with_sensitivity,beta,240,947,0.0019748872112240745
nicholson,with_sensitivity,beta,241,948,0.002956124121458833
nicholson,with_sensitivity,beta,242,953,0.0011430407939695426
nicholson,with_sensitivity,beta,243,957,0.003365692831483266
nicholson,with_sensitivity,beta,244,961,0.001661593678840779
nicholson,with_sensitivity,beta,245,963,0.003137803543743756
nicholson,with_sensitivity,beta,246,965,0.0017440527993430749
nicholson,with_sensitivity,beta,247,968,0.0006867830792010321
nicholson,with_sensitivity,beta,248,973,0.0030785013531062183
nicholson,with_sensitivity,beta,249,977,0.0011827364106425748
nicholson,with_sensitivity,beta,250,979,0.003112517968418517
nicholson,with_sensitivity,beta,251,985,0.0012974266837952374
nicholson,with_sensitivity,beta,252,986,0.0016258795972660276
nicholson,with_sensitivity,beta,253,987,0.0008731079184785249
nicholson,with_sensitivity,beta,254,990,0.001334060847370966
nicholson,with_sensitivity,beta,255,1002,0.005138087993430543
nicholson,with_sensitivity,beta,256,1007,0.002011756500163642
nicholson,with_sensitivity,beta,257,1011,0.001919338936151888
nicholson,with_sensitivity,beta,258,1013,0.001612635522951596
nicholson,with_sensitivity,beta,259,1014,0.0016098809875929978
nicholson,with_sensitivity,beta,260,1017,0.0015726859928474877
nicholson,with_sensitivity,beta,261,1018,0.0016368171529624114
nicholson,with_sensitivity,beta,262,1019,0.001210054724451612
nicholson,with_sensitivity,beta,263,1026,0.001320243447068308
nicholson,with_sensitivity,beta,264,1027,0.0010029366296620513
nicholson,with_sensitivity,beta,265,1032,0.004167901762018248
nicholson,with_sensitivity,beta,266,1034,0.0010286427924036591
nicholson,with_sensitivity,beta,267,1035,0.0034672813621561124
nicholson,with_sensitivity,beta,268,1037,0.006787668117475058
nicholson,with_sensitivity,beta,269,1038,0.0014150771160921125
nicholson,with_sensitivity,beta,270,1040,0.002967739039497731
nicholson,with_sensitivity,beta,271,1043,0.0032943604136765
nicholson,with_sensitivity,beta,272,1045,0.0022269132602547904
nicholson,with_sensitivity,beta,273,1054,0.0016229998230412712
nicholson,with_sensitivity,beta,274,1055,0.0010973351469056106
nicholson,with_sensitivity,beta,275,1057,0.0009172370672181564
nicholson,with_sensitivity,beta,276,1059,0.0023050564327980446
nicholson,with_sensitivity,beta,277,1070,0.0010639412589721123
nicholson,with_sensitivity,beta,278,1076,0.002563212238324678
nicholson,with_sensitivity,beta,279,1078,0.0011255861783757144
nicholson,with_sensitivity,beta,280,1079,0.0023611753234565338
nicholson,with_sensitivity,beta,281,1080,0.0009792801087660273
nicholson,with_sensitivity,beta,282,1082,0.0014301231629905119
nicholson,with_sensitivity,beta,283,1086,0.0012058264567725515
nicholson,with_sensitivity,beta,284,1091,0.00498209751677784
nicholson,with_sensitivity,beta,285,1095,0.0016660534228494475
nicholson,with_sensitivity,beta,286,1096,0.0019428110334454413
nicholson,with_sensitivity,beta,287,1101,0.0011916744609972412
nicholson,with_sensitivity,beta,288,1103,0.002188164689280491
nicholson,with_sensitivity,beta,289,1105,0.000966628816071616
nicholson,with_sensitivity,beta,290,1107,0.0012433214854639047
nicholson,with_sensitivity,beta,291,1119,0.0015809468109461847
nicholson,with_sensitivity,beta,292,1121,0.0020421575350481167
nicholson,with_sensitivity,beta,293,1123,0.002916999762124196
nicholson,with_sensitivity,beta,294,1125,0.002128426367511147
nicholson,with_sensitivity,beta,295,1127,0.0027228508480633268
nicholson,with_sensitivity,beta,296,1141,0.0018905830004491923
nicholson,with_sensitivity,beta,297,1151,0.0024335443460607054
nicholson,with_sensitivity,beta,298,1154,0.0019010321680288124
nicholson,with_sensitivity,beta,299,1155,0.001655773946041713
nicholson,with_sensitivity,beta,300,1156,0.003983015633518502
nicholson,with_sensitivity,beta,301,1158,0.0007796896117636123
nicholson,with_sensitivity,beta,302,1159,0.0018265840834778184
nicholson,with_sensitivity,beta,303,1161,0.001239937096029394
nicholson,with_sensitivity,beta,304,1162,0.004761965757219303
nicholson,with_sensitivity,beta,305,1164,0.0034993824842229917
nicholson,with_sensitivity,beta,306,1165,0.002608582185700336
nicholson,with_sensitivity,beta,307,1167,0.0010302544067959426
nicholson,with_sensitivity,beta,308,1174,0.0016514411347806554
nicholson,with_sensitivity,beta,309,1175,0.003278289494825432
nicholson,with_sensitivity,beta,310,1180,0.0027161351491629625
nicholson,with_sensitivity,beta,311,1185,0.0041928093135387605
nicholson,with_sensitivity,beta,312,1186,0.001128124352344583
nicholson,with_sensitivity,beta,313,1192,0.0016958865845648817
nicholson,with_sensitivity,beta,314,1196,0.004969088847269941
nicholson,with_sensitivity,beta,315,1198,0.003606600899182169
nicholson,with_sensitivity,beta,316,1200,0.004783396352443987
nicholson,with_sensitivity,beta,317,1206,0.0007602608730846497
nicholson,with_sensitivity,beta,318,1207,0.004688841474773923
nicholson,with_sensitivity,beta,319,1208,0.0010069067573856053
nicholson,with_sensitivity,beta,320,1209,0.0021508064237833018
nicholson,with_sensitivity,beta,321,1214,0.0013861410959687189
nicholson,with_sensitivity,beta,322,1229,0.0035498307711412185
nicholson,with_sensitivity,beta,323,1233,0.0014531756543364812
nicholson,with_sensitivity,beta,324,1238,0.0015848377062885192
nicholson,with_sensitivity,beta,325,1239,0.003441385525407974
nicholson,with_sensitivity,beta,326,1243,0.002122444120108449
nicholson,with_sensitivity,beta,327,1244,0.0014101910420075243
nicholson,with_sensitivity,beta,328,1245,0.0015714461594151118
nicholson,with_sensitivity,beta,329,1247,0.0009828834051256684
nicholson,with_sensitivity,beta,330,1249,0.0012682395909555577
nicholson,with_sensitivity,beta,331,1254,0.0009644879302466765
nicholson,with_sensitivity,beta,332,1256,0.001048330652273787
nicholson,with_sensitivity,beta,333,1260,0.005525349821478349
nicholson,with_sensitivity,beta,334,1261,0.005250181400435339
nicholson,with_sensitivity,beta,335,1268,0.0013326032657527789
nicholson,with_sensitivity,beta,336,1271,0.0009853909719717635
nicholson,with_sensitivity,beta,337,1272,0.00237073013523173
nicholson,with_sensitivity,beta,338,1277,0.0010719880163475737
nicholson,with_sensitivity,beta,339,1279,0.0013807465250623603
nicholson,with_sensitivity,beta,340,1282,0.004153026306817374
nicholson,with_sensitivity,beta,341,1286,0.0009742852921964116
nicholson,with_sensitivity,beta,342,1288,0.0010652621325995266
nicholson,with_sensitivity,beta,343,1291,0.0023193468898279005
nicholson,with_sensitivity,beta,344,1292,0.0027417624215942144
nicholson,with_sensitivity,beta,345,1300,0.0029660297322561167
nicholson,with_sensitivity,beta,346,1302,0.00299497575924643
nicholson,with_sensitivity,beta,347,1308,0.0029414957543446273
nicholson,with_sensitivity,beta,348,1311,0.0027968259656608353
nicholson,with_sensitivity,beta,349,1319,0.0015600788725141667
nicholson,with_sensitivity,beta,350,1321,0.002135953608633682
nicholson,with_sensitivity,beta,351,1325,0.0012160417345750667
nicholson,with_sensitivity,beta,352,1333,0.0009509564293409603
nicholson,with_sensitivity,beta,353,1335,0.0024998466706268414
nicholson,with_sensitivity,beta,354,1336,0.0016262629936241457
nicholson,with_sensitivity,beta,355,1341,0.0034947455841632252
nicholson,with_sensitivity,beta,356,1343,0.0009094856120458627
nicholson,with_sensitivity,beta,357,1359,0.00099266364918045
nicholson,with_sensitivity,beta,358,1360,0.0013816668638503018
nicholson,with_sensitivity,beta,359,1365,0.0016908641880915998
nicholson,with_sensitivity,beta,360,1371,0.000748431344185834
nicholson,with_sensitivity,beta,361,1374,0.0007968250403364263
nicholson,with_sensitivity,beta,362,1377,0.0010374975599724192
nicholson,with_sensitivity,beta,363,1378,0.001379445669987755
nicholson,with_sensitivity,beta,364,1383,0.003326405404939136
nicholson,with_sensitivity,beta,365,1385,0.0010852139153642777
nicholson,with_sensitivity,beta,366,1390,0.0018247860365280138
nicholson,with_sensitivity,beta,367,1393,0.0022003177611309827
nicholson,with_sensitivity,beta,368,1394,0.0012817475230401472
nicholson,with_sensitivity,beta,369,1395,0.006519922560181459
nicholson,with_sensitivity,beta,370,1402,0.0015396555428349617
nicholson,with_sensitivity,beta,371,1403,0.0012734209837719673
nicholson,with_sensitivity,beta,372,1404,0.000952326193492988
nicholson,with_sensitivity,beta,373,1407,0.000950764634499093
nicholson,with_sensitivity,beta,374,1414,0.002053723712329745
nicholson,with_sensitivity,beta,375,1416,0.0016430280190239573
nicholson,with_sensitivity,beta,376,1421,0.00159472425665852
nicholson,with_sensitivity,beta,377,1423,0.0020545338767062184
nicholson,with_sensitivity,beta,378,1428,0.0010902755698137916
nicholson,with_sensitivity,beta,379,1431,0.0008730527888553811
nicholson,with_sensitivity,beta,380,1432,0.0013774646147527822
nicholson,with_sensitivity,beta,381,1435,0.002907592977222818
nicholson,with_sensitivity,beta,382,1440,0.0025869783602183315
nicholson,with_sensitivity,beta,383,1443,0.001737355099784373
nicholson,with_sensitivity,beta,384,1461,0.000988144508498251
nicholson,with_sensitivity,beta,385,1474,0.0018211309923933403
nicholson,with_sensitivity,beta,386,1475,0.0031323504979485686
nicholson,with_sensitivity,beta,387,1479,0.0019598876288498723
nicholson,with_sensitivity,beta,388,1483,0.0011570089920286712
nicholson,with_sensitivity,beta,389,1487,0.002079849488957885
nicholson,with_sensitivity,beta,390,1488,0.003926373818695939
nicholson,with_sensitivity,beta,391,1493,0.00187462121031197
nicholson,with_sensitivity,beta,392,1494,0.001369734244071407
nicholson,with_sensitivity,beta,393,1498,0.002081923305428814
nicholson,with_sensitivity,beta,394,1503,0.0011860755249918904
nicholson,with_sensitivity,beta,395,1514,0.002351746690757304
nicholson,with_sensitivity,beta,396,1518,0.002374049877403554
nicholson,with_sensitivity,beta,397,1523,0.0016737584880752957
nicholson,with_sensitivity,beta,398,1539,0.002568067240456489
nicholson,with_sensitivity,beta,399,1558,0.0021000486171435556
nicholson,with_sensitivity,beta,400,1559,0.003936164712150104
nicholson,with_sensitivity,beta,401,1562,0.00233719383666426
nicholson,with_sensitivity,beta,402,1567,0.005776395768755667
nicholson,with_sensitivity,beta,403,1571,0.0010395912972294532
nicholson,with_sensitivity,beta,404,1573,0.001697867456930495
nicholson,with_sensitivity,beta,405,1574,0.002320068853438037
nicholson,with_sensitivity,beta,406,1576,0.0036314236696553532
nicholson,with_sensitivity,beta,407,1579,0.004373111821010363
nicholson,with_sensitivity,beta,408,1584,0.005291593775687982
nicholson,with_sensitivity,beta,409,1586,0.0026168471962492463
nicholson,with_sensitivity,beta,410,1589,0.0024646982176030866
nicholson,with_sensitivity,beta,411,1591,0.0010163885492434556
nicholson,with_sensitivity,beta,412,1594,0.001234053627484635
nicholson,with_sensitivity,beta,413,1597,0.0013606066362332036
nicholson,with_sensitivity,beta,414,1613,0.0010428912554356737
nicholson,with_sensitivity,beta,415,1615,0.001312921361745773
nicholson,with_sensitivity,beta,416,1616,0.001559861626211012
nicholson,with_sensitivity,beta,417,1618,0.0018099785266154232
nicholson,with_sensitivity,beta,418,1619,0.0008206287162218443
nicholson,with_sensitivity,beta,419,1622,0.0011694789220300084
nicholson,with_sensitivity,beta,420,1625,0.0011634715060204253
nicholson,with_sensitivity,beta,421,1627,0.0014556594296994024
nicholson,with_sensitivity,beta,422,1631,0.0006373623172849783
nicholson,with_sensitivity,beta,423,1634,0.0026247674012953364
nicholson,with_sensitivity,beta,424,1638,0.0010991732295120267
nicholson,with_sensitivity,beta,425,1648,0.0007443809129992097
nicholson,with_sensitivity,beta,426,1668,0.001913645559137257
nicholson,with_sensitivity,beta,427,1676,0.002551218407014375
nicholson,with_sensitivity,beta,428,1689,0.0012700430632650683
nicholson,with_sensitivity,beta,429,1698,0.001585130220403115
nicholson,with_sensitivity,beta,430,1709,0.002867722271819274
nicholson,with_sensitivity,beta,431,1711,0.0017166322132048664
nicholson,with_sensitivity,beta,432,1712,0.0015323987077675246
nicholson,with_sensitivity,beta,433,1713,0.0018076806000019243
nicholson,with_sensitivity,beta,434,1714,0.002573247081408337
nicholson,with_sensitivity,beta,435,1715,0.001860967557592393
nicholson,with_sensitivity,beta,436,1717,0.0016533959315248572
nicholson,with_sensitivity,beta,437,1718,0.0014826100730634302
nicholson,with_sensitivity,beta,438,1723,0.0014884570053869859
nicholson,with_sensitivity,beta,439,1729,0.0015484306297937492
nicholson,with_sensitivity,beta,440,1730,0.0009826059479665925
nicholson,with_sensitivity,beta,441,1733,0.001113750263558561
nicholson,with_sensitivity,beta,442,1734,0.001136733748763587
nicholson,with_sensitivity,beta,443,1736,0.004095426732100044
nicholson,with_sensitivity,beta,444,1737,0.003119504718976942
nicholson,with_sensitivity,beta,445,1739,0.0023235840023150293
nicholson,with_sensitivity,beta,446,1748,0.0012699487188484757
nicholson,with_sensitivity,beta,447,1762,0.0008478267354182377
nicholson,with_sensitivity,beta,448,1764,0.0016837495822075832
nicholson,with_sensitivity,beta,449,1765,0.006147208415246362
nicholson,with_sensitivity,beta,450,1767,0.0012118763513126356
nicholson,with_sensitivity,beta,451,1771,0.0006359574156818015
nicholson,with_sensitivity,beta,452,1780,0.002109187973319874
nicholson,with_sensitivity,beta,453,1783,0.0015912575555023568
nicholson,with_sensitivity,beta,454,1788,0.002005741805597202
nicholson,with_sensitivity,beta,455,1790,0.0022120131266075934
nicholson,with_sensitivity,beta,456,1793,0.001647421053850822
nicholson,with_sensitivity,beta,457,1797,0.0019646813536071564
nicholson,with_sensitivity,beta,458,1803,0.0012178755375509534
nicholson,with_sensitivity,beta,459,1817,0.0014791031380277544
nicholson,with_sensitivity,beta,460,1820,0.0014591979384384988
nicholson,with_sensitivity,beta,461,1824,0.0007139512222114492
nicholson,with_sensitivity,beta,462,1829,0.001459596561888928
nicholson,with_sensitivity,beta,463,1830,0.0016055367956168318
nicholson,with_sensitivity,beta,464,1835,0.00436965131216853
nicholson,with_sensitivity,beta,465,1838,0.002271154012135541
nicholson,with_sensitivity,beta,466,1839,0.0009463643915767226
nicholson,with_sensitivity,beta,467,1845,0.002779947618972494
nicholson,with_sensitivity,beta,468,1849,0.001448270069801184
nicholson,with_sensitivity,beta,469,1853,0.001367135424641819
nicholson,with_sensitivity,beta,470,1855,0.001139737510547987
nicholson,with_sensitivity,beta,471,1857,0.0018140339082291003
nicholson,with_sensitivity,beta,472,1863,0.0014694068202080952
nicholson,with_sensitivity,beta,473,1864,0.0030002664198395825
nicholson,with_sensitivity,beta,474,1865,0.006974569245290221
nicholson,with_sensitivity,beta,475,1867,0.0016132602938627504
nicholson,with_sensitivity,beta,476,1878,0.0028758542224606894
nicholson,with_sensitivity,beta,477,1884,0.0010413137054523383
nicholson,with_sensitivity,beta,478,1885,0.0014615064387512545
nicholson,with_sensitivity,beta,479,1889,0.0026830886118337912
nicholson,with_sensitivity,beta,480,1895,0.0006941277564792344
nicholson,with_sensitivity,beta,481,1897,0.001038371399000412
nicholson,with_sensitivity,beta,482,1899,0.0012432104492689146
nicholson,with_sensitivity,beta,483,1900,0.0018477756389647867
nicholson,with_sensitivity,beta,484,1907,0.001533200046223272
nicholson,with_sensitivity,beta,485,1912,0.003531624730398558
nicholson,with_sensitivity,beta,486,1913,0.003023554330134168
nicholson,with_sensitivity,beta,487,1916,0.0012462912829365469
nicholson,with_sensitivity,beta,488,1917,0.0022247259372818067
nicholson,with_sensitivity,beta,489,1922,0.0009626606117695621
nicholson,with_sensitivity,beta,490,1931,0.003935809151904585
nicholson,with_sensitivity,beta,491,1949,0.0018996694835966379
nicholson,with_sensitivity,beta,492,1951,0.0023620260398453706
nicholson,with_sensitivity,beta,493,1954,0.0016250079789464343
nicholson,with_sensitivity,beta,494,1955,0.0016814541935578169
nicholson,with_sensitivity,beta,495,1959,0.002239311791327836
nicholson,with_sensitivity,beta,496,1960,0.003974840537766389
nicholson,with_sensitivity,beta,497,1961,0.0027883452499253957
nicholson,with_sensitivity,beta,498,1966,0.0038341651659924546
nicholson,with_sensitivity,beta,499,1974,0.0017177148991376475
nicholson,with_sensitivity,beta,500,1976,0.0012375577668949696
nicholson,with_sensitivity,beta,501,1980,0.0012338064636689028
nicholson,with_sensitivity,beta,502,1990,0.001365255437643929
nicholson,with_sensitivity,beta,503,1991,0.0010665839585965585
nicholson,with_sensitivity,beta,504,2009,0.0011451331253002478
nicholson,with_sensitivity,beta,505,2012,0.001274848399009193
nicholson,with_sensitivity,beta,506,2015,0.0020821777525174483
nicholson,with_sensitivity,beta,507,2021,0.0013396603286113474
nicholson,with_sensitivity,beta,508,2022,0.001983837456923502
nicholson,with_sensitivity,beta,509,2025,0.002193915701266759
nicholson,with_sensitivity,beta,510,2032,0.0012048978979425661
nicholson,with_sensitivity,beta,511,2037,0.001015785448890743
nicholson,with_sensitivity,tau0,0,0,0.12664681258162822
nicholson,with_sensitivity,tau0,1,7,0.2405685711309953
nicholson,with_sensitivity,tau0,2,9,0.06232775948862577
nicholson,with_sensitivity,tau0,3,11,0.061023091530987554
nicholson,with_sensitivity,tau0,4,14,0.4472430864902327
nicholson,with_sensitivity,tau0,5,26,0.13205543028076408
nicholson,with_sensitivity,tau0,6,30,0.06201341459393475
nicholson,with_sensitivity,tau0,7,31,0.2680215021061717
nicholson,with_sensitivity,tau0,8,35,0.12267702578088695
nicholson,with_sensitivity,tau0,9,40,0.1697493992738272
nicholson,with_sensitivity,tau0,10,41,0.08409777619681962
nicholson,with_sensitivity,tau0,11,44,0.04070378280936922
nicholson,with_sensitivity,tau0,12,56,0.34016984555199964
nicholson,with_sensitivity,tau0,13,57,0.04188219716035672
nicholson,with_sensitivity,tau0,14,59,0.2384050467058611
nicholson,with_sensitivity,tau0,15,61,0.320887764834178
nicholson,with_sensitivity,tau0,16,65,0.08865818770130773
nicholson,with_sensitivity,tau0,17,71,0.37286262822998734
nicholson,with_sensitivity,tau0,18,80,0.27379654438519957
nicholson,with_sensitivity,tau0,19,83,0.07190367126513006
nicholson,with_sensitivity,tau0,20,85,0.19798162172774147
nicholson,with_sensitivity,tau0,21,86,0.3489066787754849
nicholson,with_sensitivity,tau0,22,87,0.07282537652128145
nicholson,with_sensitivity,tau0,23,88,0.1446394633643623
nicholson,with_sensitivity,tau0,24,90,0.05931458980858213
nicholson,with_sensitivity,tau0,25,96,0.14368036051126665
nicholson,with_sensitivity,tau0,26,102,0.2646053605232474
nicholson,with_sensitivity,tau0,27,103,0.04709209317060638
nicholson,with_sensitivity,tau0,28,104,0.19964223332919126
nicholson,with_sensitivity,tau0,29,107,0.2295827855324736
nicholson,with_sensitivity,tau0,30,108,0.1391037647606972
nicholson,with_sensitivity,tau0,31,111,0.2766167374458203
nicholson,with_sensitivity,tau0,32,112,0.2629739498286734
nicholson,with_sensitivity,tau0,33,115,0.1927025331053891
nicholson,with_sensitivity,tau0,34,121,0.0792560247166505
nicholson,with_sensitivity,tau0,35,122,0.07424737653606443
nicholson,with_sensitivity,tau0,36,123,0.048896436757780944
nicholson,with_sensitivity,tau0,37,127,0.11945339449265908
nicholson,with_sensitivity,tau0,38,135,0.40965240286015575
nicholson,with_sensitivity,tau0,39,136,0.2600894771812358
nicholson,with_sensitivity,tau0,40,138,0.35884338798257726
nicholson,with_sensitivity,tau0,41,142,0.10762882411462138
nicholson,with_sensitivity,tau0,42,153,0.3285983586872208
nicholson,with_sensitivity,tau0,43,154,0.396644946866939
nicholson,with_sensitivity,tau0,44,158,0.14363958630262474
nicholson,with_sensitivity,tau0,45,163,0.054554410712580576
nicholson,with_sensitivity,tau0,46,164,0.06792018217592873
nicholson,with_sensitivity,tau0,47,166,0.24074930901875047
nicholson,with_sensitivity,tau0,48,170,0.05583992796934667
nicholson,with_sensitivity,tau0,49,178,0.3995617674317338
nicholson,with_sensitivity,tau0,50,180,0.2944500135511826
nicholson,with_sensitivity,tau0,51,183,0.07670147675430293
nicholson,with_sensitivity,tau0,52,184,0.1686909261941724
nicholson,with_sensitivity,tau0,53,186,0.3080378083908457
nicholson,with_sensitivity,tau0,54,188,0.1007309826003987
nicholson,with_sensitivity,tau0,55,189,0.15289416731368694
nicholson,with_sensitivity,tau0,56,191,0.11429308028400201
nicholson,with_sensitivity,tau0,57,192,0.07559303912746472
nicholson,with_sensitivity,tau0,58,195,0.3918994517768452
nicholson,with_sensitivity,tau0,59,196,0.3647856628859667
nicholson,with_sensitivity,tau0,60,203,0.10398752695232204
nicholson,with_sensitivity,tau0,61,207,0.1466868722659476
nicholson,with_sensitivity,tau0,62,210,0.09319788736541651
nicholson,with_sensitivity,tau0,63,211,0.28995817225018783
nicholson,with_sensitivity,tau0,64,212,0.3249131890188885
nicholson,with_sensitivity,tau0,65,213,0.10941621088671874
nicholson,with_sensitivity,tau0,66,214,0.06403752516774422
nicholson,with_sensitivity,tau0,67,215,0.04914370006226562
nicholson,with_sensitivity,tau0,68,223,0.24778829912768519
nicholson,with_sensitivity,tau0,69,228,0.04307058279592136
nicholson,with_sensitivity,tau0,70,235,0.33328766384040087
nicholson,with_sensitivity,tau0,71,241,0.06470784822861407
nicholson,with_sensitivity,tau0,72,242,0.1351335162766752
nicholson,with_sensitivity,tau0,73,245,0.2791719991422316
nicholson,with_sensitivity,tau0,74,247,0.0829738937201474
nicholson,with_sensitivity,tau0,75,251,0.2643271108906477
nicholson,with_sensitivity,tau0,76,259,0.09247906450260933
nicholson,with_sensitivity,tau0,77,263,0.155789524774413
nicholson,with_sensitivity,tau0,78,264,0.41267650876025797
nicholson,with_sensitivity,tau0,79,267,0.14001988506086002
nicholson,with_sensitivity,tau0,80,278,0.3914268542621934
nicholson,with_sensitivity,tau0,81,279,0.06264188912581777
nicholson,with_sensitivity,tau0,82,282,0.0497546614772995
nicholson,with_sensitivity,tau0,83,283,0.3635155239065561
nicholson,with_sensitivity,tau0,84,292,0.2775592648053024
nicholson,with_sensitivity,tau0,85,298,0.24529057374338958
nicholson,with_sensitivity,tau0,86,299,0.3540505395071469
nicholson,with_sensitivity,tau0,87,303,0.06559989200363939
nicholson,with_sensitivity,tau0,88,304,0.13617366783668744
nicholson,with_sensitivity,tau0,89,311,0.3082685236602322
nicholson,with_sensitivity,tau0,90,318,0.05762799104605419
nicholson,with_sensitivity,tau0,91,319,0.06196409351858064
nicholson,with_sensitivity,tau0,92,326,0.573898280813806
nicholson,with_sensitivity,tau0,93,327,0.04777230133362239
nicholson,with_sensitivity,tau0,94,328,0.15958855247966358
nicholson,with_sensitivity,tau0,95,331,0.18039944531325655
nicholson,with_sensitivity,tau0,96,332,0.34317904292147416
nicholson,with_sensitivity,tau0,97,333,0.1372941737239624
nicholson,with_sensitivity,tau0,98,336,0.10621798150386386
nicholson,with_sensitivity,tau0,99,338,0.12936835700441476
nicholson,with_sensitivity,tau0,100,352,0.056523040887013785
nicholson,with_sensitivity,tau0,101,367,0.34254029396658775
nicholson,with_sensitivity,tau0,102,375,0.08891065757592531
nicholson,with_sensitivity,tau0,103,385,0.12866815176302676
nicholson,with_sensitivity,tau0,104,388,0.31386455442632505
nicholson,with_sensitivity,tau0,105,389,0.20633480964145298
nicholson,with_sensitivity,tau0,106,407,0.060846947954772836
nicholson,with_sensitivity,tau0,107,410,0.10608352444019045
nicholson,with_sensitivity,tau0,108,411,0.05924533410956905
nicholson,with_sensitivity,tau0,109,415,0.11483780844854607
nicholson,with_sensitivity,tau0,110,418,0.21230948660419188
nicholson,with_sensitivity,tau0,111,420,0.1405277614950841
nicholson,with_sensitivity,tau0,112,428,0.08039917392049666
nicholson,with_sensitivity,tau0,113,429,0.33217195251331455
nicholson,with_sensitivity,tau0,114,444,0.123544790488483
nicholson,with_sensitivity,tau0,115,448,0.1697797977073868
nicholson,with_sensitivity,tau0,116,453,0.22687014505068526
nicholson,with_sensitivity,tau0,117,457,0.19231436959162748
nicholson,with_sensitivity,tau0,118,462,0.32670297038422147
nicholson,with_sensitivity,tau0,119,464,0.11885145235882423
nicholson,with_sensitivity,tau0,120,467,0.12928061030623353
nicholson,with_sensitivity,tau0,121,475,0.37420406134710515
nicholson,with_sensitivity,tau0,122,477,0.07807243135143332
nicholson,with_sensitivity,tau0,123,479,0.4801224907246214
nicholson,with_sensitivity,tau0,124,484,0.131884945744873
nicholson,with_sensitivity,tau0,125,486,0.09255066163465926
nicholson,with_sensitivity,tau0,126,487,0.04331903272462213
nicholson,with_sensitivity,tau0,127,494,0.11776929569483639
nicholson,with_sensitivity,tau0,128,505,0.3440129794555024
nicholson,with_sensitivity,tau0,129,509,0.07721848429977324
nicholson,with_sensitivity,tau0,130,510,0.08790414752965048
nicholson,with_sensitivity,tau0,131,511,0.18314521377266665
nicholson,with_sensitivity,tau0,132,526,0.1226102385383504
nicholson,with_sensitivity,tau0,133,527,0.8021971506874973
nicholson,with_sensitivity,tau0,134,530,0.04864809855814595
nicholson,with_sensitivity,tau0,135,531,0.2222730733062282
nicholson,with_sensitivity,tau0,136,532,0.06780807718330477
nicholson,with_sensitivity,tau0,137,535,0.09888773396736471
nicholson,with_sensitivity,tau0,138,551,0.08665502413782743
nicholson,with_sensitivity,tau0,139,558,0.28945971755218397
nicholson,with_sensitivity,tau0,140,560,0.3027046204131996
nicholson,with_sensitivity,tau0,141,564,0.07125863259652798
nicholson,with_sensitivity,tau0,142,567,0.19743086529648293
nicholson,with_sensitivity,tau0,143,568,0.08376251574266966
nicholson,with_sensitivity,tau0,144,570,0.29390292716236943
nicholson,with_sensitivity,tau0,145,573,0.1591390490556995
nicholson,with_sensitivity,tau0,146,580,0.4809900347299995
nicholson,with_sensitivity,tau0,147,589,0.08115845308296357
nicholson,with_sensitivity,tau0,148,596,0.11508817469700938
nicholson,with_sensitivity,tau0,149,597,0.36030401570417775
nicholson,with_sensitivity,tau0,150,599,0.14166010403797802
nicholson,with_sensitivity,tau0,151,605,0.10615716769672744
nicholson,with_sensitivity,tau0,152,610,0.06598970449306406
nicholson,with_sensitivity,tau0,153,614,0.12600449770517297
nicholson,with_sensitivity,tau0,154,615,0.10012018807914212
nicholson,with_sensitivity,tau0,155,616,0.36739176248980177
nicholson,with_sensitivity,tau0,156,618,0.10147716164546876
nicholson,with_sensitivity,tau0,157,621,0.2753222178742597
nicholson,with_sensitivity,tau0,158,624,0.06997350251215677
nicholson,with_sensitivity,tau0,159,631,0.04083376393060019
nicholson,with_sensitivity,tau0,160,637,0.04613581304722154
nicholson,with_sensitivity,tau0,161,640,0.10640316921405793
nicholson,with_sensitivity,tau0,162,646,0.08192959913655155
nicholson,with_sensitivity,tau0,163,654,0.08175590933048253
nicholson,with_sensitivity,tau0,164,661,0.21292789351790525
nicholson,with_sensitivity,tau0,165,664,0.06012474455099167
nicholson,with_sensitivity,tau0,166,667,0.0828129060091352
nicholson,with_sensitivity,tau0,167,674,0.07160342472328077
nicholson,with_sensitivity,tau0,168,688,0.04045814462783386
nicholson,with_sensitivity,tau0,169,696,0.06917295280014256
nicholson,with_sensitivity,tau0,170,702,0.061938359963362166
nicholson,with_sensitivity,tau0,171,707,0.24154921905305637
nicholson,with_sensitivity,tau0,172,709,0.26540090133010336
nicholson,with_sensitivity,tau0,173,710,0.07931917770684709
nicholson,with_sensitivity,tau0,174,718,0.25029263017045894
nicholson,with_sensitivity,tau0,175,721,0.06821475459519664
nicholson,with_sensitivity,tau0,176,724,0.1911118568578192
nicholson,with_sensitivity,tau0,177,733,0.20195278401625888
nicholson,with_sensitivity,tau0,178,735,0.2404743938366435
nicholson,with_sensitivity,tau0,179,746,0.12246439422647874
nicholson,with_sensitivity,tau0,180,748,0.0860113702571729
nicholson,with_sensitivity,tau0,181,751,0.2069741719854925
nicholson,with_sensitivity,tau0,182,752,0.10920653070663708
nicholson,with_sensitivity,tau0,183,759,0.04852207012145796
nicholson,with_sensitivity,tau0,184,760,0.3482392876206164
nicholson,with_sensitivity,tau0,185,769,0.06804434669890806
nicholson,with_sensitivity,tau0,186,773,0.17524188045870492
nicholson,with_sensitivity,tau0,187,774,0.42514994726712907
nicholson,with_sensitivity,tau0,188,775,0.3282221646475209
nicholson,with_sensitivity,tau0,189,776,0.07128025417031279
nicholson,with_sensitivity,tau0,190,777,0.06481762632213445
nicholson,with_sensitivity,tau0,191,778,0.04458201401793047
nicholson,with_sensitivity,tau0,192,779,0.0792193963245339
nicholson,with_sensitivity,tau0,193,780,0.21262856602396343
nicholson,with_sensitivity,tau0,194,782,0.20956236037515744
nicholson,with_sensitivity,tau0,195,789,0.2378915712947296
nicholson,with_sensitivity,tau0,196,795,0.0974374324334863
nicholson,with_sensitivity,tau0,197,799,0.15323659574464793
nicholson,with_sensitivity,tau0,198,801,0.07282213251070913
nicholson,with_sensitivity,tau0,199,802,0.05029283320561994
nicholson,with_sensitivity,tau0,200,805,0.42273451925755384
nicholson,with_sensitivity,tau0,201,807,0.4855813060495283
nicholson,with_sensitivity,tau0,202,808,0.10503788783946431
nicholson,with_sensitivity,tau0,203,811,0.29312754227420446
nicholson,with_sensitivity,tau0,204,813,0.4999751305278877
nicholson,with_sensitivity,tau0,205,814,0.08724030936138841
nicholson,with_sensitivity,tau0,206,829,0.37557593285752044
nicholson,with_sensitivity,tau0,207,834,0.08606830211518411
nicholson,with_sensitivity,tau0,208,836,0.46145682637861335
nicholson,with_sensitivity,tau0,209,837,0.22506356437395672
nicholson,with_sensitivity,tau0,210,838,0.10521560956686463
nicholson,with_sensitivity,tau0,211,840,0.32704463665822203
nicholson,with_sensitivity,tau0,212,842,0.2653676289326466
nicholson,with_sensitivity,tau0,213,843,0.1753891315066397
nicholson,with_sensitivity,tau0,214,844,0.1390177287186452
nicholson,with_sensitivity,tau0,215,852,0.10722881553330696
nicholson,with_sensitivity,tau0,216,857,0.03877047846856767
nicholson,with_sensitivity,tau0,217,858,0.1512838711744385
nicholson,with_sensitivity,tau0,218,860,0.08607019372094069
nicholson,with_sensitivity,tau0,219,865,0.11208828530145207
nicholson,with_sensitivity,tau0,220,866,0.08145755938996262
nicholson,with_sensitivity,tau0,221,876,0.05196538118611377
nicholson,with_sensitivity,tau0,222,882,0.21809883634486973
nicholson,with_sensitivity,tau0,223,883,0.05937304649301912
nicholson,with_sensitivity,tau0,224,885,0.19007132922152123
nicholson,with_sensitivity,tau0,225,886,0.04745551756810462
nicholson,with_sensitivity,tau0,226,888,0.26243118077715816
nicholson,with_sensitivity,tau0,227,889,0.2562809854626059
nicholson,with_sensitivity,tau0,228,891,0.21158304659514915
nicholson,with_sensitivity,tau0,229,901,0.2536839863794409
nicholson,with_sensitivity,tau0,230,904,0.09190661615312762
nicholson,with_sensitivity,tau0,231,907,0.048648249730821276
nicholson,with_sensitivity,tau0,232,908,0.380252729096078
nicholson,with_sensitivity,tau0,233,913,0.22689679936134108
nicholson,with_sensitivity,tau0,234,915,0.3253930946822389
nicholson,with_sensitivity,tau0,235,925,0.33956618950301903
nicholson,with_sensitivity,tau0,236,932,0.7089597925347209
nicholson,with_sensitivity,tau0,237,940,0.15241215070398637
nicholson,with_sensitivity,tau0,238,943,0.1614643064168775
nicholson,with_sensitivity,tau0,239,945,0.43382783841617995
nicholson,with_sensitivity,tau0,240,947,0.18755341889989946
nicholson,with_sensitivity,tau0,241,948,0.061580479241338734
nicholson,with_sensitivity,tau0,242,953,0.2976896238619198
nicholson,with_sensitivity,tau0,243,957,0.048301568995427965
nicholson,with_sensitivity,tau0,244,961,0.3436948141621861
nicholson,with_sensitivity,tau0,245,963,0.08989609976245495
nicholson,with_sensitivity,tau0,246,965,0.12620145802759872
nicholson,with_sensitivity,tau0,247,968,0.13545073131121785
nicholson,with_sensitivity,tau0,248,973,0.10540188964761385
nicholson,with_sensitivity,tau0,249,977,0.2560181398334779
nicholson,with_sensitivity,tau0,250,979,0.0602674523816505
nicholson,with_sensitivity,tau0,251,985,0.38159559862546794
nicholson,with_sensitivity,tau0,252,986,0.3049408358382839
nicholson,with_sensitivity,tau0,253,987,0.2806850988801924
nicholson,with_sensitivity,tau0,254,990,0.12339882787545141
nicholson,with_sensitivity,tau0,255,1002,0.061253798316422615
nicholson,with_sensitivity,tau0,256,1007,0.03120409010235559
nicholson,with_sensitivity,tau0,257,1011,0.38895463000585195
nicholson,with_sensitivity,tau0,258,1013,0.07181372183498111
nicholson,with_sensitivity,tau0,259,1014,0.18946384574502056
nicholson,with_sensitivity,tau0,260,1017,0.1423261099096281
nicholson,with_sensitivity,tau0,261,1018,0.14046865808979586
nicholson,with_sensitivity,tau0,262,1019,0.24952803245433183
nicholson,with_sensitivity,tau0,263,1026,0.11152968756353722
nicholson,with_sensitivity,tau0,264,1027,0.43267777434267213
nicholson,with_sensitivity,tau0,265,1032,0.08801308785462879
nicholson,with_sensitivity,tau0,266,1034,0.22056837401505852
nicholson,with_sensitivity,tau0,267,1035,0.09062297257705984
nicholson,with_sensitivity,tau0,268,1037,0.09446507975486498
nicholson,with_sensitivity,tau0,269,1038,0.044632079413658134
nicholson,with_sensitivity,tau0,270,1040,0.37594861432745347
nicholson,with_sensitivity,tau0,271,1043,0.45633698967128516
nicholson,with_sensitivity,tau0,272,1045,0.24708177330119355
nicholson,with_sensitivity,tau0,273,1054,0.05465603251954368
nicholson,with_sensitivity,tau0,274,1055,0.2268512658311913
nicholson,with_sensitivity,tau0,275,1057,0.3550329404378524
nicholson,with_sensitivity,tau0,276,1059,0.17704213258864637
nicholson,with_sensitivity,tau0,277,1070,0.22748364325079573
nicholson,with_sensitivity,tau0,278,1076,0.5067561609146252
nicholson,with_sensitivity,tau0,279,1078,0.27409381969368557
nicholson,with_sensitivity,tau0,280,1079,0.09492340096171048
nicholson,with_sensitivity,tau0,281,1080,0.10628988696501082
nicholson,with_sensitivity,tau0,282,1082,0.0765729887772131
nicholson,with_sensitivity,tau0,283,1086,0.36365323007656125
nicholson,with_sensitivity,tau0,284,1091,0.06203194511279442
nicholson,with_sensitivity,tau0,285,1095,0.5222435040356664
nicholson,with_sensitivity,tau0,286,1096,0.19474610613279583
nicholson,with_sensitivity,tau0,287,1101,0.09748357471055939
nicholson,with_sensitivity,tau0,288,1103,0.41537512785180114
nicholson,with_sensitivity,tau0,289,1105,0.14738576823548652
nicholson,with_sensitivity,tau0,290,1107,0.6326834488729908
nicholson,with_sensitivity,tau0,291,1119,0.13262109865664987
nicholson,with_sensitivity,tau0,292,1121,0.28366479806226386
nicholson,with_sensitivity,tau0,293,1123,0.089973806657882
nicholson,with_sensitivity,tau0,294,1125,0.35983266409165104
nicholson,with_sensitivity,tau0,295,1127,0.046180465182548654
nicholson,with_sensitivity,tau0,296,1141,0.08559125763292037
nicholson,with_sensitivity,tau0,297,1151,0.043615870196380864
nicholson,with_sensitivity,tau0,298,1154,0.06353849058962566
nicholson,with_sensitivity,tau0,299,1155,0.10452906161275248
nicholson,with_sensitivity,tau0,300,1156,0.05053949461418453
nicholson,with_sensitivity,tau0,301,1158,0.24793793498762612
nicholson,with_sensitivity,tau0,302,1159,0.1193712283598094
nicholson,with_sensitivity,tau0,303,1161,0.17395986775061528
nicholson,with_sensitivity,tau0,304,1162,0.07001290236949473
nicholson,with_sensitivity,tau0,305,1164,0.04636356430498994
nicholson,with_sensitivity,tau0,306,1165,0.04579050739997075
nicholson,with_sensitivity,tau0,307,1167,0.21690503703442232
nicholson,with_sensitivity,tau0,308,1174,0.04769912917125541
nicholson,with_sensitivity,tau0,309,1175,0.06259410586996061
nicholson,with_sensitivity,tau0,310,1180,0.19095630663262403
nicholson,with_sensitivity,tau0,311,1185,0.04089658850841252
nicholson,with_sensitivity,tau0,312,1186,0.07460707556327907
nicholson,with_sensitivity,tau0,313,1192,0.06557005480296661
nicholson,with_sensitivity,tau0,314,1196,0.0763844666095213
nicholson,with_sensitivity,tau0,315,1198,0.04337528408304839
nicholson,with_sensitivity,tau0,316,1200,0.08311618819616212
nicholson,with_sensitivity,tau0,317,1206,0.16050410463346937
nicholson,with_sensitivity,tau0,318,1207,0.08106963613502167
nicholson,with_sensitivity,tau0,319,1208,0.28891164455160967
nicholson,with_sensitivity,tau0,320,1209,0.9889385623817617
nicholson,with_sensitivity,tau0,321,1214,0.3560685117811377
nicholson,with_sensitivity,tau0,322,1229,0.050866222584041346
nicholson,with_sensitivity,tau0,323,1233,0.3686942457464373
nicholson,with_sensitivity,tau0,324,1238,0.3626183117227885
nicholson,with_sensitivity,tau0,325,1239,0.08037137497906816
nicholson,with_sensitivity,tau0,326,1243,0.19697149976678235
nicholson,with_sensitivity,tau0,327,1244,0.4889837456381889
nicholson,with_sensitivity,tau0,328,1245,0.24437567667800883
nicholson,with_sensitivity,tau0,329,1247,0.132866547535503
nicholson,with_sensitivity,tau0,330,1249,0.09963585972212306
nicholson,with_sensitivity,tau0,331,1254,0.19254513208709953
nicholson,with_sensitivity,tau0,332,1256,0.0896566235822143
nicholson,with_sensitivity,tau0,333,1260,0.19224986187308873
nicholson,with_sensitivity,tau0,334,1261,0.07388971200996862
nicholson,with_sensitivity,tau0,335,1268,0.3708744866673163
nicholson,with_sensitivity,tau0,336,1271,0.26996496771410494
nicholson,with_sensitivity,tau0,337,1272,0.12402881436057948
nicholson,with_sensitivity,tau0,338,1277,0.07304774132557482
nicholson,with_sensitivity,tau0,339,1279,0.30670725602639315
nicholson,with_sensitivity,tau0,340,1282,0.06545595624163546
nicholson,with_sensitivity,tau0,341,1286,0.25772292123054386
nicholson,with_sensitivity,tau0,342,1288,0.329044234627857
nicholson,with_sensitivity,tau0,343,1291,0.348912413742304
nicholson,with_sensitivity,tau0,344,1292,0.07020353174128674
nicholson,with_sensitivity,tau0,345,1300,0.08153523488323054
nicholson,with_sensitivity,tau0,346,1302,0.6669892959016298
nicholson,with_sensitivity,tau0,347,1308,0.3242627970454468
nicholson,with_sensitivity,tau0,348,1311,0.12938692955374775
nicholson,with_sensitivity,tau0,349,1319,0.06137963065434827
nicholson,with_sensitivity,tau0,350,1321,0.3613454189985031
nicholson,with_sensitivity,tau0,351,1325,0.0953890408468872
nicholson,with_sensitivity,tau0,352,1333,0.1408396157345608
nicholson,with_sensitivity,tau0,353,1335,0.08676623132651491
nicholson,with_sensitivity,tau0,354,1336,0.45741549468422477
nicholson,with_sensitivity,tau0,355,1341,0.07668023190732086
nicholson,with_sensitivity,tau0,356,1343,0.2121572159151705
nicholson,with_sensitivity,tau0,357,1359,0.2527965030543242
nicholson,with_sensitivity,tau0,358,1360,0.3448305576691356
nicholson,with_sensitivity,tau0,359,1365,0.3247108451639474
nicholson,with_sensitivity,tau0,360,1371,0.11329235071765509
nicholson,with_sensitivity,tau0,361,1374,0.19765549124813647
nicholson,with_sensitivity,tau0,362,1377,0.1796847785637847
nicholson,with_sensitivity,tau0,363,1378,0.12099704766015315
nicholson,with_sensitivity,tau0,364,1383,0.05414513139043962
nicholson,with_sensitivity,tau0,365,1385,0.3263128330332816
nicholson,with_sensitivity,tau0,366,1390,0.1186411561508107
nicholson,with_sensitivity,tau0,367,1393,0.3536711380032774
nicholson,with_sensitivity,tau0,368,1394,0.3298583684614591
nicholson,with_sensitivity,tau0,369,1395,0.06792204168910906
nicholson,with_sensitivity,tau0,370,1402,0.31537558191841525
nicholson,with_sensitivity,tau0,371,1403,0.10647502296054068
nicholson,with_sensitivity,tau0,372,1404,0.12738361063929993
nicholson,with_sensitivity,tau0,373,1407,0.09207949495115292
nicholson,with_sensitivity,tau0,374,1414,0.09278735414213587
nicholson,with_sensitivity,tau0,375,1416,0.3169910338708892
nicholson,with_sensitivity,tau0,376,1421,0.2525076137859752
nicholson,with_sensitivity,tau0,377,1423,0.39513685552786726
nicholson,with_sensitivity,tau0,378,1428,0.14816229557938027
nicholson,with_sensitivity,tau0,379,1431,0.06348424667506136
nicholson,with_sensitivity,tau0,380,1432,0.339774225638547
nicholson,with_sensitivity,tau0,381,1435,0.09405030608790513
nicholson,with_sensitivity,tau0,382,1440,0.049518145946687915
nicholson,with_sensitivity,tau0,383,1443,0.03710797436087787
nicholson,with_sensitivity,tau0,384,1461,0.24832364271981347
nicholson,with_sensitivity,tau0,385,1474,0.06765739320182633
nicholson,with_sensitivity,tau0,386,1475,0.1462931636057731
nicholson,with_sensitivity,tau0,387,1479,0.05384854326161508
nicholson,with_sensitivity,tau0,388,1483,0.2485742019045301
nicholson,with_sensitivity,tau0,389,1487,0.034488178635178675
nicholson,with_sensitivity,tau0,390,1488,0.057454944188511124
nicholson,with_sensitivity,tau0,391,1493,0.4844974559475905
nicholson,with_sensitivity,tau0,392,1494,0.19483557853804562
nicholson,with_sensitivity,tau0,393,1498,0.06639371055099942
nicholson,with_sensitivity,tau0,394,1503,0.19282861947915675
nicholson,with_sensitivity,tau0,395,1514,0.06232580169519049
nicholson,with_sensitivity,tau0,396,1518,0.08838813384149269
nicholson,with_sensitivity,tau0,397,1523,0.1720701458000283
nicholson,with_sensitivity,tau0,398,1539,0.35084742025112053
nicholson,with_sensitivity,tau0,399,1558,0.3542498720522557
nicholson,with_sensitivity,tau0,400,1559,0.12616693001091853
nicholson,with_sensitivity,tau0,401,1562,0.2652059485546774
nicholson,with_sensitivity,tau0,402,1567,0.08622087237000634
nicholson,with_sensitivity,tau0,403,1571,0.11352749569867998
nicholson,with_sensitivity,tau0,404,1573,0.05807809320509355
nicholson,with_sensitivity,tau0,405,1574,0.13410858454776958
nicholson,with_sensitivity,tau0,406,1576,0.05976849233161553
nicholson,with_sensitivity,tau0,407,1579,0.05039480452240238
nicholson,with_sensitivity,tau0,408,1584,0.06272578206037675
nicholson,with_sensitivity,tau0,409,1586,0.03489824706212766
nicholson,with_sensitivity,tau0,410,1589,0.060923668242881444
nicholson,with_sensitivity,tau0,411,1591,0.19366836678780666
nicholson,with_sensitivity,tau0,412,1594,0.08011455079368714
nicholson,with_sensitivity,tau0,413,1597,0.27728611824007726
nicholson,with_sensitivity,tau0,414,1613,0.35211591863396124
nicholson,with_sensitivity,tau0,415,1615,0.10414115729725035
nicholson,with_sensitivity,tau0,416,1616,0.34952202703693785
nicholson,with_sensitivity,tau0,417,1618,0.058690449863815754
nicholson,with_sensitivity,tau0,418,1619,0.12284715947980121
nicholson,with_sensitivity,tau0,419,1622,0.4705953622734161
nicholson,with_sensitivity,tau0,420,1625,0.23904364501016437
nicholson,with_sensitivity,tau0,421,1627,0.11737818863698107
nicholson,with_sensitivity,tau0,422,1631,0.19786633230503836
nicholson,with_sensitivity,tau0,423,1634,0.07458201572894163
nicholson,with_sensitivity,tau0,424,1638,0.3506844590753131
nicholson,with_sensitivity,tau0,425,1648,0.1770127129088264
nicholson,with_sensitivity,tau0,426,1668,0.04964935746021798
nicholson,with_sensitivity,tau0,427,1676,0.5321464388522397
nicholson,with_sensitivity,tau0,428,1689,0.06552189382833935
nicholson,with_sensitivity,tau0,429,1698,0.10382562456717993
nicholson,with_sensitivity,tau0,430,1709,0.07291963313737022
nicholson,with_sensitivity,tau0,431,1711,0.05872220753859115
nicholson,with_sensitivity,tau0,432,1712,0.12912095748309027
nicholson,with_sensitivity,tau0,433,1713,0.053395459927964184
nicholson,with_sensitivity,tau0,434,1714,0.08865699284279403
nicholson,with_sensitivity,tau0,435,1715,0.18831327031971928
nicholson,with_sensitivity,tau0,436,1717,0.06999619206750639
nicholson,with_sensitivity,tau0,437,1718,0.1390733771387011
nicholson,with_sensitivity,tau0,438,1723,0.30879365061521524
nicholson,with_sensitivity,tau0,439,1729,0.28371415244355763
nicholson,with_sensitivity,tau0,440,1730,0.09190906300017304
nicholson,with_sensitivity,tau0,441,1733,0.3914458243028243
nicholson,with_sensitivity,tau0,442,1734,0.31382889103245065
nicholson,with_sensitivity,tau0,443,1736,0.07914714842311549
nicholson,with_sensitivity,tau0,444,1737,0.19755790195206568
nicholson,with_sensitivity,tau0,445,1739,0.46031056287934485
nicholson,with_sensitivity,tau0,446,1748,0.09643782915453576
nicholson,with_sensitivity,tau0,447,1762,0.22167501995404512
nicholson,with_sensitivity,tau0,448,1764,0.48831457571656073
nicholson,with_sensitivity,tau0,449,1765,0.1147877846979781
nicholson,with_sensitivity,tau0,450,1767,0.053517395268058605
nicholson,with_sensitivity,tau0,451,1771,0.1395676158636106
nicholson,with_sensitivity,tau0,452,1780,0.23969180490373845
nicholson,with_sensitivity,tau0,453,1783,0.06034878088076255
nicholson,with_sensitivity,tau0,454,1788,0.14784734281601897
nicholson,with_sensitivity,tau0,455,1790,0.08270035336899616
nicholson,with_sensitivity,tau0,456,1793,0.14348420735019096
nicholson,with_sensitivity,tau0,457,1797,0.06202332180194416
nicholson,with_sensitivity,tau0,458,1803,0.19223000825616016
nicholson,with_sensitivity,tau0,459,1817,0.08455078564988146
nicholson,with_sensitivity,tau0,460,1820,0.3305082459433814
nicholson,with_sensitivity,tau0,461,1824,0.13639944442957647
nicholson,with_sensitivity,tau0,462,1829,0.3165701425234578
nicholson,with_sensitivity,tau0,463,1830,0.044232023517567054
nicholson,with_sensitivity,tau0,464,1835,0.09284474488206171
nicholson,with_sensitivity,tau0,465,1838,0.40280280312453987
nicholson,with_sensitivity,tau0,466,1839,0.20843685074989232
nicholson,with_sensitivity,tau0,467,1845,0.0789368014933356
nicholson,with_sensitivity,tau0,468,1849,0.06575022970403128
nicholson,with_sensitivity,tau0,469,1853,0.03535511373033941
nicholson,with_sensitivity,tau0,470,1855,0.133564511954187
nicholson,with_sensitivity,tau0,471,1857,0.1137853713247837
nicholson,with_sensitivity,tau0,472,1863,0.33063699795519697
nicholson,with_sensitivity,tau0,473,1864,0.7021399275918221
nicholson,with_sensitivity,tau0,474,1865,0.06572687160246117
nicholson,with_sensitivity,tau0,475,1867,0.0722382707431622
nicholson,with_sensitivity,tau0,476,1878,0.06602808456250556
nicholson,with_sensitivity,tau0,477,1884,0.37005276942378823
nicholson,with_sensitivity,tau0,478,1885,0.3408762620118133
nicholson,with_sensitivity,tau0,479,1889,0.399420079820371
nicholson,with_sensitivity,tau0,480,1895,0.15851405344152336
nicholson,with_sensitivity,tau0,481,1897,0.20489251574057551
nicholson,with_sensitivity,tau0,482,1899,0.27467509146587815
nicholson,with_sensitivity,tau0,483,1900,0.21105400314835202
nicholson,with_sensitivity,tau0,484,1907,0.4095990616080121
nicholson,with_sensitivity,tau0,485,1912,0.5616464128025878
nicholson,with_sensitivity,tau0,486,1913,0.062413231258363414
nicholson,with_sensitivity,tau0,487,1916,0.15615731356332013
nicholson,with_sensitivity,tau0,488,1917,0.18056818795743973
nicholson,with_sensitivity,tau0,489,1922,0.22001035308114755
nicholson,with_sensitivity,tau0,490,1931,0.06353820508207936
nicholson,with_sensitivity,tau0,491,1949,0.265068333461452
nicholson,with_sensitivity,tau0,492,1951,0.7654644297671003
nicholson,with_sensitivity,tau0,493,1954,0.29824786960539995
nicholson,with_sensitivity,tau0,494,1955,0.26947674064270144
nicholson,with_sensitivity,tau0,495,1959,0.048137890569603964
nicholson,with_sensitivity,tau0,496,1960,0.2923776025908958
nicholson,with_sensitivity,tau0,497,1961,0.38465082874949386
nicholson,with_sensitivity,tau0,498,1966,0.0834012881373859
nicholson,with_sensitivity,tau0,499,1974,0.2910657526211635
nicholson,with_sensitivity,tau0,500,1976,0.06547791239015135
nicholson,with_sensitivity,tau0,501,1980,0.07999838016565577
nicholson,with_sensitivity,tau0,502,1990,0.07248962747553005
nicholson,with_sensitivity,tau0,503,1991,0.15453536929016526
nicholson,with_sensitivity,tau0,504,2009,0.2567490576557347
nicholson,with_sensitivity,tau0,505,2012,0.18025168351558363
nicholson,with_sensitivity,tau0,506,2015,0.3420470123025109
nicholson,with_sensitivity,tau0,507,2021,0.08384174785617358
nicholson,with_sensitivity,tau0,508,2022,0.16317633059297024
nicholson,with_sensitivity,tau0,509,2025,0.24402604066416575
nicholson,with_sensitivity,tau0,510,2032,0.3642335190097805
nicholson,with_sensitivity,tau0,511,2037,0.23663242010799007
